Godot Engine v4.7.stable.official.5b4e0cb0f - https://godotengine.org
OpenGL API 3.3.0 NVIDIA 561.09 - Compatibility - Using Device: NVIDIA - NVIDIA GeForce GTX 1650

CellCatalog: загружено 5 клеток (тест Ла-Корунья)
  lacoruna_0 (Ла-Корунья — клетка 1): 3030.0 км², area_factor=1.74, settlement_factor=1.00, rural_capacity=144069
  lacoruna_1 (Ла-Корунья — клетка 2): 1083.5 км², area_factor=1.04, settlement_factor=1.00, rural_capacity=79258
  lacoruna_2 (Ла-Корунья — клетка 3): 747.2 км², area_factor=0.86, settlement_factor=0.75, rural_capacity=20497
  lacoruna_3 (Ла-Корунья — клетка 4): 1661.1 км², area_factor=1.29, settlement_factor=0.75, rural_capacity=22783
  lacoruna_4 (Ла-Корунья — клетка 5): 361.6 км², area_factor=0.60, settlement_factor=1.00, rural_capacity=661
WARNING: Loaded resource as image file, this will not work on export: 'res://assets/generated/sea_depth_raw_test_region.png'. Instead, import the image file as an Image resource and load it normally as a resource.
   at: load (core/io/image.cpp:2770)
   GDScript backtrace (most recent call first):
       [0] _setup_depth (res://scripts/SeaZonesLayer.gd:103)
       [1] setup (res://scripts/SeaZonesLayer.gd:53)
       [2] _ready (res://scripts/TileMapViewer.gd:1007)
WARNING: Loaded resource as image file, this will not work on export: 'res://assets/generated/sea_depth_west_europe_tiles/tile_0_0.png'. Instead, import the image file as an Image resource and load it normally as a resource.
   at: load (core/io/image.cpp:2770)
   GDScript backtrace (most recent call first):
       [0] _load_depth_sprites (res://scripts/TileMapViewer.gd:1336)
       [1] _setup_ocean_v_depth_shallow (res://scripts/TileMapViewer.gd:1402)
       [2] _ready (res://scripts/TileMapViewer.gd:1031)
WARNING: Loaded resource as image file, this will not work on export: 'res://assets/generated/sea_depth_west_europe_tiles/tile_0_1.png'. Instead, import the image file as an Image resource and load it normally as a resource.
   at: load (core/io/image.cpp:2770)
   GDScript backtrace (most recent call first):
       [0] _load_depth_sprites (res://scripts/TileMapViewer.gd:1336)
       [1] _setup_ocean_v_depth_shallow (res://scripts/TileMapViewer.gd:1402)
       [2] _ready (res://scripts/TileMapViewer.gd:1031)
WARNING: Loaded resource as image file, this will not work on export: 'res://assets/generated/sea_depth_west_europe_tiles/tile_0_2.png'. Instead, import the image file as an Image resource and load it normally as a resource.
   at: load (core/io/image.cpp:2770)
   GDScript backtrace (most recent call first):
       [0] _load_depth_sprites (res://scripts/TileMapViewer.gd:1336)
       [1] _setup_ocean_v_depth_shallow (res://scripts/TileMapViewer.gd:1402)
       [2] _ready (res://scripts/TileMapViewer.gd:1031)
WARNING: Loaded resource as image file, this will not work on export: 'res://assets/generated/sea_depth_west_europe_tiles/tile_1_0.png'. Instead, import the image file as an Image resource and load it normally as a resource.
   at: load (core/io/image.cpp:2770)
   GDScript backtrace (most recent call first):
       [0] _load_depth_sprites (res://scripts/TileMapViewer.gd:1336)
       [1] _setup_ocean_v_depth_shallow (res://scripts/TileMapViewer.gd:1402)
       [2] _ready (res://scripts/TileMapViewer.gd:1031)
WARNING: Loaded resource as image file, this will not work on export: 'res://assets/generated/sea_depth_west_europe_tiles/tile_1_1.png'. Instead, import the image file as an Image resource and load it normally as a resource.
   at: load (core/io/image.cpp:2770)
   GDScript backtrace (most recent call first):
       [0] _load_depth_sprites (res://scripts/TileMapViewer.gd:1336)
       [1] _setup_ocean_v_depth_shallow (res://scripts/TileMapViewer.gd:1402)
       [2] _ready (res://scripts/TileMapViewer.gd:1031)
WARNING: Loaded resource as image file, this will not work on export: 'res://assets/generated/sea_depth_west_europe_tiles/tile_1_2.png'. Instead, import the image file as an Image resource and load it normally as a resource.
   at: load (core/io/image.cpp:2770)
   GDScript backtrace (most recent call first):
       [0] _load_depth_sprites (res://scripts/TileMapViewer.gd:1336)
       [1] _setup_ocean_v_depth_shallow (res://scripts/TileMapViewer.gd:1402)
       [2] _ready (res://scripts/TileMapViewer.gd:1031)
WARNING: Loaded resource as image file, this will not work on export: 'res://assets/generated/sea_depth_west_europe_tiles/tile_2_0.png'. Instead, import the image file as an Image resource and load it normally as a resource.
   at: load (core/io/image.cpp:2770)
   GDScript backtrace (most recent call first):
       [0] _load_depth_sprites (res://scripts/TileMapViewer.gd:1336)
       [1] _setup_ocean_v_depth_shallow (res://scripts/TileMapViewer.gd:1402)
       [2] _ready (res://scripts/TileMapViewer.gd:1031)
WARNING: Loaded resource as image file, this will not work on export: 'res://assets/generated/sea_depth_west_europe_tiles/tile_2_1.png'. Instead, import the image file as an Image resource and load it normally as a resource.
   at: load (core/io/image.cpp:2770)
   GDScript backtrace (most recent call first):
       [0] _load_depth_sprites (res://scripts/TileMapViewer.gd:1336)
       [1] _setup_ocean_v_depth_shallow (res://scripts/TileMapViewer.gd:1402)
       [2] _ready (res://scripts/TileMapViewer.gd:1031)
WARNING: Loaded resource as image file, this will not work on export: 'res://assets/generated/sea_depth_west_europe_tiles/tile_2_2.png'. Instead, import the image file as an Image resource and load it normally as a resource.
   at: load (core/io/image.cpp:2770)
   GDScript backtrace (most recent call first):
       [0] _load_depth_sprites (res://scripts/TileMapViewer.gd:1336)
       [1] _setup_ocean_v_depth_shallow (res://scripts/TileMapViewer.gd:1402)
       [2] _ready (res://scripts/TileMapViewer.gd:1031)
WARNING: Loaded resource as image file, this will not work on export: 'res://assets/generated/sea_depth_mariana_trench.png'. Instead, import the image file as an Image resource and load it normally as a resource.
   at: load (core/io/image.cpp:2770)
   GDScript backtrace (most recent call first):
       [0] _load_depth_sprites (res://scripts/TileMapViewer.gd:1358)
       [1] _setup_ocean_v_depth_shallow (res://scripts/TileMapViewer.gd:1423)
       [2] _ready (res://scripts/TileMapViewer.gd:1031)
WARNING: Loaded resource as image file, this will not work on export: 'res://assets/generated/coast_distance_field_west_europe_tiles/tile_0_0.png'. Instead, import the image file as an Image resource and load it normally as a resource.
   at: load (core/io/image.cpp:2770)
   GDScript backtrace (most recent call first):
       [0] _load_shallow_water_sprites (res://scripts/TileMapViewer.gd:1269)
       [1] _setup_ocean_v_depth_shallow (res://scripts/TileMapViewer.gd:1436)
       [2] _ready (res://scripts/TileMapViewer.gd:1031)
WARNING: Loaded resource as image file, this will not work on export: 'res://assets/generated/coast_distance_field_west_europe_tiles/tile_0_1.png'. Instead, import the image file as an Image resource and load it normally as a resource.
   at: load (core/io/image.cpp:2770)
   GDScript backtrace (most recent call first):
       [0] _load_shallow_water_sprites (res://scripts/TileMapViewer.gd:1269)
       [1] _setup_ocean_v_depth_shallow (res://scripts/TileMapViewer.gd:1436)
       [2] _ready (res://scripts/TileMapViewer.gd:1031)
WARNING: Loaded resource as image file, this will not work on export: 'res://assets/generated/coast_distance_field_west_europe_tiles/tile_0_2.png'. Instead, import the image file as an Image resource and load it normally as a resource.
   at: load (core/io/image.cpp:2770)
   GDScript backtrace (most recent call first):
       [0] _load_shallow_water_sprites (res://scripts/TileMapViewer.gd:1269)
       [1] _setup_ocean_v_depth_shallow (res://scripts/TileMapViewer.gd:1436)
       [2] _ready (res://scripts/TileMapViewer.gd:1031)
WARNING: Loaded resource as image file, this will not work on export: 'res://assets/generated/coast_distance_field_west_europe_tiles/tile_1_0.png'. Instead, import the image file as an Image resource and load it normally as a resource.
   at: load (core/io/image.cpp:2770)
   GDScript backtrace (most recent call first):
       [0] _load_shallow_water_sprites (res://scripts/TileMapViewer.gd:1269)
       [1] _setup_ocean_v_depth_shallow (res://scripts/TileMapViewer.gd:1436)
       [2] _ready (res://scripts/TileMapViewer.gd:1031)
WARNING: Loaded resource as image file, this will not work on export: 'res://assets/generated/coast_distance_field_west_europe_tiles/tile_1_1.png'. Instead, import the image file as an Image resource and load it normally as a resource.
   at: load (core/io/image.cpp:2770)
   GDScript backtrace (most recent call first):
       [0] _load_shallow_water_sprites (res://scripts/TileMapViewer.gd:1269)
       [1] _setup_ocean_v_depth_shallow (res://scripts/TileMapViewer.gd:1436)
       [2] _ready (res://scripts/TileMapViewer.gd:1031)
WARNING: Loaded resource as image file, this will not work on export: 'res://assets/generated/coast_distance_field_west_europe_tiles/tile_1_2.png'. Instead, import the image file as an Image resource and load it normally as a resource.
   at: load (core/io/image.cpp:2770)
   GDScript backtrace (most recent call first):
       [0] _load_shallow_water_sprites (res://scripts/TileMapViewer.gd:1269)
       [1] _setup_ocean_v_depth_shallow (res://scripts/TileMapViewer.gd:1436)
       [2] _ready (res://scripts/TileMapViewer.gd:1031)
WARNING: Loaded resource as image file, this will not work on export: 'res://assets/generated/coast_distance_field_west_europe_tiles/tile_2_0.png'. Instead, import the image file as an Image resource and load it normally as a resource.
   at: load (core/io/image.cpp:2770)
   GDScript backtrace (most recent call first):
       [0] _load_shallow_water_sprites (res://scripts/TileMapViewer.gd:1269)
       [1] _setup_ocean_v_depth_shallow (res://scripts/TileMapViewer.gd:1436)
       [2] _ready (res://scripts/TileMapViewer.gd:1031)
WARNING: Loaded resource as image file, this will not work on export: 'res://assets/generated/coast_distance_field_west_europe_tiles/tile_2_1.png'. Instead, import the image file as an Image resource and load it normally as a resource.
   at: load (core/io/image.cpp:2770)
   GDScript backtrace (most recent call first):
       [0] _load_shallow_water_sprites (res://scripts/TileMapViewer.gd:1269)
       [1] _setup_ocean_v_depth_shallow (res://scripts/TileMapViewer.gd:1436)
       [2] _ready (res://scripts/TileMapViewer.gd:1031)
WARNING: Loaded resource as image file, this will not work on export: 'res://assets/generated/coast_distance_field_west_europe_tiles/tile_2_2.png'. Instead, import the image file as an Image resource and load it normally as a resource.
   at: load (core/io/image.cpp:2770)
   GDScript backtrace (most recent call first):
       [0] _load_shallow_water_sprites (res://scripts/TileMapViewer.gd:1269)
       [1] _setup_ocean_v_depth_shallow (res://scripts/TileMapViewer.gd:1436)
       [2] _ready (res://scripts/TileMapViewer.gd:1031)
WARNING: Loaded resource as image file, this will not work on export: 'res://assets/tiles_bundle/ocean_v_final/base_depth/3_2_1.png'. Instead, import the image file as an Image resource and load it normally as a resource.
   at: load (core/io/image.cpp:2770)
   GDScript backtrace (most recent call first):
       [0] _decode_in_thread (res://scripts/StreamedBakedTileProvider.gd:93)
WARNING: Loaded resource as image file, this will not work on export: 'res://assets/tiles_bundle/ocean_v_final/base_depth/3_1_1.png'. Instead, import the image file as an Image resource and load it normally as a resource.
   at: load (core/io/image.cpp:2770)
   GDScript backtrace (most recent call first):
       [0] _decode_in_thread (res://scripts/StreamedBakedTileProvider.gd:93)
WARNING: Loaded resource as image file, this will not work on export: 'res://assets/tiles_bundle/ocean_v_final/base_depth/3_0_1.png'. Instead, import the image file as an Image resource and load it normally as a resource.
   at: load (core/io/image.cpp:2770)
   GDScript backtrace (most recent call first):
       [0] _decode_in_thread (res://scripts/StreamedBakedTileProvider.gd:93)
WARNING: Loaded resource as image file, this will not work on export: 'res://assets/tiles_bundle/ocean_v_final/base_depth/3_4_1.png'. Instead, import the image file as an Image resource and load it normally as a resource.
   at: load (core/io/image.cpp:2770)
   GDScript backtrace (most recent call first):
       [0] _decode_in_thread (res://scripts/StreamedBakedTileProvider.gd:93)
WARNING: Loaded resource as image file, this will not work on export: 'res://assets/tiles_bundle/ocean_v_final/base_depth/3_3_1.png'. Instead, import the image file as an Image resource and load it normally as a resource.
   at: load (core/io/image.cpp:2770)
   GDScript backtrace (most recent call first):
       [0] _decode_in_thread (res://scripts/StreamedBakedTileProvider.gd:93)
WARNING: Loaded resource as image file, this will not work on export: 'res://assets/tiles_bundle/ocean_v_final/base_depth/3_5_1.png'. Instead, import the image file as an Image resource and load it normally as a resource.
   at: load (core/io/image.cpp:2770)
   GDScript backtrace (most recent call first):
       [0] _decode_in_thread (res://scripts/StreamedBakedTileProvider.gd:93)
WARNING: Loaded resource as image file, this will not work on export: 'res://assets/tiles_bundle/ocean_v_final/base_depth/3_6_1.png'. Instead, import the image file as an Image resource and load it normally as a resource.
   at: load (core/io/image.cpp:2770)
   GDScript backtrace (most recent call first):
       [0] _decode_in_thread (res://scripts/StreamedBakedTileProvider.gd:93)
WARNING: Loaded resource as image file, this will not work on export: 'res://assets/tiles_bundle/ocean_v_final/base_depth/3_7_1.png'. Instead, import the image file as an Image resource and load it normally as a resource.
   at: load (core/io/image.cpp:2770)
   GDScript backtrace (most recent call first):
       [0] _decode_in_thread (res://scripts/StreamedBakedTileProvider.gd:93)
WARNING: Loaded resource as image file, this will not work on export: 'res://assets/tiles_bundle/ocean_v_final/base_depth/3_0_2.png'. Instead, import the image file as an Image resource and load it normally as a resource.
   at: load (core/io/image.cpp:2770)
   GDScript backtrace (most recent call first):
       [0] _decode_in_thread (res://scripts/StreamedBakedTileProvider.gd:93)
WARNING: Loaded resource as image file, this will not work on export: 'res://assets/tiles_bundle/ocean_v_final/base_depth/3_1_2.png'. Instead, import the image file as an Image resource and load it normally as a resource.
   at: load (core/io/image.cpp:2770)
   GDScript backtrace (most recent call first):
       [0] _decode_in_thread (res://scripts/StreamedBakedTileProvider.gd:93)
WARNING: Loaded resource as image file, this will not work on export: 'res://assets/tiles_bundle/ocean_v_final/base_depth/3_2_2.png'. Instead, import the image file as an Image resource and load it normally as a resource.
   at: load (core/io/image.cpp:2770)
   GDScript backtrace (most recent call first):
       [0] _decode_in_thread (res://scripts/StreamedBakedTileProvider.gd:93)
WARNING: Loaded resource as image file, this will not work on export: 'res://assets/tiles_bundle/ocean_v_final/base_depth/3_3_2.png'. Instead, import the image file as an Image resource and load it normally as a resource.
   at: load (core/io/image.cpp:2770)
   GDScript backtrace (most recent call first):
       [0] _decode_in_thread (res://scripts/StreamedBakedTileProvider.gd:93)
WARNING: Loaded resource as image file, this will not work on export: 'res://assets/tiles_bundle/ocean_v_final/base_depth/3_4_2.png'. Instead, import the image file as an Image resource and load it normally as a resource.
WARNING: Loaded resource as image file, this will not work on export: 'res://assets/tiles_bundle/ocean_v_final/base_depth/3_5_2.png'. Instead, import the image file as an Image resource and load it normally as a resource.
   at: load (core/io/image.cpp:2770)
   at: load (core/io/image.cpp:2770)
   GDScript backtrace (most recent call first):
       [0] _decode_in_thread (res://scripts/StreamedBakedTileProvider.gd:93)
   GDScript backtrace (most recent call first):
       [0] _decode_in_thread (res://scripts/StreamedBakedTileProvider.gd:93)
WARNING: Loaded resource as image file, this will not work on export: 'res://assets/tiles_bundle/ocean_v_final/base_depth/3_6_2.png'. Instead, import the image file as an Image resource and load it normally as a resource.
   at: load (core/io/image.cpp:2770)
   GDScript backtrace (most recent call first):
       [0] _decode_in_thread (res://scripts/StreamedBakedTileProvider.gd:93)
WARNING: Loaded resource as image file, this will not work on export: 'res://assets/tiles_bundle/ocean_v_final/base_depth/3_7_2.png'. Instead, import the image file as an Image resource and load it normally as a resource.
   at: load (core/io/image.cpp:2770)
WARNING: Loaded resource as image file, this will not work on export: 'res://assets/tiles_bundle/ocean_v_final/base_depth/3_0_3.png'. Instead, import the image file as an Image resource and load it normally as a resource.
   GDScript backtrace (most recent call first):
       [0] _decode_in_thread (res://scripts/StreamedBakedTileProvider.gd:93)
   at: load (core/io/image.cpp:2770)
   GDScript backtrace (most recent call first):
       [0] _decode_in_thread (res://scripts/StreamedBakedTileProvider.gd:93)
WARNING: Loaded resource as image file, this will not work on export: 'res://assets/tiles_bundle/ocean_v_final/base_depth/3_1_3.png'. Instead, import the image file as an Image resource and load it normally as a resource.
   at: load (core/io/image.cpp:2770)
   GDScript backtrace (most recent call first):
       [0] _decode_in_thread (res://scripts/StreamedBakedTileProvider.gd:93)
WARNING: Loaded resource as image file, this will not work on export: 'res://assets/tiles_bundle/ocean_v_final/base_depth/3_2_3.png'. Instead, import the image file as an Image resource and load it normally as a resource.
   at: load (core/io/image.cpp:2770)
   GDScript backtrace (most recent call first):
       [0] _decode_in_thread (res://scripts/StreamedBakedTileProvider.gd:93)
WARNING: Loaded resource as image file, this will not work on export: 'res://assets/tiles_bundle/ocean_v_final/base_depth/3_3_3.png'. Instead, import the image file as an Image resource and load it normally as a resource.
   at: load (core/io/image.cpp:2770)
   GDScript backtrace (most recent call first):
       [0] _decode_in_thread (res://scripts/StreamedBakedTileProvider.gd:93)
WARNING: Loaded resource as image file, this will not work on export: 'res://assets/tiles_bundle/ocean_v_final/base_depth/3_4_3.png'. Instead, import the image file as an Image resource and load it normally as a resource.
   at: load (core/io/image.cpp:2770)
   GDScript backtrace (most recent call first):
       [0] _decode_in_thread (res://scripts/StreamedBakedTileProvider.gd:93)
WARNING: Loaded resource as image file, this will not work on export: 'res://assets/tiles_bundle/ocean_v_final/base_depth/3_5_3.png'. Instead, import the image file as an Image resource and load it normally as a resource.
   at: load (core/io/image.cpp:2770)
   GDScript backtrace (most recent call first):
       [0] _decode_in_thread (res://scripts/StreamedBakedTileProvider.gd:93)
WARNING: Loaded resource as image file, this will not work on export: 'res://assets/tiles_bundle/ocean_v_final/base_depth/3_6_3.png'. Instead, import the image file as an Image resource and load it normally as a resource.
   at: load (core/io/image.cpp:2770)
   GDScript backtrace (most recent call first):
       [0] _decode_in_thread (res://scripts/StreamedBakedTileProvider.gd:93)
WARNING: Loaded resource as image file, this will not work on export: 'res://assets/tiles_bundle/ocean_v_final/base_depth/3_7_3.png'. Instead, import the image file as an Image resource and load it normally as a resource.
   at: load (core/io/image.cpp:2770)
   GDScript backtrace (most recent call first):
       [0] _decode_in_thread (res://scripts/StreamedBakedTileProvider.gd:93)
WARNING: Loaded resource as image file, this will not work on export: 'res://assets/tiles_bundle/ocean_v_final/base_depth/3_0_4.png'. Instead, import the image file as an Image resource and load it normally as a resource.
   at: load (core/io/image.cpp:2770)
   GDScript backtrace (most recent call first):
       [0] _decode_in_thread (res://scripts/StreamedBakedTileProvider.gd:93)
WARNING: Loaded resource as image file, this will not work on export: 'res://assets/tiles_bundle/ocean_v_final/base_depth/3_1_4.png'. Instead, import the image file as an Image resource and load it normally as a resource.
   at: load (core/io/image.cpp:2770)
   GDScript backtrace (most recent call first):
       [0] _decode_in_thread (res://scripts/StreamedBakedTileProvider.gd:93)
WARNING: Loaded resource as image file, this will not work on export: 'res://assets/tiles_bundle/ocean_v_final/base_depth/3_2_4.png'. Instead, import the image file as an Image resource and load it normally as a resource.
   at: load (core/io/image.cpp:2770)
   GDScript backtrace (most recent call first):
       [0] _decode_in_thread (res://scripts/StreamedBakedTileProvider.gd:93)
WARNING: Loaded resource as image file, this will not work on export: 'res://assets/tiles_bundle/ocean_v_final/base_depth/3_3_4.png'. Instead, import the image file as an Image resource and load it normally as a resource.
   at: load (core/io/image.cpp:2770)
   GDScript backtrace (most recent call first):
       [0] _decode_in_thread (res://scripts/StreamedBakedTileProvider.gd:93)
WARNING: Loaded resource as image file, this will not work on export: 'res://assets/tiles_bundle/ocean_v_final/base_depth/3_4_4.png'. Instead, import the image file as an Image resource and load it normally as a resource.
   at: load (core/io/image.cpp:2770)
   GDScript backtrace (most recent call first):
       [0] _decode_in_thread (res://scripts/StreamedBakedTileProvider.gd:93)
WARNING: Loaded resource as image file, this will not work on export: 'res://assets/tiles_bundle/ocean_v_final/base_depth/3_5_4.png'. Instead, import the image file as an Image resource and load it normally as a resource.
   at: load (core/io/image.cpp:2770)
   GDScript backtrace (most recent call first):
       [0] _decode_in_thread (res://scripts/StreamedBakedTileProvider.gd:93)
WARNING: Loaded resource as image file, this will not work on export: 'res://assets/tiles_bundle/ocean_v_final/base_depth/3_6_4.png'. Instead, import the image file as an Image resource and load it normally as a resource.
   at: load (core/io/image.cpp:2770)
   GDScript backtrace (most recent call first):
       [0] _decode_in_thread (res://scripts/StreamedBakedTileProvider.gd:93)
WARNING: Loaded resource as image file, this will not work on export: 'res://assets/tiles_bundle/ocean_v_final/base_depth/3_7_4.png'. Instead, import the image file as an Image resource and load it normally as a resource.
   at: load (core/io/image.cpp:2770)
   GDScript backtrace (most recent call first):
       [0] _decode_in_thread (res://scripts/StreamedBakedTileProvider.gd:93)
WARNING: Loaded resource as image file, this will not work on export: 'res://assets/tiles_bundle/ocean_v_final/base_depth/3_0_5.png'. Instead, import the image file as an Image resource and load it normally as a resource.
   at: load (core/io/image.cpp:2770)
   GDScript backtrace (most recent call first):
       [0] _decode_in_thread (res://scripts/StreamedBakedTileProvider.gd:93)
WARNING: Loaded resource as image file, this will not work on export: 'res://assets/tiles_bundle/ocean_v_final/base_depth/3_1_5.png'. Instead, import the image file as an Image resource and load it normally as a resource.
   at: load (core/io/image.cpp:2770)
   GDScript backtrace (most recent call first):
       [0] _decode_in_thread (res://scripts/StreamedBakedTileProvider.gd:93)
WARNING: Loaded resource as image file, this will not work on export: 'res://assets/tiles_bundle/ocean_v_final/base_depth/3_2_5.png'. Instead, import the image file as an Image resource and load it normally as a resource.
   at: load (core/io/image.cpp:2770)
   GDScript backtrace (most recent call first):
       [0] _decode_in_thread (res://scripts/StreamedBakedTileProvider.gd:93)
WARNING: Loaded resource as image file, this will not work on export: 'res://assets/tiles_bundle/ocean_v_final/base_depth/3_3_5.png'. Instead, import the image file as an Image resource and load it normally as a resource.
   at: load (core/io/image.cpp:2770)
   GDScript backtrace (most recent call first):
       [0] _decode_in_thread (res://scripts/StreamedBakedTileProvider.gd:93)
WARNING: Loaded resource as image file, this will not work on export: 'res://assets/tiles_bundle/ocean_v_final/base_depth/3_4_5.png'. Instead, import the image file as an Image resource and load it normally as a resource.
   at: load (core/io/image.cpp:2770)
   GDScript backtrace (most recent call first):
       [0] _decode_in_thread (res://scripts/StreamedBakedTileProvider.gd:93)
WARNING: Loaded resource as image file, this will not work on export: 'res://assets/tiles_bundle/ocean_v_final/base_depth/3_5_5.png'. Instead, import the image file as an Image resource and load it normally as a resource.
   at: load (core/io/image.cpp:2770)
   GDScript backtrace (most recent call first):
       [0] _decode_in_thread (res://scripts/StreamedBakedTileProvider.gd:93)
WARNING: Loaded resource as image file, this will not work on export: 'res://assets/tiles_bundle/ocean_v_final/base_depth/3_6_5.png'. Instead, import the image file as an Image resource and load it normally as a resource.
   at: load (core/io/image.cpp:2770)
   GDScript backtrace (most recent call first):
       [0] _decode_in_thread (res://scripts/StreamedBakedTileProvider.gd:93)
WARNING: Loaded resource as image file, this will not work on export: 'res://assets/tiles_bundle/ocean_v_final/base_depth/3_7_5.png'. Instead, import the image file as an Image resource and load it normally as a resource.
   at: load (core/io/image.cpp:2770)
   GDScript backtrace (most recent call first):
       [0] _decode_in_thread (res://scripts/StreamedBakedTileProvider.gd:93)
WARNING: Loaded resource as image file, this will not work on export: 'res://assets/tiles_bundle/ocean_v_final/shallow/3_2_2.png'. Instead, import the image file as an Image resource and load it normally as a resource.
   at: load (core/io/image.cpp:2770)
   GDScript backtrace (most recent call first):
       [0] _decode_in_thread (res://scripts/StreamedBakedTileProvider.gd:93)
WARNING: Loaded resource as image file, this will not work on export: 'res://assets/tiles_bundle/ocean_v_final/shallow/3_3_2.png'. Instead, import the image file as an Image resource and load it normally as a resource.
   at: load (core/io/image.cpp:2770)
   GDScript backtrace (most recent call first):
       [0] _decode_in_thread (res://scripts/StreamedBakedTileProvider.gd:93)
WARNING: Loaded resource as image file, this will not work on export: 'res://assets/tiles_bundle/ocean_v_final/shallow/3_4_2.png'. Instead, import the image file as an Image resource and load it normally as a resource.
   at: load (core/io/image.cpp:2770)
   GDScript backtrace (most recent call first):
       [0] _decode_in_thread (res://scripts/StreamedBakedTileProvider.gd:93)
WARNING: Loaded resource as image file, this will not work on export: 'res://assets/tiles_bundle/ocean_v_final/shallow/3_2_3.png'. Instead, import the image file as an Image resource and load it normally as a resource.
   at: load (core/io/image.cpp:2770)
   GDScript backtrace (most recent call first):
       [0] _decode_in_thread (res://scripts/StreamedBakedTileProvider.gd:93)
WARNING: Loaded resource as image file, this will not work on export: 'res://assets/tiles_bundle/ocean_v_final/shallow/3_3_3.png'. Instead, import the image file as an Image resource and load it normally as a resource.
   at: load (core/io/image.cpp:2770)
   GDScript backtrace (most recent call first):
       [0] _decode_in_thread (res://scripts/StreamedBakedTileProvider.gd:93)
WARNING: Loaded resource as image file, this will not work on export: 'res://assets/tiles_bundle/ocean_v_final/shallow/3_4_3.png'. Instead, import the image file as an Image resource and load it normally as a resource.
   at: load (core/io/image.cpp:2770)
   GDScript backtrace (most recent call first):
       [0] _decode_in_thread (res://scripts/StreamedBakedTileProvider.gd:93)
WARNING: Loaded resource as image file, this will not work on export: 'res://assets/tiles_bundle/ocean_v_final/shallow/3_2_4.png'. Instead, import the image file as an Image resource and load it normally as a resource.
   at: load (core/io/image.cpp:2770)
   GDScript backtrace (most recent call first):
       [0] _decode_in_thread (res://scripts/StreamedBakedTileProvider.gd:93)
WARNING: Loaded resource as image file, this will not work on export: 'res://assets/tiles_bundle/ocean_v_final/shallow/3_3_4.png'. Instead, import the image file as an Image resource and load it normally as a resource.
   at: load (core/io/image.cpp:2770)
   GDScript backtrace (most recent call first):
       [0] _decode_in_thread (res://scripts/StreamedBakedTileProvider.gd:93)
WARNING: Loaded resource as image file, this will not work on export: 'res://assets/tiles_bundle/ocean_v_final/shallow/3_4_4.png'. Instead, import the image file as an Image resource and load it normally as a resource.
   at: load (core/io/image.cpp:2770)
   GDScript backtrace (most recent call first):
       [0] _decode_in_thread (res://scripts/StreamedBakedTileProvider.gd:93)
WARNING: Loaded resource as image file, this will not work on export: 'res://assets/tiles_bundle/ocean_v_final/base_depth/4_1_2.png'. Instead, import the image file as an Image resource and load it normally as a resource.
   at: load (core/io/image.cpp:2770)
   GDScript backtrace (most recent call first):
       [0] _decode_in_thread (res://scripts/StreamedBakedTileProvider.gd:93)
WARNING: Loaded resource as image file, this will not work on export: 'res://assets/tiles_bundle/ocean_v_final/base_depth/4_2_2.png'. Instead, import the image file as an Image resource and load it normally as a resource.
   at: load (core/io/image.cpp:2770)
   GDScript backtrace (most recent call first):
       [0] _decode_in_thread (res://scripts/StreamedBakedTileProvider.gd:93)
WARNING: Loaded resource as image file, this will not work on export: 'res://assets/tiles_bundle/ocean_v_final/base_depth/4_3_2.png'. Instead, import the image file as an Image resource and load it normally as a resource.
   at: load (core/io/image.cpp:2770)
   GDScript backtrace (most recent call first):
       [0] _decode_in_thread (res://scripts/StreamedBakedTileProvider.gd:93)
WARNING: Loaded resource as image file, this will not work on export: 'res://assets/tiles_bundle/ocean_v_final/base_depth/4_4_2.png'. Instead, import the image file as an Image resource and load it normally as a resource.
   at: load (core/io/image.cpp:2770)
   GDScript backtrace (most recent call first):
       [0] _decode_in_thread (res://scripts/StreamedBakedTileProvider.gd:93)
WARNING: Loaded resource as image file, this will not work on export: 'res://assets/tiles_bundle/ocean_v_final/base_depth/4_5_2.png'. Instead, import the image file as an Image resource and load it normally as a resource.
   at: load (core/io/image.cpp:2770)
   GDScript backtrace (most recent call first):
       [0] _decode_in_thread (res://scripts/StreamedBakedTileProvider.gd:93)
WARNING: Loaded resource as image file, this will not work on export: 'res://assets/tiles_bundle/ocean_v_final/base_depth/4_7_2.png'. Instead, import the image file as an Image resource and load it normally as a resource.
   at: load (core/io/image.cpp:2770)
   GDScript backtrace (most recent call first):
       [0] _decode_in_thread (res://scripts/StreamedBakedTileProvider.gd:93)
WARNING: Loaded resource as image file, this will not work on export: 'res://assets/tiles_bundle/ocean_v_final/base_depth/4_8_2.png'. Instead, import the image file as an Image resource and load it normally as a resource.
   at: load (core/io/image.cpp:2770)
   GDScript backtrace (most recent call first):
       [0] _decode_in_thread (res://scripts/StreamedBakedTileProvider.gd:93)
WARNING: Loaded resource as image file, this will not work on export: 'res://assets/tiles_bundle/ocean_v_final/base_depth/4_9_2.png'. Instead, import the image file as an Image resource and load it normally as a resource.
   at: load (core/io/image.cpp:2770)
   GDScript backtrace (most recent call first):
       [0] _decode_in_thread (res://scripts/StreamedBakedTileProvider.gd:93)
WARNING: Loaded resource as image file, this will not work on export: 'res://assets/tiles_bundle/ocean_v_final/base_depth/4_10_2.png'. Instead, import the image file as an Image resource and load it normally as a resource.
   at: load (core/io/image.cpp:2770)
   GDScript backtrace (most recent call first):
       [0] _decode_in_thread (res://scripts/StreamedBakedTileProvider.gd:93)
WARNING: Loaded resource as image file, this will not work on export: 'res://assets/tiles_bundle/ocean_v_final/base_depth/4_11_2.png'. Instead, import the image file as an Image resource and load it normally as a resource.
   at: load (core/io/image.cpp:2770)
   GDScript backtrace (most recent call first):
       [0] _decode_in_thread (res://scripts/StreamedBakedTileProvider.gd:93)
WARNING: Loaded resource as image file, this will not work on export: 'res://assets/tiles_bundle/ocean_v_final/base_depth/4_12_2.png'. Instead, import the image file as an Image resource and load it normally as a resource.
   at: load (core/io/image.cpp:2770)
   GDScript backtrace (most recent call first):
       [0] _decode_in_thread (res://scripts/StreamedBakedTileProvider.gd:93)
WARNING: Loaded resource as image file, this will not work on export: 'res://assets/tiles_bundle/ocean_v_final/base_depth/4_13_2.png'. Instead, import the image file as an Image resource and load it normally as a resource.
   at: load (core/io/image.cpp:2770)
   GDScript backtrace (most recent call first):
       [0] _decode_in_thread (res://scripts/StreamedBakedTileProvider.gd:93)
WARNING: Loaded resource as image file, this will not work on export: 'res://assets/tiles_bundle/ocean_v_final/base_depth/4_14_2.png'. Instead, import the image file as an Image resource and load it normally as a resource.
   at: load (core/io/image.cpp:2770)
   GDScript backtrace (most recent call first):
       [0] _decode_in_thread (res://scripts/StreamedBakedTileProvider.gd:93)
WARNING: Loaded resource as image file, this will not work on export: 'res://assets/tiles_bundle/ocean_v_final/base_depth/4_1_3.png'. Instead, import the image file as an Image resource and load it normally as a resource.
   at: load (core/io/image.cpp:2770)
   GDScript backtrace (most recent call first):
       [0] _decode_in_thread (res://scripts/StreamedBakedTileProvider.gd:93)
WARNING: Loaded resource as image file, this will not work on export: 'res://assets/tiles_bundle/ocean_v_final/base_depth/4_2_3.png'. Instead, import the image file as an Image resource and load it normally as a resource.
   at: load (core/io/image.cpp:2770)
   GDScript backtrace (most recent call first):
       [0] _decode_in_thread (res://scripts/StreamedBakedTileProvider.gd:93)
WARNING: Loaded resource as image file, this will not work on export: 'res://assets/tiles_bundle/ocean_v_final/base_depth/4_3_3.png'. Instead, import the image file as an Image resource and load it normally as a resource.
   at: load (core/io/image.cpp:2770)
   GDScript backtrace (most recent call first):
       [0] _decode_in_thread (res://scripts/StreamedBakedTileProvider.gd:93)
WARNING: Loaded resource as image file, this will not work on export: 'res://assets/tiles_bundle/ocean_v_final/base_depth/4_4_3.png'. Instead, import the image file as an Image resource and load it normally as a resource.
   at: load (core/io/image.cpp:2770)
   GDScript backtrace (most recent call first):
       [0] _decode_in_thread (res://scripts/StreamedBakedTileProvider.gd:93)
WARNING: Loaded resource as image file, this will not work on export: 'res://assets/tiles_bundle/ocean_v_final/base_depth/4_5_3.png'. Instead, import the image file as an Image resource and load it normally as a resource.
   at: load (core/io/image.cpp:2770)
   GDScript backtrace (most recent call first):
       [0] _decode_in_thread (res://scripts/StreamedBakedTileProvider.gd:93)
WARNING: Loaded resource as image file, this will not work on export: 'res://assets/tiles_bundle/ocean_v_final/base_depth/4_6_3.png'. Instead, import the image file as an Image resource and load it normally as a resource.
   at: load (core/io/image.cpp:2770)
   GDScript backtrace (most recent call first):
       [0] _decode_in_thread (res://scripts/StreamedBakedTileProvider.gd:93)
WARNING: Loaded resource as image file, this will not work on export: 'res://assets/tiles_bundle/ocean_v_final/base_depth/4_7_3.png'. Instead, import the image file as an Image resource and load it normally as a resource.
   at: load (core/io/image.cpp:2770)
   GDScript backtrace (most recent call first):
       [0] _decode_in_thread (res://scripts/StreamedBakedTileProvider.gd:93)
WARNING: Loaded resource as image file, this will not work on export: 'res://assets/tiles_bundle/ocean_v_final/base_depth/4_8_3.png'. Instead, import the image file as an Image resource and load it normally as a resource.
   at: load (core/io/image.cpp:2770)
   GDScript backtrace (most recent call first):
       [0] _decode_in_thread (res://scripts/StreamedBakedTileProvider.gd:93)
WARNING: Loaded resource as image file, this will not work on export: 'res://assets/tiles_bundle/ocean_v_final/base_depth/4_9_3.png'. Instead, import the image file as an Image resource and load it normally as a resource.
   at: load (core/io/image.cpp:2770)
   GDScript backtrace (most recent call first):
       [0] _decode_in_thread (res://scripts/StreamedBakedTileProvider.gd:93)
WARNING: Loaded resource as image file, this will not work on export: 'res://assets/tiles_bundle/ocean_v_final/base_depth/4_10_3.png'. Instead, import the image file as an Image resource and load it normally as a resource.
   at: load (core/io/image.cpp:2770)
   GDScript backtrace (most recent call first):
       [0] _decode_in_thread (res://scripts/StreamedBakedTileProvider.gd:93)
WARNING: Loaded resource as image file, this will not work on export: 'res://assets/tiles_bundle/ocean_v_final/base_depth/4_11_3.png'. Instead, import the image file as an Image resource and load it normally as a resource.
   at: load (core/io/image.cpp:2770)
   GDScript backtrace (most recent call first):
       [0] _decode_in_thread (res://scripts/StreamedBakedTileProvider.gd:93)
WARNING: Loaded resource as image file, this will not work on export: 'res://assets/tiles_bundle/ocean_v_final/base_depth/4_12_3.png'. Instead, import the image file as an Image resource and load it normally as a resource.
   at: load (core/io/image.cpp:2770)
   GDScript backtrace (most recent call first):
       [0] _decode_in_thread (res://scripts/StreamedBakedTileProvider.gd:93)
WARNING: Loaded resource as image file, this will not work on export: 'res://assets/tiles_bundle/ocean_v_final/base_depth/4_13_3.png'. Instead, import the image file as an Image resource and load it normally as a resource.
   at: load (core/io/image.cpp:2770)
   GDScript backtrace (most recent call first):
       [0] _decode_in_thread (res://scripts/StreamedBakedTileProvider.gd:93)
WARNING: Loaded resource as image file, this will not work on export: 'res://assets/tiles_bundle/ocean_v_final/base_depth/4_14_3.png'. Instead, import the image file as an Image resource and load it normally as a resource.
   at: load (core/io/image.cpp:2770)
   GDScript backtrace (most recent call first):
       [0] _decode_in_thread (res://scripts/StreamedBakedTileProvider.gd:93)
WARNING: Loaded resource as image file, this will not work on export: 'res://assets/tiles_bundle/ocean_v_final/base_depth/4_1_4.png'. Instead, import the image file as an Image resource and load it normally as a resource.
   at: load (core/io/image.cpp:2770)
   GDScript backtrace (most recent call first):
       [0] _decode_in_thread (res://scripts/StreamedBakedTileProvider.gd:93)
WARNING: Loaded resource as image file, this will not work on export: 'res://assets/tiles_bundle/ocean_v_final/base_depth/4_2_4.png'. Instead, import the image file as an Image resource and load it normally as a resource.
   at: load (core/io/image.cpp:2770)
   GDScript backtrace (most recent call first):
       [0] _decode_in_thread (res://scripts/StreamedBakedTileProvider.gd:93)
WARNING: Loaded resource as image file, this will not work on export: 'res://assets/tiles_bundle/ocean_v_final/base_depth/4_3_4.png'. Instead, import the image file as an Image resource and load it normally as a resource.
   at: load (core/io/image.cpp:2770)
   GDScript backtrace (most recent call first):
       [0] _decode_in_thread (res://scripts/StreamedBakedTileProvider.gd:93)
WARNING: Loaded resource as image file, this will not work on export: 'res://assets/tiles_bundle/ocean_v_final/base_depth/4_4_4.png'. Instead, import the image file as an Image resource and load it normally as a resource.
   at: load (core/io/image.cpp:2770)
   GDScript backtrace (most recent call first):
       [0] _decode_in_thread (res://scripts/StreamedBakedTileProvider.gd:93)
WARNING: Loaded resource as image file, this will not work on export: 'res://assets/tiles_bundle/ocean_v_final/base_depth/4_5_4.png'. Instead, import the image file as an Image resource and load it normally as a resource.
   at: load (core/io/image.cpp:2770)
   GDScript backtrace (most recent call first):
       [0] _decode_in_thread (res://scripts/StreamedBakedTileProvider.gd:93)
WARNING: Loaded resource as image file, this will not work on export: 'res://assets/tiles_bundle/ocean_v_final/base_depth/4_6_4.png'. Instead, import the image file as an Image resource and load it normally as a resource.
   at: load (core/io/image.cpp:2770)
   GDScript backtrace (most recent call first):
       [0] _decode_in_thread (res://scripts/StreamedBakedTileProvider.gd:93)
WARNING: Loaded resource as image file, this will not work on export: 'res://assets/tiles_bundle/ocean_v_final/base_depth/4_7_4.png'. Instead, import the image file as an Image resource and load it normally as a resource.
   at: load (core/io/image.cpp:2770)
   GDScript backtrace (most recent call first):
       [0] _decode_in_thread (res://scripts/StreamedBakedTileProvider.gd:93)
WARNING: Loaded resource as image file, this will not work on export: 'res://assets/tiles_bundle/ocean_v_final/base_depth/4_8_4.png'. Instead, import the image file as an Image resource and load it normally as a resource.
   at: load (core/io/image.cpp:2770)
   GDScript backtrace (most recent call first):
       [0] _decode_in_thread (res://scripts/StreamedBakedTileProvider.gd:93)
WARNING: Loaded resource as image file, this will not work on export: 'res://assets/tiles_bundle/ocean_v_final/base_depth/4_9_4.png'. Instead, import the image file as an Image resource and load it normally as a resource.
   at: load (core/io/image.cpp:2770)
   GDScript backtrace (most recent call first):
       [0] _decode_in_thread (res://scripts/StreamedBakedTileProvider.gd:93)
WARNING: Loaded resource as image file, this will not work on export: 'res://assets/tiles_bundle/ocean_v_final/base_depth/4_11_4.png'. Instead, import the image file as an Image resource and load it normally as a resource.
   at: load (core/io/image.cpp:2770)
   GDScript backtrace (most recent call first):
       [0] _decode_in_thread (res://scripts/StreamedBakedTileProvider.gd:93)
WARNING: Loaded resource as image file, this will not work on export: 'res://assets/tiles_bundle/ocean_v_final/base_depth/4_14_4.png'. Instead, import the image file as an Image resource and load it normally as a resource.
   at: load (core/io/image.cpp:2770)
   GDScript backtrace (most recent call first):
       [0] _decode_in_thread (res://scripts/StreamedBakedTileProvider.gd:93)
WARNING: Loaded resource as image file, this will not work on export: 'res://assets/tiles_bundle/ocean_v_final/base_depth/4_1_5.png'. Instead, import the image file as an Image resource and load it normally as a resource.
   at: load (core/io/image.cpp:2770)
   GDScript backtrace (most recent call first):
       [0] _decode_in_thread (res://scripts/StreamedBakedTileProvider.gd:93)
WARNING: Loaded resource as image file, this will not work on export: 'res://assets/tiles_bundle/ocean_v_final/base_depth/4_2_5.png'. Instead, import the image file as an Image resource and load it normally as a resource.
   at: load (core/io/image.cpp:2770)
   GDScript backtrace (most recent call first):
       [0] _decode_in_thread (res://scripts/StreamedBakedTileProvider.gd:93)
WARNING: Loaded resource as image file, this will not work on export: 'res://assets/tiles_bundle/ocean_v_final/base_depth/4_4_5.png'. Instead, import the image file as an Image resource and load it normally as a resource.
   at: load (core/io/image.cpp:2770)
   GDScript backtrace (most recent call first):
       [0] _decode_in_thread (res://scripts/StreamedBakedTileProvider.gd:93)
WARNING: Loaded resource as image file, this will not work on export: 'res://assets/tiles_bundle/ocean_v_final/base_depth/4_5_5.png'. Instead, import the image file as an Image resource and load it normally as a resource.
   at: load (core/io/image.cpp:2770)
   GDScript backtrace (most recent call first):
       [0] _decode_in_thread (res://scripts/StreamedBakedTileProvider.gd:93)
WARNING: Loaded resource as image file, this will not work on export: 'res://assets/tiles_bundle/ocean_v_final/base_depth/4_6_5.png'. Instead, import the image file as an Image resource and load it normally as a resource.
   at: load (core/io/image.cpp:2770)
   GDScript backtrace (most recent call first):
       [0] _decode_in_thread (res://scripts/StreamedBakedTileProvider.gd:93)
WARNING: Loaded resource as image file, this will not work on export: 'res://assets/tiles_bundle/ocean_v_final/base_depth/4_7_5.png'. Instead, import the image file as an Image resource and load it normally as a resource.
   at: load (core/io/image.cpp:2770)
   GDScript backtrace (most recent call first):
       [0] _decode_in_thread (res://scripts/StreamedBakedTileProvider.gd:93)
WARNING: Loaded resource as image file, this will not work on export: 'res://assets/tiles_bundle/ocean_v_final/base_depth/4_8_5.png'. Instead, import the image file as an Image resource and load it normally as a resource.
   at: load (core/io/image.cpp:2770)
   GDScript backtrace (most recent call first):
       [0] _decode_in_thread (res://scripts/StreamedBakedTileProvider.gd:93)
WARNING: Loaded resource as image file, this will not work on export: 'res://assets/tiles_bundle/ocean_v_final/base_depth/4_9_5.png'. Instead, import the image file as an Image resource and load it normally as a resource.
   at: load (core/io/image.cpp:2770)
   GDScript backtrace (most recent call first):
       [0] _decode_in_thread (res://scripts/StreamedBakedTileProvider.gd:93)
WARNING: Loaded resource as image file, this will not work on export: 'res://assets/tiles_bundle/ocean_v_final/base_depth/4_10_5.png'. Instead, import the image file as an Image resource and load it normally as a resource.
   at: load (core/io/image.cpp:2770)
   GDScript backtrace (most recent call first):
       [0] _decode_in_thread (res://scripts/StreamedBakedTileProvider.gd:93)
WARNING: Loaded resource as image file, this will not work on export: 'res://assets/tiles_bundle/ocean_v_final/base_depth/4_13_5.png'. Instead, import the image file as an Image resource and load it normally as a resource.
   at: load (core/io/image.cpp:2770)
   GDScript backtrace (most recent call first):
       [0] _decode_in_thread (res://scripts/StreamedBakedTileProvider.gd:93)
WARNING: Loaded resource as image file, this will not work on export: 'res://assets/tiles_bundle/ocean_v_final/base_depth/4_14_5.png'. Instead, import the image file as an Image resource and load it normally as a resource.
   at: load (core/io/image.cpp:2770)
   GDScript backtrace (most recent call first):
       [0] _decode_in_thread (res://scripts/StreamedBakedTileProvider.gd:93)
WARNING: Loaded resource as image file, this will not work on export: 'res://assets/tiles_bundle/ocean_v_final/base_depth/4_1_6.png'. Instead, import the image file as an Image resource and load it normally as a resource.
   at: load (core/io/image.cpp:2770)
   GDScript backtrace (most recent call first):
       [0] _decode_in_thread (res://scripts/StreamedBakedTileProvider.gd:93)
WARNING: Loaded resource as image file, this will not work on export: 'res://assets/tiles_bundle/ocean_v_final/base_depth/4_2_6.png'. Instead, import the image file as an Image resource and load it normally as a resource.
   at: load (core/io/image.cpp:2770)
   GDScript backtrace (most recent call first):
       [0] _decode_in_thread (res://scripts/StreamedBakedTileProvider.gd:93)
WARNING: Loaded resource as image file, this will not work on export: 'res://assets/tiles_bundle/ocean_v_final/base_depth/4_3_6.png'. Instead, import the image file as an Image resource and load it normally as a resource.
   at: load (core/io/image.cpp:2770)
   GDScript backtrace (most recent call first):
       [0] _decode_in_thread (res://scripts/StreamedBakedTileProvider.gd:93)
WARNING: Loaded resource as image file, this will not work on export: 'res://assets/tiles_bundle/ocean_v_final/base_depth/4_4_6.png'. Instead, import the image file as an Image resource and load it normally as a resource.
   at: load (core/io/image.cpp:2770)
   GDScript backtrace (most recent call first):
       [0] _decode_in_thread (res://scripts/StreamedBakedTileProvider.gd:93)
WARNING: Loaded resource as image file, this will not work on export: 'res://assets/tiles_bundle/ocean_v_final/base_depth/4_5_6.png'. Instead, import the image file as an Image resource and load it normally as a resource.
   at: load (core/io/image.cpp:2770)
   GDScript backtrace (most recent call first):
       [0] _decode_in_thread (res://scripts/StreamedBakedTileProvider.gd:93)
WARNING: Loaded resource as image file, this will not work on export: 'res://assets/tiles_bundle/ocean_v_final/base_depth/4_6_6.png'. Instead, import the image file as an Image resource and load it normally as a resource.
   at: load (core/io/image.cpp:2770)
   GDScript backtrace (most recent call first):
       [0] _decode_in_thread (res://scripts/StreamedBakedTileProvider.gd:93)
WARNING: Loaded resource as image file, this will not work on export: 'res://assets/tiles_bundle/ocean_v_final/base_depth/4_7_6.png'. Instead, import the image file as an Image resource and load it normally as a resource.
   at: load (core/io/image.cpp:2770)
   GDScript backtrace (most recent call first):
       [0] _decode_in_thread (res://scripts/StreamedBakedTileProvider.gd:93)
WARNING: Loaded resource as image file, this will not work on export: 'res://assets/tiles_bundle/ocean_v_final/base_depth/4_8_6.png'. Instead, import the image file as an Image resource and load it normally as a resource.
   at: load (core/io/image.cpp:2770)
   GDScript backtrace (most recent call first):
       [0] _decode_in_thread (res://scripts/StreamedBakedTileProvider.gd:93)
WARNING: Loaded resource as image file, this will not work on export: 'res://assets/tiles_bundle/ocean_v_final/base_depth/4_9_6.png'. Instead, import the image file as an Image resource and load it normally as a resource.
   at: load (core/io/image.cpp:2770)
   GDScript backtrace (most recent call first):
       [0] _decode_in_thread (res://scripts/StreamedBakedTileProvider.gd:93)
WARNING: Loaded resource as image file, this will not work on export: 'res://assets/tiles_bundle/ocean_v_final/base_depth/4_10_6.png'. Instead, import the image file as an Image resource and load it normally as a resource.
   at: load (core/io/image.cpp:2770)
   GDScript backtrace (most recent call first):
       [0] _decode_in_thread (res://scripts/StreamedBakedTileProvider.gd:93)
WARNING: Loaded resource as image file, this will not work on export: 'res://assets/tiles_bundle/ocean_v_final/base_depth/4_11_6.png'. Instead, import the image file as an Image resource and load it normally as a resource.
   at: load (core/io/image.cpp:2770)
   GDScript backtrace (most recent call first):
       [0] _decode_in_thread (res://scripts/StreamedBakedTileProvider.gd:93)
WARNING: Loaded resource as image file, this will not work on export: 'res://assets/tiles_bundle/ocean_v_final/base_depth/4_12_6.png'. Instead, import the image file as an Image resource and load it normally as a resource.
   at: load (core/io/image.cpp:2770)
   GDScript backtrace (most recent call first):
       [0] _decode_in_thread (res://scripts/StreamedBakedTileProvider.gd:93)
WARNING: Loaded resource as image file, this will not work on export: 'res://assets/tiles_bundle/ocean_v_final/base_depth/4_13_6.png'. Instead, import the image file as an Image resource and load it normally as a resource.
   at: load (core/io/image.cpp:2770)
   GDScript backtrace (most recent call first):
       [0] _decode_in_thread (res://scripts/StreamedBakedTileProvider.gd:93)
WARNING: Loaded resource as image file, this will not work on export: 'res://assets/tiles_bundle/ocean_v_final/base_depth/4_14_6.png'. Instead, import the image file as an Image resource and load it normally as a resource.
   at: load (core/io/image.cpp:2770)
   GDScript backtrace (most recent call first):
       [0] _decode_in_thread (res://scripts/StreamedBakedTileProvider.gd:93)
WARNING: Loaded resource as image file, this will not work on export: 'res://assets/tiles_bundle/ocean_v_final/base_depth/4_1_7.png'. Instead, import the image file as an Image resource and load it normally as a resource.
   at: load (core/io/image.cpp:2770)
   GDScript backtrace (most recent call first):
       [0] _decode_in_thread (res://scripts/StreamedBakedTileProvider.gd:93)
WARNING: Loaded resource as image file, this will not work on export: 'res://assets/tiles_bundle/ocean_v_final/base_depth/4_2_7.png'. Instead, import the image file as an Image resource and load it normally as a resource.
   at: load (core/io/image.cpp:2770)
   GDScript backtrace (most recent call first):
       [0] _decode_in_thread (res://scripts/StreamedBakedTileProvider.gd:93)
WARNING: Loaded resource as image file, this will not work on export: 'res://assets/tiles_bundle/ocean_v_final/base_depth/4_3_7.png'. Instead, import the image file as an Image resource and load it normally as a resource.
   at: load (core/io/image.cpp:2770)
   GDScript backtrace (most recent call first):
       [0] _decode_in_thread (res://scripts/StreamedBakedTileProvider.gd:93)
WARNING: Loaded resource as image file, this will not work on export: 'res://assets/tiles_bundle/ocean_v_final/base_depth/4_4_7.png'. Instead, import the image file as an Image resource and load it normally as a resource.
   at: load (core/io/image.cpp:2770)
   GDScript backtrace (most recent call first):
       [0] _decode_in_thread (res://scripts/StreamedBakedTileProvider.gd:93)
WARNING: Loaded resource as image file, this will not work on export: 'res://assets/tiles_bundle/ocean_v_final/base_depth/4_5_7.png'. Instead, import the image file as an Image resource and load it normally as a resource.
   at: load (core/io/image.cpp:2770)
   GDScript backtrace (most recent call first):
       [0] _decode_in_thread (res://scripts/StreamedBakedTileProvider.gd:93)
WARNING: Loaded resource as image file, this will not work on export: 'res://assets/tiles_bundle/ocean_v_final/base_depth/4_6_7.png'. Instead, import the image file as an Image resource and load it normally as a resource.
   at: load (core/io/image.cpp:2770)
   GDScript backtrace (most recent call first):
       [0] _decode_in_thread (res://scripts/StreamedBakedTileProvider.gd:93)
WARNING: Loaded resource as image file, this will not work on export: 'res://assets/tiles_bundle/ocean_v_final/base_depth/4_7_7.png'. Instead, import the image file as an Image resource and load it normally as a resource.
   at: load (core/io/image.cpp:2770)
   GDScript backtrace (most recent call first):
       [0] _decode_in_thread (res://scripts/StreamedBakedTileProvider.gd:93)
WARNING: Loaded resource as image file, this will not work on export: 'res://assets/tiles_bundle/ocean_v_final/base_depth/4_8_7.png'. Instead, import the image file as an Image resource and load it normally as a resource.
   at: load (core/io/image.cpp:2770)
   GDScript backtrace (most recent call first):
       [0] _decode_in_thread (res://scripts/StreamedBakedTileProvider.gd:93)
WARNING: Loaded resource as image file, this will not work on export: 'res://assets/tiles_bundle/ocean_v_final/base_depth/4_9_7.png'. Instead, import the image file as an Image resource and load it normally as a resource.
   at: load (core/io/image.cpp:2770)
   GDScript backtrace (most recent call first):
       [0] _decode_in_thread (res://scripts/StreamedBakedTileProvider.gd:93)
WARNING: Loaded resource as image file, this will not work on export: 'res://assets/tiles_bundle/ocean_v_final/base_depth/4_10_7.png'. Instead, import the image file as an Image resource and load it normally as a resource.
   at: load (core/io/image.cpp:2770)
   GDScript backtrace (most recent call first):
       [0] _decode_in_thread (res://scripts/StreamedBakedTileProvider.gd:93)
WARNING: Loaded resource as image file, this will not work on export: 'res://assets/tiles_bundle/ocean_v_final/base_depth/4_11_7.png'. Instead, import the image file as an Image resource and load it normally as a resource.
   at: load (core/io/image.cpp:2770)
   GDScript backtrace (most recent call first):
       [0] _decode_in_thread (res://scripts/StreamedBakedTileProvider.gd:93)
WARNING: Loaded resource as image file, this will not work on export: 'res://assets/tiles_bundle/ocean_v_final/base_depth/4_12_7.png'. Instead, import the image file as an Image resource and load it normally as a resource.
   at: load (core/io/image.cpp:2770)
   GDScript backtrace (most recent call first):
       [0] _decode_in_thread (res://scripts/StreamedBakedTileProvider.gd:93)
WARNING: Loaded resource as image file, this will not work on export: 'res://assets/tiles_bundle/ocean_v_final/base_depth/4_13_7.png'. Instead, import the image file as an Image resource and load it normally as a resource.
   at: load (core/io/image.cpp:2770)
   GDScript backtrace (most recent call first):
       [0] _decode_in_thread (res://scripts/StreamedBakedTileProvider.gd:93)
WARNING: Loaded resource as image file, this will not work on export: 'res://assets/tiles_bundle/ocean_v_final/base_depth/4_14_7.png'. Instead, import the image file as an Image resource and load it normally as a resource.
   at: load (core/io/image.cpp:2770)
   GDScript backtrace (most recent call first):
       [0] _decode_in_thread (res://scripts/StreamedBakedTileProvider.gd:93)
WARNING: Loaded resource as image file, this will not work on export: 'res://assets/tiles_bundle/ocean_v_final/base_depth/4_1_8.png'. Instead, import the image file as an Image resource and load it normally as a resource.
   at: load (core/io/image.cpp:2770)
   GDScript backtrace (most recent call first):
       [0] _decode_in_thread (res://scripts/StreamedBakedTileProvider.gd:93)
WARNING: Loaded resource as image file, this will not work on export: 'res://assets/tiles_bundle/ocean_v_final/base_depth/4_2_8.png'. Instead, import the image file as an Image resource and load it normally as a resource.
   at: load (core/io/image.cpp:2770)
   GDScript backtrace (most recent call first):
       [0] _decode_in_thread (res://scripts/StreamedBakedTileProvider.gd:93)
WARNING: Loaded resource as image file, this will not work on export: 'res://assets/tiles_bundle/ocean_v_final/base_depth/4_3_8.png'. Instead, import the image file as an Image resource and load it normally as a resource.
   at: load (core/io/image.cpp:2770)
   GDScript backtrace (most recent call first):
       [0] _decode_in_thread (res://scripts/StreamedBakedTileProvider.gd:93)
WARNING: Loaded resource as image file, this will not work on export: 'res://assets/tiles_bundle/ocean_v_final/base_depth/4_4_8.png'. Instead, import the image file as an Image resource and load it normally as a resource.
   at: load (core/io/image.cpp:2770)
   GDScript backtrace (most recent call first):
       [0] _decode_in_thread (res://scripts/StreamedBakedTileProvider.gd:93)
WARNING: Loaded resource as image file, this will not work on export: 'res://assets/tiles_bundle/ocean_v_final/base_depth/4_5_8.png'. Instead, import the image file as an Image resource and load it normally as a resource.
   at: load (core/io/image.cpp:2770)
   GDScript backtrace (most recent call first):
       [0] _decode_in_thread (res://scripts/StreamedBakedTileProvider.gd:93)
WARNING: Loaded resource as image file, this will not work on export: 'res://assets/tiles_bundle/ocean_v_final/base_depth/4_6_8.png'. Instead, import the image file as an Image resource and load it normally as a resource.
   at: load (core/io/image.cpp:2770)
   GDScript backtrace (most recent call first):
       [0] _decode_in_thread (res://scripts/StreamedBakedTileProvider.gd:93)
WARNING: Loaded resource as image file, this will not work on export: 'res://assets/tiles_bundle/ocean_v_final/base_depth/4_7_8.png'. Instead, import the image file as an Image resource and load it normally as a resource.
   at: load (core/io/image.cpp:2770)
   GDScript backtrace (most recent call first):
       [0] _decode_in_thread (res://scripts/StreamedBakedTileProvider.gd:93)
WARNING: Loaded resource as image file, this will not work on export: 'res://assets/tiles_bundle/ocean_v_final/base_depth/4_8_8.png'. Instead, import the image file as an Image resource and load it normally as a resource.
   at: load (core/io/image.cpp:2770)
   GDScript backtrace (most recent call first):
       [0] _decode_in_thread (res://scripts/StreamedBakedTileProvider.gd:93)
WARNING: Loaded resource as image file, this will not work on export: 'res://assets/tiles_bundle/ocean_v_final/base_depth/4_9_8.png'. Instead, import the image file as an Image resource and load it normally as a resource.
   at: load (core/io/image.cpp:2770)
   GDScript backtrace (most recent call first):
       [0] _decode_in_thread (res://scripts/StreamedBakedTileProvider.gd:93)
WARNING: Loaded resource as image file, this will not work on export: 'res://assets/tiles_bundle/ocean_v_final/base_depth/4_10_8.png'. Instead, import the image file as an Image resource and load it normally as a resource.
   at: load (core/io/image.cpp:2770)
   GDScript backtrace (most recent call first):
       [0] _decode_in_thread (res://scripts/StreamedBakedTileProvider.gd:93)
WARNING: Loaded resource as image file, this will not work on export: 'res://assets/tiles_bundle/ocean_v_final/base_depth/4_11_8.png'. Instead, import the image file as an Image resource and load it normally as a resource.
   at: load (core/io/image.cpp:2770)
   GDScript backtrace (most recent call first):
       [0] _decode_in_thread (res://scripts/StreamedBakedTileProvider.gd:93)
WARNING: Loaded resource as image file, this will not work on export: 'res://assets/tiles_bundle/ocean_v_final/base_depth/4_12_8.png'. Instead, import the image file as an Image resource and load it normally as a resource.
   at: load (core/io/image.cpp:2770)
   GDScript backtrace (most recent call first):
       [0] _decode_in_thread (res://scripts/StreamedBakedTileProvider.gd:93)
WARNING: Loaded resource as image file, this will not work on export: 'res://assets/tiles_bundle/ocean_v_final/base_depth/4_13_8.png'. Instead, import the image file as an Image resource and load it normally as a resource.
   at: load (core/io/image.cpp:2770)
   GDScript backtrace (most recent call first):
       [0] _decode_in_thread (res://scripts/StreamedBakedTileProvider.gd:93)
WARNING: Loaded resource as image file, this will not work on export: 'res://assets/tiles_bundle/ocean_v_final/base_depth/4_14_8.png'. Instead, import the image file as an Image resource and load it normally as a resource.
   at: load (core/io/image.cpp:2770)
   GDScript backtrace (most recent call first):
       [0] _decode_in_thread (res://scripts/StreamedBakedTileProvider.gd:93)
WARNING: Loaded resource as image file, this will not work on export: 'res://assets/tiles_bundle/ocean_v_final/base_depth/4_1_9.png'. Instead, import the image file as an Image resource and load it normally as a resource.
   at: load (core/io/image.cpp:2770)
   GDScript backtrace (most recent call first):
       [0] _decode_in_thread (res://scripts/StreamedBakedTileProvider.gd:93)
WARNING: Loaded resource as image file, this will not work on export: 'res://assets/tiles_bundle/ocean_v_final/base_depth/4_2_9.png'. Instead, import the image file as an Image resource and load it normally as a resource.
   at: load (core/io/image.cpp:2770)
   GDScript backtrace (most recent call first):
       [0] _decode_in_thread (res://scripts/StreamedBakedTileProvider.gd:93)
WARNING: Loaded resource as image file, this will not work on export: 'res://assets/tiles_bundle/ocean_v_final/base_depth/4_3_9.png'. Instead, import the image file as an Image resource and load it normally as a resource.
   at: load (core/io/image.cpp:2770)
   GDScript backtrace (most recent call first):
       [0] _decode_in_thread (res://scripts/StreamedBakedTileProvider.gd:93)
WARNING: Loaded resource as image file, this will not work on export: 'res://assets/tiles_bundle/ocean_v_final/base_depth/4_4_9.png'. Instead, import the image file as an Image resource and load it normally as a resource.
   at: load (core/io/image.cpp:2770)
   GDScript backtrace (most recent call first):
       [0] _decode_in_thread (res://scripts/StreamedBakedTileProvider.gd:93)
WARNING: Loaded resource as image file, this will not work on export: 'res://assets/tiles_bundle/ocean_v_final/base_depth/4_5_9.png'. Instead, import the image file as an Image resource and load it normally as a resource.
   at: load (core/io/image.cpp:2770)
   GDScript backtrace (most recent call first):
       [0] _decode_in_thread (res://scripts/StreamedBakedTileProvider.gd:93)
WARNING: Loaded resource as image file, this will not work on export: 'res://assets/tiles_bundle/ocean_v_final/base_depth/4_6_9.png'. Instead, import the image file as an Image resource and load it normally as a resource.
   at: load (core/io/image.cpp:2770)
   GDScript backtrace (most recent call first):
       [0] _decode_in_thread (res://scripts/StreamedBakedTileProvider.gd:93)
WARNING: Loaded resource as image file, this will not work on export: 'res://assets/tiles_bundle/ocean_v_final/base_depth/4_7_9.png'. Instead, import the image file as an Image resource and load it normally as a resource.
   at: load (core/io/image.cpp:2770)
   GDScript backtrace (most recent call first):
       [0] _decode_in_thread (res://scripts/StreamedBakedTileProvider.gd:93)
WARNING: Loaded resource as image file, this will not work on export: 'res://assets/tiles_bundle/ocean_v_final/base_depth/4_8_9.png'. Instead, import the image file as an Image resource and load it normally as a resource.
   at: load (core/io/image.cpp:2770)
   GDScript backtrace (most recent call first):
       [0] _decode_in_thread (res://scripts/StreamedBakedTileProvider.gd:93)
WARNING: Loaded resource as image file, this will not work on export: 'res://assets/tiles_bundle/ocean_v_final/base_depth/4_9_9.png'. Instead, import the image file as an Image resource and load it normally as a resource.
   at: load (core/io/image.cpp:2770)
   GDScript backtrace (most recent call first):
       [0] _decode_in_thread (res://scripts/StreamedBakedTileProvider.gd:93)
WARNING: Loaded resource as image file, this will not work on export: 'res://assets/tiles_bundle/ocean_v_final/base_depth/4_10_9.png'. Instead, import the image file as an Image resource and load it normally as a resource.
   at: load (core/io/image.cpp:2770)
   GDScript backtrace (most recent call first):
       [0] _decode_in_thread (res://scripts/StreamedBakedTileProvider.gd:93)
WARNING: Loaded resource as image file, this will not work on export: 'res://assets/tiles_bundle/ocean_v_final/base_depth/4_11_9.png'. Instead, import the image file as an Image resource and load it normally as a resource.
   at: load (core/io/image.cpp:2770)
   GDScript backtrace (most recent call first):
       [0] _decode_in_thread (res://scripts/StreamedBakedTileProvider.gd:93)
WARNING: Loaded resource as image file, this will not work on export: 'res://assets/tiles_bundle/ocean_v_final/base_depth/4_12_9.png'. Instead, import the image file as an Image resource and load it normally as a resource.
   at: load (core/io/image.cpp:2770)
   GDScript backtrace (most recent call first):
       [0] _decode_in_thread (res://scripts/StreamedBakedTileProvider.gd:93)
WARNING: Loaded resource as image file, this will not work on export: 'res://assets/tiles_bundle/ocean_v_final/base_depth/4_13_9.png'. Instead, import the image file as an Image resource and load it normally as a resource.
   at: load (core/io/image.cpp:2770)
   GDScript backtrace (most recent call first):
       [0] _decode_in_thread (res://scripts/StreamedBakedTileProvider.gd:93)
WARNING: Loaded resource as image file, this will not work on export: 'res://assets/tiles_bundle/ocean_v_final/base_depth/4_14_9.png'. Instead, import the image file as an Image resource and load it normally as a resource.
   at: load (core/io/image.cpp:2770)
   GDScript backtrace (most recent call first):
       [0] _decode_in_thread (res://scripts/StreamedBakedTileProvider.gd:93)
WARNING: Loaded resource as image file, this will not work on export: 'res://assets/tiles_bundle/ocean_v_final/base_depth/4_1_10.png'. Instead, import the image file as an Image resource and load it normally as a resource.
   at: load (core/io/image.cpp:2770)
   GDScript backtrace (most recent call first):
       [0] _decode_in_thread (res://scripts/StreamedBakedTileProvider.gd:93)
WARNING: Loaded resource as image file, this will not work on export: 'res://assets/tiles_bundle/ocean_v_final/base_depth/4_2_10.png'. Instead, import the image file as an Image resource and load it normally as a resource.
   at: load (core/io/image.cpp:2770)
   GDScript backtrace (most recent call first):
       [0] _decode_in_thread (res://scripts/StreamedBakedTileProvider.gd:93)
WARNING: Loaded resource as image file, this will not work on export: 'res://assets/tiles_bundle/ocean_v_final/base_depth/4_3_10.png'. Instead, import the image file as an Image resource and load it normally as a resource.
   at: load (core/io/image.cpp:2770)
   GDScript backtrace (most recent call first):
       [0] _decode_in_thread (res://scripts/StreamedBakedTileProvider.gd:93)
WARNING: Loaded resource as image file, this will not work on export: 'res://assets/tiles_bundle/ocean_v_final/base_depth/4_4_10.png'. Instead, import the image file as an Image resource and load it normally as a resource.
   at: load (core/io/image.cpp:2770)
   GDScript backtrace (most recent call first):
       [0] _decode_in_thread (res://scripts/StreamedBakedTileProvider.gd:93)
WARNING: Loaded resource as image file, this will not work on export: 'res://assets/tiles_bundle/ocean_v_final/base_depth/4_5_10.png'. Instead, import the image file as an Image resource and load it normally as a resource.
   at: load (core/io/image.cpp:2770)
   GDScript backtrace (most recent call first):
       [0] _decode_in_thread (res://scripts/StreamedBakedTileProvider.gd:93)
WARNING: Loaded resource as image file, this will not work on export: 'res://assets/tiles_bundle/ocean_v_final/base_depth/4_6_10.png'. Instead, import the image file as an Image resource and load it normally as a resource.
   at: load (core/io/image.cpp:2770)
   GDScript backtrace (most recent call first):
       [0] _decode_in_thread (res://scripts/StreamedBakedTileProvider.gd:93)
WARNING: Loaded resource as image file, this will not work on export: 'res://assets/tiles_bundle/ocean_v_final/base_depth/4_7_10.png'. Instead, import the image file as an Image resource and load it normally as a resource.
   at: load (core/io/image.cpp:2770)
   GDScript backtrace (most recent call first):
       [0] _decode_in_thread (res://scripts/StreamedBakedTileProvider.gd:93)
WARNING: Loaded resource as image file, this will not work on export: 'res://assets/tiles_bundle/ocean_v_final/base_depth/4_8_10.png'. Instead, import the image file as an Image resource and load it normally as a resource.
   at: load (core/io/image.cpp:2770)
   GDScript backtrace (most recent call first):
       [0] _decode_in_thread (res://scripts/StreamedBakedTileProvider.gd:93)
WARNING: Loaded resource as image file, this will not work on export: 'res://assets/tiles_bundle/ocean_v_final/base_depth/4_9_10.png'. Instead, import the image file as an Image resource and load it normally as a resource.
   at: load (core/io/image.cpp:2770)
   GDScript backtrace (most recent call first):
       [0] _decode_in_thread (res://scripts/StreamedBakedTileProvider.gd:93)
WARNING: Loaded resource as image file, this will not work on export: 'res://assets/tiles_bundle/ocean_v_final/base_depth/4_10_10.png'. Instead, import the image file as an Image resource and load it normally as a resource.
   at: load (core/io/image.cpp:2770)
   GDScript backtrace (most recent call first):
       [0] _decode_in_thread (res://scripts/StreamedBakedTileProvider.gd:93)
WARNING: Loaded resource as image file, this will not work on export: 'res://assets/tiles_bundle/ocean_v_final/base_depth/4_11_10.png'. Instead, import the image file as an Image resource and load it normally as a resource.
   at: load (core/io/image.cpp:2770)
   GDScript backtrace (most recent call first):
       [0] _decode_in_thread (res://scripts/StreamedBakedTileProvider.gd:93)
WARNING: Loaded resource as image file, this will not work on export: 'res://assets/tiles_bundle/ocean_v_final/base_depth/4_12_10.png'. Instead, import the image file as an Image resource and load it normally as a resource.
   at: load (core/io/image.cpp:2770)
   GDScript backtrace (most recent call first):
       [0] _decode_in_thread (res://scripts/StreamedBakedTileProvider.gd:93)
WARNING: Loaded resource as image file, this will not work on export: 'res://assets/tiles_bundle/ocean_v_final/base_depth/4_13_10.png'. Instead, import the image file as an Image resource and load it normally as a resource.
   at: load (core/io/image.cpp:2770)
   GDScript backtrace (most recent call first):
       [0] _decode_in_thread (res://scripts/StreamedBakedTileProvider.gd:93)
WARNING: Loaded resource as image file, this will not work on export: 'res://assets/tiles_bundle/ocean_v_final/base_depth/4_14_10.png'. Instead, import the image file as an Image resource and load it normally as a resource.
   at: load (core/io/image.cpp:2770)
   GDScript backtrace (most recent call first):
       [0] _decode_in_thread (res://scripts/StreamedBakedTileProvider.gd:93)
WARNING: Loaded resource as image file, this will not work on export: 'res://assets/tiles_bundle/ocean_v_final/shallow/4_4_4.png'. Instead, import the image file as an Image resource and load it normally as a resource.
   at: load (core/io/image.cpp:2770)
   GDScript backtrace (most recent call first):
       [0] _decode_in_thread (res://scripts/StreamedBakedTileProvider.gd:93)
WARNING: Loaded resource as image file, this will not work on export: 'res://assets/tiles_bundle/ocean_v_final/shallow/4_5_4.png'. Instead, import the image file as an Image resource and load it normally as a resource.
   at: load (core/io/image.cpp:2770)
   GDScript backtrace (most recent call first):
       [0] _decode_in_thread (res://scripts/StreamedBakedTileProvider.gd:93)
WARNING: Loaded resource as image file, this will not work on export: 'res://assets/tiles_bundle/ocean_v_final/shallow/4_6_4.png'. Instead, import the image file as an Image resource and load it normally as a resource.
   at: load (core/io/image.cpp:2770)
   GDScript backtrace (most recent call first):
       [0] _decode_in_thread (res://scripts/StreamedBakedTileProvider.gd:93)
WARNING: Loaded resource as image file, this will not work on export: 'res://assets/tiles_bundle/ocean_v_final/shallow/4_7_4.png'. Instead, import the image file as an Image resource and load it normally as a resource.
   at: load (core/io/image.cpp:2770)
   GDScript backtrace (most recent call first):
       [0] _decode_in_thread (res://scripts/StreamedBakedTileProvider.gd:93)
WARNING: Loaded resource as image file, this will not work on export: 'res://assets/tiles_bundle/ocean_v_final/shallow/4_8_4.png'. Instead, import the image file as an Image resource and load it normally as a resource.
   at: load (core/io/image.cpp:2770)
   GDScript backtrace (most recent call first):
       [0] _decode_in_thread (res://scripts/StreamedBakedTileProvider.gd:93)
WARNING: Loaded resource as image file, this will not work on export: 'res://assets/tiles_bundle/ocean_v_final/shallow/4_9_4.png'. Instead, import the image file as an Image resource and load it normally as a resource.
   at: load (core/io/image.cpp:2770)
   GDScript backtrace (most recent call first):
       [0] _decode_in_thread (res://scripts/StreamedBakedTileProvider.gd:93)
WARNING: Loaded resource as image file, this will not work on export: 'res://assets/tiles_bundle/ocean_v_final/shallow/4_4_5.png'. Instead, import the image file as an Image resource and load it normally as a resource.
   at: load (core/io/image.cpp:2770)
   GDScript backtrace (most recent call first):
       [0] _decode_in_thread (res://scripts/StreamedBakedTileProvider.gd:93)
WARNING: Loaded resource as image file, this will not work on export: 'res://assets/tiles_bundle/ocean_v_final/shallow/4_5_5.png'. Instead, import the image file as an Image resource and load it normally as a resource.
   at: load (core/io/image.cpp:2770)
   GDScript backtrace (most recent call first):
       [0] _decode_in_thread (res://scripts/StreamedBakedTileProvider.gd:93)
WARNING: Loaded resource as image file, this will not work on export: 'res://assets/tiles_bundle/ocean_v_final/shallow/4_7_5.png'. Instead, import the image file as an Image resource and load it normally as a resource.
   at: load (core/io/image.cpp:2770)
   GDScript backtrace (most recent call first):
       [0] _decode_in_thread (res://scripts/StreamedBakedTileProvider.gd:93)
WARNING: Loaded resource as image file, this will not work on export: 'res://assets/tiles_bundle/ocean_v_final/shallow/4_8_5.png'. Instead, import the image file as an Image resource and load it normally as a resource.
   at: load (core/io/image.cpp:2770)
   GDScript backtrace (most recent call first):
       [0] _decode_in_thread (res://scripts/StreamedBakedTileProvider.gd:93)
WARNING: Loaded resource as image file, this will not work on export: 'res://assets/tiles_bundle/ocean_v_final/shallow/4_9_5.png'. Instead, import the image file as an Image resource and load it normally as a resource.
   at: load (core/io/image.cpp:2770)
   GDScript backtrace (most recent call first):
       [0] _decode_in_thread (res://scripts/StreamedBakedTileProvider.gd:93)
WARNING: Loaded resource as image file, this will not work on export: 'res://assets/tiles_bundle/ocean_v_final/shallow/4_4_6.png'. Instead, import the image file as an Image resource and load it normally as a resource.
   at: load (core/io/image.cpp:2770)
   GDScript backtrace (most recent call first):
       [0] _decode_in_thread (res://scripts/StreamedBakedTileProvider.gd:93)
WARNING: Loaded resource as image file, this will not work on export: 'res://assets/tiles_bundle/ocean_v_final/shallow/4_6_6.png'. Instead, import the image file as an Image resource and load it normally as a resource.
   at: load (core/io/image.cpp:2770)
   GDScript backtrace (most recent call first):
       [0] _decode_in_thread (res://scripts/StreamedBakedTileProvider.gd:93)
WARNING: Loaded resource as image file, this will not work on export: 'res://assets/tiles_bundle/ocean_v_final/shallow/4_7_6.png'. Instead, import the image file as an Image resource and load it normally as a resource.
   at: load (core/io/image.cpp:2770)
   GDScript backtrace (most recent call first):
       [0] _decode_in_thread (res://scripts/StreamedBakedTileProvider.gd:93)
WARNING: Loaded resource as image file, this will not work on export: 'res://assets/tiles_bundle/ocean_v_final/shallow/4_8_6.png'. Instead, import the image file as an Image resource and load it normally as a resource.
   at: load (core/io/image.cpp:2770)
   GDScript backtrace (most recent call first):
       [0] _decode_in_thread (res://scripts/StreamedBakedTileProvider.gd:93)
WARNING: Loaded resource as image file, this will not work on export: 'res://assets/tiles_bundle/ocean_v_final/shallow/4_9_6.png'. Instead, import the image file as an Image resource and load it normally as a resource.
   at: load (core/io/image.cpp:2770)
   GDScript backtrace (most recent call first):
       [0] _decode_in_thread (res://scripts/StreamedBakedTileProvider.gd:93)
WARNING: Loaded resource as image file, this will not work on export: 'res://assets/tiles_bundle/ocean_v_final/shallow/4_4_7.png'. Instead, import the image file as an Image resource and load it normally as a resource.
   at: load (core/io/image.cpp:2770)
   GDScript backtrace (most recent call first):
       [0] _decode_in_thread (res://scripts/StreamedBakedTileProvider.gd:93)
WARNING: Loaded resource as image file, this will not work on export: 'res://assets/tiles_bundle/ocean_v_final/shallow/4_5_7.png'. Instead, import the image file as an Image resource and load it normally as a resource.
   at: load (core/io/image.cpp:2770)
   GDScript backtrace (most recent call first):
       [0] _decode_in_thread (res://scripts/StreamedBakedTileProvider.gd:93)
WARNING: Loaded resource as image file, this will not work on export: 'res://assets/tiles_bundle/ocean_v_final/shallow/4_6_7.png'. Instead, import the image file as an Image resource and load it normally as a resource.
   at: load (core/io/image.cpp:2770)
   GDScript backtrace (most recent call first):
       [0] _decode_in_thread (res://scripts/StreamedBakedTileProvider.gd:93)
WARNING: Loaded resource as image file, this will not work on export: 'res://assets/tiles_bundle/ocean_v_final/shallow/4_7_7.png'. Instead, import the image file as an Image resource and load it normally as a resource.
   at: load (core/io/image.cpp:2770)
   GDScript backtrace (most recent call first):
       [0] _decode_in_thread (res://scripts/StreamedBakedTileProvider.gd:93)
WARNING: Loaded resource as image file, this will not work on export: 'res://assets/tiles_bundle/ocean_v_final/shallow/4_8_7.png'. Instead, import the image file as an Image resource and load it normally as a resource.
   at: load (core/io/image.cpp:2770)
   GDScript backtrace (most recent call first):
       [0] _decode_in_thread (res://scripts/StreamedBakedTileProvider.gd:93)
WARNING: Loaded resource as image file, this will not work on export: 'res://assets/tiles_bundle/ocean_v_final/shallow/4_4_8.png'. Instead, import the image file as an Image resource and load it normally as a resource.
   at: load (core/io/image.cpp:2770)
   GDScript backtrace (most recent call first):
       [0] _decode_in_thread (res://scripts/StreamedBakedTileProvider.gd:93)
WARNING: Loaded resource as image file, this will not work on export: 'res://assets/tiles_bundle/ocean_v_final/shallow/4_5_8.png'. Instead, import the image file as an Image resource and load it normally as a resource.
   at: load (core/io/image.cpp:2770)
   GDScript backtrace (most recent call first):
       [0] _decode_in_thread (res://scripts/StreamedBakedTileProvider.gd:93)
WARNING: Loaded resource as image file, this will not work on export: 'res://assets/tiles_bundle/ocean_v_final/shallow/4_6_8.png'. Instead, import the image file as an Image resource and load it normally as a resource.
   at: load (core/io/image.cpp:2770)
   GDScript backtrace (most recent call first):
       [0] _decode_in_thread (res://scripts/StreamedBakedTileProvider.gd:93)
WARNING: Loaded resource as image file, this will not work on export: 'res://assets/tiles_bundle/ocean_v_final/shallow/4_7_8.png'. Instead, import the image file as an Image resource and load it normally as a resource.
   at: load (core/io/image.cpp:2770)
   GDScript backtrace (most recent call first):
       [0] _decode_in_thread (res://scripts/StreamedBakedTileProvider.gd:93)
WARNING: Loaded resource as image file, this will not work on export: 'res://assets/tiles_bundle/ocean_v_final/shallow/4_8_8.png'. Instead, import the image file as an Image resource and load it normally as a resource.
   at: load (core/io/image.cpp:2770)
   GDScript backtrace (most recent call first):
       [0] _decode_in_thread (res://scripts/StreamedBakedTileProvider.gd:93)
WARNING: Loaded resource as image file, this will not work on export: 'res://assets/tiles_bundle/ocean_v_final/shallow/4_9_8.png'. Instead, import the image file as an Image resource and load it normally as a resource.
   at: load (core/io/image.cpp:2770)
   GDScript backtrace (most recent call first):
       [0] _decode_in_thread (res://scripts/StreamedBakedTileProvider.gd:93)
WARNING: Loaded resource as image file, this will not work on export: 'res://assets/tiles_bundle/ocean_v_final/shallow/4_4_9.png'. Instead, import the image file as an Image resource and load it normally as a resource.
   at: load (core/io/image.cpp:2770)
   GDScript backtrace (most recent call first):
       [0] _decode_in_thread (res://scripts/StreamedBakedTileProvider.gd:93)
WARNING: Loaded resource as image file, this will not work on export: 'res://assets/tiles_bundle/ocean_v_final/shallow/4_5_9.png'. Instead, import the image file as an Image resource and load it normally as a resource.
   at: load (core/io/image.cpp:2770)
   GDScript backtrace (most recent call first):
       [0] _decode_in_thread (res://scripts/StreamedBakedTileProvider.gd:93)
WARNING: Loaded resource as image file, this will not work on export: 'res://assets/tiles_bundle/ocean_v_final/shallow/4_6_9.png'. Instead, import the image file as an Image resource and load it normally as a resource.
   at: load (core/io/image.cpp:2770)
   GDScript backtrace (most recent call first):
       [0] _decode_in_thread (res://scripts/StreamedBakedTileProvider.gd:93)
WARNING: Loaded resource as image file, this will not work on export: 'res://assets/tiles_bundle/ocean_v_final/shallow/4_8_9.png'. Instead, import the image file as an Image resource and load it normally as a resource.
   at: load (core/io/image.cpp:2770)
   GDScript backtrace (most recent call first):
       [0] _decode_in_thread (res://scripts/StreamedBakedTileProvider.gd:93)
WARNING: Loaded resource as image file, this will not work on export: 'res://assets/tiles_bundle/ocean_v_final/shallow/4_9_9.png'. Instead, import the image file as an Image resource and load it normally as a resource.
   at: load (core/io/image.cpp:2770)
   GDScript backtrace (most recent call first):
       [0] _decode_in_thread (res://scripts/StreamedBakedTileProvider.gd:93)
WARNING: Loaded resource as image file, this will not work on export: 'res://assets/tiles_bundle/ocean_v_final/base_depth/5_8_8.png'. Instead, import the image file as an Image resource and load it normally as a resource.
   at: load (core/io/image.cpp:2770)
   GDScript backtrace (most recent call first):
       [0] _decode_in_thread (res://scripts/StreamedBakedTileProvider.gd:93)
WARNING: Loaded resource as image file, this will not work on export: 'res://assets/tiles_bundle/ocean_v_final/base_depth/5_9_8.png'. Instead, import the image file as an Image resource and load it normally as a resource.
   at: load (core/io/image.cpp:2770)
   GDScript backtrace (most recent call first):
       [0] _decode_in_thread (res://scripts/StreamedBakedTileProvider.gd:93)
WARNING: Loaded resource as image file, this will not work on export: 'res://assets/tiles_bundle/ocean_v_final/base_depth/5_10_8.png'. Instead, import the image file as an Image resource and load it normally as a resource.
   at: load (core/io/image.cpp:2770)
   GDScript backtrace (most recent call first):
       [0] _decode_in_thread (res://scripts/StreamedBakedTileProvider.gd:93)
WARNING: Loaded resource as image file, this will not work on export: 'res://assets/tiles_bundle/ocean_v_final/base_depth/5_11_8.png'. Instead, import the image file as an Image resource and load it normally as a resource.
   at: load (core/io/image.cpp:2770)
   GDScript backtrace (most recent call first):
       [0] _decode_in_thread (res://scripts/StreamedBakedTileProvider.gd:93)
WARNING: Loaded resource as image file, this will not work on export: 'res://assets/tiles_bundle/ocean_v_final/base_depth/5_12_8.png'. Instead, import the image file as an Image resource and load it normally as a resource.
   at: load (core/io/image.cpp:2770)
   GDScript backtrace (most recent call first):
       [0] _decode_in_thread (res://scripts/StreamedBakedTileProvider.gd:93)
WARNING: Loaded resource as image file, this will not work on export: 'res://assets/tiles_bundle/ocean_v_final/base_depth/5_13_8.png'. Instead, import the image file as an Image resource and load it normally as a resource.
   at: load (core/io/image.cpp:2770)
   GDScript backtrace (most recent call first):
       [0] _decode_in_thread (res://scripts/StreamedBakedTileProvider.gd:93)
WARNING: Loaded resource as image file, this will not work on export: 'res://assets/tiles_bundle/ocean_v_final/base_depth/5_14_8.png'. Instead, import the image file as an Image resource and load it normally as a resource.
   at: load (core/io/image.cpp:2770)
   GDScript backtrace (most recent call first):
       [0] _decode_in_thread (res://scripts/StreamedBakedTileProvider.gd:93)
WARNING: Loaded resource as image file, this will not work on export: 'res://assets/tiles_bundle/ocean_v_final/base_depth/5_16_8.png'. Instead, import the image file as an Image resource and load it normally as a resource.
   at: load (core/io/image.cpp:2770)
   GDScript backtrace (most recent call first):
       [0] _decode_in_thread (res://scripts/StreamedBakedTileProvider.gd:93)
WARNING: Loaded resource as image file, this will not work on export: 'res://assets/tiles_bundle/ocean_v_final/base_depth/5_15_8.png'. Instead, import the image file as an Image resource and load it normally as a resource.
   at: load (core/io/image.cpp:2770)
   GDScript backtrace (most recent call first):
       [0] _decode_in_thread (res://scripts/StreamedBakedTileProvider.gd:93)
WARNING: Loaded resource as image file, this will not work on export: 'res://assets/tiles_bundle/ocean_v_final/base_depth/5_17_8.png'. Instead, import the image file as an Image resource and load it normally as a resource.
   at: load (core/io/image.cpp:2770)
   GDScript backtrace (most recent call first):
       [0] _decode_in_thread (res://scripts/StreamedBakedTileProvider.gd:93)
WARNING: Loaded resource as image file, this will not work on export: 'res://assets/tiles_bundle/ocean_v_final/base_depth/5_18_8.png'. Instead, import the image file as an Image resource and load it normally as a resource.
   at: load (core/io/image.cpp:2770)
   GDScript backtrace (most recent call first):
       [0] _decode_in_thread (res://scripts/StreamedBakedTileProvider.gd:93)
WARNING: Loaded resource as image file, this will not work on export: 'res://assets/tiles_bundle/ocean_v_final/base_depth/5_19_8.png'. Instead, import the image file as an Image resource and load it normally as a resource.
   at: load (core/io/image.cpp:2770)
   GDScript backtrace (most recent call first):
       [0] _decode_in_thread (res://scripts/StreamedBakedTileProvider.gd:93)
WARNING: Loaded resource as image file, this will not work on export: 'res://assets/tiles_bundle/ocean_v_final/base_depth/5_22_8.png'. Instead, import the image file as an Image resource and load it normally as a resource.
   at: load (core/io/image.cpp:2770)
   GDScript backtrace (most recent call first):
       [0] _decode_in_thread (res://scripts/StreamedBakedTileProvider.gd:93)
WARNING: Loaded resource as image file, this will not work on export: 'res://assets/tiles_bundle/ocean_v_final/base_depth/5_8_9.png'. Instead, import the image file as an Image resource and load it normally as a resource.
   at: load (core/io/image.cpp:2770)
   GDScript backtrace (most recent call first):
       [0] _decode_in_thread (res://scripts/StreamedBakedTileProvider.gd:93)
WARNING: Loaded resource as image file, this will not work on export: 'res://assets/tiles_bundle/ocean_v_final/base_depth/5_9_9.png'. Instead, import the image file as an Image resource and load it normally as a resource.
   at: load (core/io/image.cpp:2770)
   GDScript backtrace (most recent call first):
       [0] _decode_in_thread (res://scripts/StreamedBakedTileProvider.gd:93)
WARNING: Loaded resource as image file, this will not work on export: 'res://assets/tiles_bundle/ocean_v_final/base_depth/5_11_9.png'. Instead, import the image file as an Image resource and load it normally as a resource.
   at: load (core/io/image.cpp:2770)
   GDScript backtrace (most recent call first):
       [0] _decode_in_thread (res://scripts/StreamedBakedTileProvider.gd:93)
WARNING: Loaded resource as image file, this will not work on export: 'res://assets/tiles_bundle/ocean_v_final/base_depth/5_10_9.png'. Instead, import the image file as an Image resource and load it normally as a resource.
   at: load (core/io/image.cpp:2770)
   GDScript backtrace (most recent call first):
       [0] _decode_in_thread (res://scripts/StreamedBakedTileProvider.gd:93)
WARNING: Loaded resource as image file, this will not work on export: 'res://assets/tiles_bundle/ocean_v_final/base_depth/5_13_9.png'. Instead, import the image file as an Image resource and load it normally as a resource.
   at: load (core/io/image.cpp:2770)
   GDScript backtrace (most recent call first):
       [0] _decode_in_thread (res://scripts/StreamedBakedTileProvider.gd:93)
WARNING: Loaded resource as image file, this will not work on export: 'res://assets/tiles_bundle/ocean_v_final/base_depth/5_12_9.png'. Instead, import the image file as an Image resource and load it normally as a resource.
   at: load (core/io/image.cpp:2770)
   GDScript backtrace (most recent call first):
       [0] _decode_in_thread (res://scripts/StreamedBakedTileProvider.gd:93)
WARNING: Loaded resource as image file, this will not work on export: 'res://assets/tiles_bundle/ocean_v_final/base_depth/5_14_9.png'. Instead, import the image file as an Image resource and load it normally as a resource.
   at: load (core/io/image.cpp:2770)
   GDScript backtrace (most recent call first):
       [0] _decode_in_thread (res://scripts/StreamedBakedTileProvider.gd:93)
WARNING: Loaded resource as image file, this will not work on export: 'res://assets/tiles_bundle/ocean_v_final/base_depth/5_15_9.png'. Instead, import the image file as an Image resource and load it normally as a resource.
   at: load (core/io/image.cpp:2770)
   GDScript backtrace (most recent call first):
       [0] _decode_in_thread (res://scripts/StreamedBakedTileProvider.gd:93)
WARNING: Loaded resource as image file, this will not work on export: 'res://assets/tiles_bundle/ocean_v_final/base_depth/5_16_9.png'. Instead, import the image file as an Image resource and load it normally as a resource.
   at: load (core/io/image.cpp:2770)
   GDScript backtrace (most recent call first):
       [0] _decode_in_thread (res://scripts/StreamedBakedTileProvider.gd:93)
WARNING: Loaded resource as image file, this will not work on export: 'res://assets/tiles_bundle/ocean_v_final/base_depth/5_17_9.png'. Instead, import the image file as an Image resource and load it normally as a resource.
   at: load (core/io/image.cpp:2770)
   GDScript backtrace (most recent call first):
       [0] _decode_in_thread (res://scripts/StreamedBakedTileProvider.gd:93)
WARNING: Loaded resource as image file, this will not work on export: 'res://assets/tiles_bundle/ocean_v_final/base_depth/5_18_9.png'. Instead, import the image file as an Image resource and load it normally as a resource.
   at: load (core/io/image.cpp:2770)
   GDScript backtrace (most recent call first):
       [0] _decode_in_thread (res://scripts/StreamedBakedTileProvider.gd:93)
WARNING: Loaded resource as image file, this will not work on export: 'res://assets/tiles_bundle/ocean_v_final/base_depth/5_8_10.png'. Instead, import the image file as an Image resource and load it normally as a resource.
   at: load (core/io/image.cpp:2770)
   GDScript backtrace (most recent call first):
       [0] _decode_in_thread (res://scripts/StreamedBakedTileProvider.gd:93)
WARNING: Loaded resource as image file, this will not work on export: 'res://assets/tiles_bundle/ocean_v_final/base_depth/5_9_10.png'. Instead, import the image file as an Image resource and load it normally as a resource.
   at: load (core/io/image.cpp:2770)
   GDScript backtrace (most recent call first):
       [0] _decode_in_thread (res://scripts/StreamedBakedTileProvider.gd:93)
WARNING: Loaded resource as image file, this will not work on export: 'res://assets/tiles_bundle/ocean_v_final/base_depth/5_10_10.png'. Instead, import the image file as an Image resource and load it normally as a resource.
   at: load (core/io/image.cpp:2770)
   GDScript backtrace (most recent call first):
       [0] _decode_in_thread (res://scripts/StreamedBakedTileProvider.gd:93)
WARNING: Loaded resource as image file, this will not work on export: 'res://assets/tiles_bundle/ocean_v_final/base_depth/5_11_10.png'. Instead, import the image file as an Image resource and load it normally as a resource.
   at: load (core/io/image.cpp:2770)
   GDScript backtrace (most recent call first):
       [0] _decode_in_thread (res://scripts/StreamedBakedTileProvider.gd:93)
WARNING: Loaded resource as image file, this will not work on export: 'res://assets/tiles_bundle/ocean_v_final/base_depth/5_12_10.png'. Instead, import the image file as an Image resource and load it normally as a resource.
   at: load (core/io/image.cpp:2770)
   GDScript backtrace (most recent call first):
       [0] _decode_in_thread (res://scripts/StreamedBakedTileProvider.gd:93)
WARNING: Loaded resource as image file, this will not work on export: 'res://assets/tiles_bundle/ocean_v_final/base_depth/5_13_10.png'. Instead, import the image file as an Image resource and load it normally as a resource.
   at: load (core/io/image.cpp:2770)
   GDScript backtrace (most recent call first):
       [0] _decode_in_thread (res://scripts/StreamedBakedTileProvider.gd:93)
WARNING: Loaded resource as image file, this will not work on export: 'res://assets/tiles_bundle/ocean_v_final/base_depth/5_14_10.png'. Instead, import the image file as an Image resource and load it normally as a resource.
   at: load (core/io/image.cpp:2770)
   GDScript backtrace (most recent call first):
       [0] _decode_in_thread (res://scripts/StreamedBakedTileProvider.gd:93)
WARNING: Loaded resource as image file, this will not work on export: 'res://assets/tiles_bundle/ocean_v_final/base_depth/5_15_10.png'. Instead, import the image file as an Image resource and load it normally as a resource.
   at: load (core/io/image.cpp:2770)
   GDScript backtrace (most recent call first):
       [0] _decode_in_thread (res://scripts/StreamedBakedTileProvider.gd:93)
WARNING: Loaded resource as image file, this will not work on export: 'res://assets/tiles_bundle/ocean_v_final/base_depth/5_16_10.png'. Instead, import the image file as an Image resource and load it normally as a resource.
   at: load (core/io/image.cpp:2770)
   GDScript backtrace (most recent call first):
       [0] _decode_in_thread (res://scripts/StreamedBakedTileProvider.gd:93)
WARNING: Loaded resource as image file, this will not work on export: 'res://assets/tiles_bundle/ocean_v_final/base_depth/5_17_10.png'. Instead, import the image file as an Image resource and load it normally as a resource.
   at: load (core/io/image.cpp:2770)
   GDScript backtrace (most recent call first):
       [0] _decode_in_thread (res://scripts/StreamedBakedTileProvider.gd:93)
WARNING: Loaded resource as image file, this will not work on export: 'res://assets/tiles_bundle/ocean_v_final/base_depth/5_9_11.png'. Instead, import the image file as an Image resource and load it normally as a resource.
   at: load (core/io/image.cpp:2770)
   GDScript backtrace (most recent call first):
       [0] _decode_in_thread (res://scripts/StreamedBakedTileProvider.gd:93)
WARNING: Loaded resource as image file, this will not work on export: 'res://assets/tiles_bundle/ocean_v_final/base_depth/5_10_11.png'. Instead, import the image file as an Image resource and load it normally as a resource.
   at: load (core/io/image.cpp:2770)
   GDScript backtrace (most recent call first):
       [0] _decode_in_thread (res://scripts/StreamedBakedTileProvider.gd:93)
WARNING: Loaded resource as image file, this will not work on export: 'res://assets/tiles_bundle/ocean_v_final/base_depth/5_11_11.png'. Instead, import the image file as an Image resource and load it normally as a resource.
   at: load (core/io/image.cpp:2770)
   GDScript backtrace (most recent call first):
       [0] _decode_in_thread (res://scripts/StreamedBakedTileProvider.gd:93)
WARNING: Loaded resource as image file, this will not work on export: 'res://assets/tiles_bundle/ocean_v_final/base_depth/5_12_11.png'. Instead, import the image file as an Image resource and load it normally as a resource.
   at: load (core/io/image.cpp:2770)
   GDScript backtrace (most recent call first):
       [0] _decode_in_thread (res://scripts/StreamedBakedTileProvider.gd:93)
WARNING: Loaded resource as image file, this will not work on export: 'res://assets/tiles_bundle/ocean_v_final/base_depth/5_13_11.png'. Instead, import the image file as an Image resource and load it normally as a resource.
   at: load (core/io/image.cpp:2770)
   GDScript backtrace (most recent call first):
       [0] _decode_in_thread (res://scripts/StreamedBakedTileProvider.gd:93)
WARNING: Loaded resource as image file, this will not work on export: 'res://assets/tiles_bundle/ocean_v_final/base_depth/5_14_11.png'. Instead, import the image file as an Image resource and load it normally as a resource.
   at: load (core/io/image.cpp:2770)
   GDScript backtrace (most recent call first):
       [0] _decode_in_thread (res://scripts/StreamedBakedTileProvider.gd:93)
WARNING: Loaded resource as image file, this will not work on export: 'res://assets/tiles_bundle/ocean_v_final/base_depth/5_15_11.png'. Instead, import the image file as an Image resource and load it normally as a resource.
   at: load (core/io/image.cpp:2770)
   GDScript backtrace (most recent call first):
       [0] _decode_in_thread (res://scripts/StreamedBakedTileProvider.gd:93)
WARNING: Loaded resource as image file, this will not work on export: 'res://assets/tiles_bundle/ocean_v_final/base_depth/5_16_11.png'. Instead, import the image file as an Image resource and load it normally as a resource.
   at: load (core/io/image.cpp:2770)
   GDScript backtrace (most recent call first):
       [0] _decode_in_thread (res://scripts/StreamedBakedTileProvider.gd:93)
WARNING: Loaded resource as image file, this will not work on export: 'res://assets/tiles_bundle/ocean_v_final/base_depth/5_17_11.png'. Instead, import the image file as an Image resource and load it normally as a resource.
   at: load (core/io/image.cpp:2770)
   GDScript backtrace (most recent call first):
       [0] _decode_in_thread (res://scripts/StreamedBakedTileProvider.gd:93)
WARNING: Loaded resource as image file, this will not work on export: 'res://assets/tiles_bundle/ocean_v_final/base_depth/5_18_11.png'. Instead, import the image file as an Image resource and load it normally as a resource.
   at: load (core/io/image.cpp:2770)
   GDScript backtrace (most recent call first):
       [0] _decode_in_thread (res://scripts/StreamedBakedTileProvider.gd:93)
WARNING: Loaded resource as image file, this will not work on export: 'res://assets/tiles_bundle/ocean_v_final/base_depth/5_19_11.png'. Instead, import the image file as an Image resource and load it normally as a resource.
   at: load (core/io/image.cpp:2770)
   GDScript backtrace (most recent call first):
       [0] _decode_in_thread (res://scripts/StreamedBakedTileProvider.gd:93)
WARNING: Loaded resource as image file, this will not work on export: 'res://assets/tiles_bundle/ocean_v_final/base_depth/5_20_11.png'. Instead, import the image file as an Image resource and load it normally as a resource.
   at: load (core/io/image.cpp:2770)
   GDScript backtrace (most recent call first):
       [0] _decode_in_thread (res://scripts/StreamedBakedTileProvider.gd:93)
WARNING: Loaded resource as image file, this will not work on export: 'res://assets/tiles_bundle/ocean_v_final/base_depth/5_21_11.png'. Instead, import the image file as an Image resource and load it normally as a resource.
   at: load (core/io/image.cpp:2770)
   GDScript backtrace (most recent call first):
       [0] _decode_in_thread (res://scripts/StreamedBakedTileProvider.gd:93)
WARNING: Loaded resource as image file, this will not work on export: 'res://assets/tiles_bundle/ocean_v_final/base_depth/5_8_12.png'. Instead, import the image file as an Image resource and load it normally as a resource.
   at: load (core/io/image.cpp:2770)
   GDScript backtrace (most recent call first):
       [0] _decode_in_thread (res://scripts/StreamedBakedTileProvider.gd:93)
WARNING: Loaded resource as image file, this will not work on export: 'res://assets/tiles_bundle/ocean_v_final/base_depth/5_10_12.png'. Instead, import the image file as an Image resource and load it normally as a resource.
   at: load (core/io/image.cpp:2770)
   GDScript backtrace (most recent call first):
       [0] _decode_in_thread (res://scripts/StreamedBakedTileProvider.gd:93)
WARNING: Loaded resource as image file, this will not work on export: 'res://assets/tiles_bundle/ocean_v_final/base_depth/5_9_12.png'. Instead, import the image file as an Image resource and load it normally as a resource.
   at: load (core/io/image.cpp:2770)
   GDScript backtrace (most recent call first):
       [0] _decode_in_thread (res://scripts/StreamedBakedTileProvider.gd:93)
WARNING: Loaded resource as image file, this will not work on export: 'res://assets/tiles_bundle/ocean_v_final/base_depth/5_11_12.png'. Instead, import the image file as an Image resource and load it normally as a resource.
   at: load (core/io/image.cpp:2770)
   GDScript backtrace (most recent call first):
       [0] _decode_in_thread (res://scripts/StreamedBakedTileProvider.gd:93)
WARNING: Loaded resource as image file, this will not work on export: 'res://assets/tiles_bundle/ocean_v_final/base_depth/5_12_12.png'. Instead, import the image file as an Image resource and load it normally as a resource.
   at: load (core/io/image.cpp:2770)
   GDScript backtrace (most recent call first):
       [0] _decode_in_thread (res://scripts/StreamedBakedTileProvider.gd:93)
WARNING: Loaded resource as image file, this will not work on export: 'res://assets/tiles_bundle/ocean_v_final/base_depth/5_13_12.png'. Instead, import the image file as an Image resource and load it normally as a resource.
   at: load (core/io/image.cpp:2770)
   GDScript backtrace (most recent call first):
       [0] _decode_in_thread (res://scripts/StreamedBakedTileProvider.gd:93)
WARNING: Loaded resource as image file, this will not work on export: 'res://assets/tiles_bundle/ocean_v_final/base_depth/5_14_12.png'. Instead, import the image file as an Image resource and load it normally as a resource.
   at: load (core/io/image.cpp:2770)
   GDScript backtrace (most recent call first):
       [0] _decode_in_thread (res://scripts/StreamedBakedTileProvider.gd:93)
WARNING: Loaded resource as image file, this will not work on export: 'res://assets/tiles_bundle/ocean_v_final/base_depth/5_15_12.png'. Instead, import the image file as an Image resource and load it normally as a resource.
   at: load (core/io/image.cpp:2770)
   GDScript backtrace (most recent call first):
       [0] _decode_in_thread (res://scripts/StreamedBakedTileProvider.gd:93)
WARNING: Loaded resource as image file, this will not work on export: 'res://assets/tiles_bundle/ocean_v_final/base_depth/5_16_12.png'. Instead, import the image file as an Image resource and load it normally as a resource.
   at: load (core/io/image.cpp:2770)
   GDScript backtrace (most recent call first):
       [0] _decode_in_thread (res://scripts/StreamedBakedTileProvider.gd:93)
WARNING: Loaded resource as image file, this will not work on export: 'res://assets/tiles_bundle/ocean_v_final/base_depth/5_17_12.png'. Instead, import the image file as an Image resource and load it normally as a resource.
   at: load (core/io/image.cpp:2770)
   GDScript backtrace (most recent call first):
       [0] _decode_in_thread (res://scripts/StreamedBakedTileProvider.gd:93)
WARNING: Loaded resource as image file, this will not work on export: 'res://assets/tiles_bundle/ocean_v_final/base_depth/5_18_12.png'. Instead, import the image file as an Image resource and load it normally as a resource.
   at: load (core/io/image.cpp:2770)
   GDScript backtrace (most recent call first):
       [0] _decode_in_thread (res://scripts/StreamedBakedTileProvider.gd:93)
WARNING: Loaded resource as image file, this will not work on export: 'res://assets/tiles_bundle/ocean_v_final/base_depth/5_19_12.png'. Instead, import the image file as an Image resource and load it normally as a resource.
   at: load (core/io/image.cpp:2770)
   GDScript backtrace (most recent call first):
       [0] _decode_in_thread (res://scripts/StreamedBakedTileProvider.gd:93)
WARNING: Loaded resource as image file, this will not work on export: 'res://assets/tiles_bundle/ocean_v_final/base_depth/5_20_12.png'. Instead, import the image file as an Image resource and load it normally as a resource.
   at: load (core/io/image.cpp:2770)
   GDScript backtrace (most recent call first):
       [0] _decode_in_thread (res://scripts/StreamedBakedTileProvider.gd:93)
WARNING: Loaded resource as image file, this will not work on export: 'res://assets/tiles_bundle/ocean_v_final/base_depth/5_8_13.png'. Instead, import the image file as an Image resource and load it normally as a resource.
   at: load (core/io/image.cpp:2770)
   GDScript backtrace (most recent call first):
       [0] _decode_in_thread (res://scripts/StreamedBakedTileProvider.gd:93)
WARNING: Loaded resource as image file, this will not work on export: 'res://assets/tiles_bundle/ocean_v_final/base_depth/5_9_13.png'. Instead, import the image file as an Image resource and load it normally as a resource.
   at: load (core/io/image.cpp:2770)
   GDScript backtrace (most recent call first):
       [0] _decode_in_thread (res://scripts/StreamedBakedTileProvider.gd:93)
WARNING: Loaded resource as image file, this will not work on export: 'res://assets/tiles_bundle/ocean_v_final/base_depth/5_10_13.png'. Instead, import the image file as an Image resource and load it normally as a resource.
   at: load (core/io/image.cpp:2770)
   GDScript backtrace (most recent call first):
       [0] _decode_in_thread (res://scripts/StreamedBakedTileProvider.gd:93)
WARNING: Loaded resource as image file, this will not work on export: 'res://assets/tiles_bundle/ocean_v_final/base_depth/5_11_13.png'. Instead, import the image file as an Image resource and load it normally as a resource.
   at: load (core/io/image.cpp:2770)
   GDScript backtrace (most recent call first):
       [0] _decode_in_thread (res://scripts/StreamedBakedTileProvider.gd:93)
WARNING: Loaded resource as image file, this will not work on export: 'res://assets/tiles_bundle/ocean_v_final/base_depth/5_12_13.png'. Instead, import the image file as an Image resource and load it normally as a resource.
   at: load (core/io/image.cpp:2770)
   GDScript backtrace (most recent call first):
       [0] _decode_in_thread (res://scripts/StreamedBakedTileProvider.gd:93)
WARNING: Loaded resource as image file, this will not work on export: 'res://assets/tiles_bundle/ocean_v_final/base_depth/5_13_13.png'. Instead, import the image file as an Image resource and load it normally as a resource.
   at: load (core/io/image.cpp:2770)
   GDScript backtrace (most recent call first):
       [0] _decode_in_thread (res://scripts/StreamedBakedTileProvider.gd:93)
WARNING: Loaded resource as image file, this will not work on export: 'res://assets/tiles_bundle/ocean_v_final/base_depth/5_14_13.png'. Instead, import the image file as an Image resource and load it normally as a resource.
   at: load (core/io/image.cpp:2770)
   GDScript backtrace (most recent call first):
       [0] _decode_in_thread (res://scripts/StreamedBakedTileProvider.gd:93)
WARNING: Loaded resource as image file, this will not work on export: 'res://assets/tiles_bundle/ocean_v_final/base_depth/5_15_13.png'. Instead, import the image file as an Image resource and load it normally as a resource.
   at: load (core/io/image.cpp:2770)
   GDScript backtrace (most recent call first):
       [0] _decode_in_thread (res://scripts/StreamedBakedTileProvider.gd:93)
WARNING: Loaded resource as image file, this will not work on export: 'res://assets/tiles_bundle/ocean_v_final/base_depth/5_17_13.png'. Instead, import the image file as an Image resource and load it normally as a resource.
   at: load (core/io/image.cpp:2770)
   GDScript backtrace (most recent call first):
       [0] _decode_in_thread (res://scripts/StreamedBakedTileProvider.gd:93)
WARNING: Loaded resource as image file, this will not work on export: 'res://assets/tiles_bundle/ocean_v_final/base_depth/5_18_13.png'. Instead, import the image file as an Image resource and load it normally as a resource.
   at: load (core/io/image.cpp:2770)
   GDScript backtrace (most recent call first):
       [0] _decode_in_thread (res://scripts/StreamedBakedTileProvider.gd:93)
WARNING: Loaded resource as image file, this will not work on export: 'res://assets/tiles_bundle/ocean_v_final/base_depth/5_19_13.png'. Instead, import the image file as an Image resource and load it normally as a resource.
   at: load (core/io/image.cpp:2770)
   GDScript backtrace (most recent call first):
       [0] _decode_in_thread (res://scripts/StreamedBakedTileProvider.gd:93)
WARNING: Loaded resource as image file, this will not work on export: 'res://assets/tiles_bundle/ocean_v_final/base_depth/5_20_13.png'. Instead, import the image file as an Image resource and load it normally as a resource.
   at: load (core/io/image.cpp:2770)
   GDScript backtrace (most recent call first):
       [0] _decode_in_thread (res://scripts/StreamedBakedTileProvider.gd:93)
WARNING: Loaded resource as image file, this will not work on export: 'res://assets/tiles_bundle/ocean_v_final/base_depth/5_21_13.png'. Instead, import the image file as an Image resource and load it normally as a resource.
   at: load (core/io/image.cpp:2770)
   GDScript backtrace (most recent call first):
       [0] _decode_in_thread (res://scripts/StreamedBakedTileProvider.gd:93)
WARNING: Loaded resource as image file, this will not work on export: 'res://assets/tiles_bundle/ocean_v_final/base_depth/5_22_13.png'. Instead, import the image file as an Image resource and load it normally as a resource.
   at: load (core/io/image.cpp:2770)
   GDScript backtrace (most recent call first):
       [0] _decode_in_thread (res://scripts/StreamedBakedTileProvider.gd:93)
WARNING: Loaded resource as image file, this will not work on export: 'res://assets/tiles_bundle/ocean_v_final/base_depth/5_8_14.png'. Instead, import the image file as an Image resource and load it normally as a resource.
   at: load (core/io/image.cpp:2770)
   GDScript backtrace (most recent call first):
       [0] _decode_in_thread (res://scripts/StreamedBakedTileProvider.gd:93)
WARNING: Loaded resource as image file, this will not work on export: 'res://assets/tiles_bundle/ocean_v_final/base_depth/5_9_14.png'. Instead, import the image file as an Image resource and load it normally as a resource.
   at: load (core/io/image.cpp:2770)
   GDScript backtrace (most recent call first):
       [0] _decode_in_thread (res://scripts/StreamedBakedTileProvider.gd:93)
WARNING: Loaded resource as image file, this will not work on export: 'res://assets/tiles_bundle/ocean_v_final/base_depth/5_10_14.png'. Instead, import the image file as an Image resource and load it normally as a resource.
   at: load (core/io/image.cpp:2770)
   GDScript backtrace (most recent call first):
       [0] _decode_in_thread (res://scripts/StreamedBakedTileProvider.gd:93)
WARNING: Loaded resource as image file, this will not work on export: 'res://assets/tiles_bundle/ocean_v_final/base_depth/5_11_14.png'. Instead, import the image file as an Image resource and load it normally as a resource.
   at: load (core/io/image.cpp:2770)
   GDScript backtrace (most recent call first):
       [0] _decode_in_thread (res://scripts/StreamedBakedTileProvider.gd:93)
WARNING: Loaded resource as image file, this will not work on export: 'res://assets/tiles_bundle/ocean_v_final/base_depth/5_12_14.png'. Instead, import the image file as an Image resource and load it normally as a resource.
   at: load (core/io/image.cpp:2770)
   GDScript backtrace (most recent call first):
       [0] _decode_in_thread (res://scripts/StreamedBakedTileProvider.gd:93)
WARNING: Loaded resource as image file, this will not work on export: 'res://assets/tiles_bundle/ocean_v_final/base_depth/5_13_14.png'. Instead, import the image file as an Image resource and load it normally as a resource.
   at: load (core/io/image.cpp:2770)
   GDScript backtrace (most recent call first):
       [0] _decode_in_thread (res://scripts/StreamedBakedTileProvider.gd:93)
WARNING: Loaded resource as image file, this will not work on export: 'res://assets/tiles_bundle/ocean_v_final/base_depth/5_14_14.png'. Instead, import the image file as an Image resource and load it normally as a resource.
   at: load (core/io/image.cpp:2770)
   GDScript backtrace (most recent call first):
       [0] _decode_in_thread (res://scripts/StreamedBakedTileProvider.gd:93)
WARNING: Loaded resource as image file, this will not work on export: 'res://assets/tiles_bundle/ocean_v_final/base_depth/5_19_14.png'. Instead, import the image file as an Image resource and load it normally as a resource.
   at: load (core/io/image.cpp:2770)
   GDScript backtrace (most recent call first):
       [0] _decode_in_thread (res://scripts/StreamedBakedTileProvider.gd:93)
WARNING: Loaded resource as image file, this will not work on export: 'res://assets/tiles_bundle/ocean_v_final/base_depth/5_20_14.png'. Instead, import the image file as an Image resource and load it normally as a resource.
   at: load (core/io/image.cpp:2770)
   GDScript backtrace (most recent call first):
       [0] _decode_in_thread (res://scripts/StreamedBakedTileProvider.gd:93)
WARNING: Loaded resource as image file, this will not work on export: 'res://assets/tiles_bundle/ocean_v_final/base_depth/5_21_14.png'. Instead, import the image file as an Image resource and load it normally as a resource.
   at: load (core/io/image.cpp:2770)
   GDScript backtrace (most recent call first):
       [0] _decode_in_thread (res://scripts/StreamedBakedTileProvider.gd:93)
WARNING: Loaded resource as image file, this will not work on export: 'res://assets/tiles_bundle/ocean_v_final/base_depth/5_22_14.png'. Instead, import the image file as an Image resource and load it normally as a resource.
   at: load (core/io/image.cpp:2770)
   GDScript backtrace (most recent call first):
       [0] _decode_in_thread (res://scripts/StreamedBakedTileProvider.gd:93)
WARNING: Loaded resource as image file, this will not work on export: 'res://assets/tiles_bundle/ocean_v_final/base_depth/5_8_15.png'. Instead, import the image file as an Image resource and load it normally as a resource.
   at: load (core/io/image.cpp:2770)
   GDScript backtrace (most recent call first):
       [0] _decode_in_thread (res://scripts/StreamedBakedTileProvider.gd:93)
WARNING: Loaded resource as image file, this will not work on export: 'res://assets/tiles_bundle/ocean_v_final/base_depth/5_9_15.png'. Instead, import the image file as an Image resource and load it normally as a resource.
   at: load (core/io/image.cpp:2770)
   GDScript backtrace (most recent call first):
       [0] _decode_in_thread (res://scripts/StreamedBakedTileProvider.gd:93)
WARNING: Loaded resource as image file, this will not work on export: 'res://assets/tiles_bundle/ocean_v_final/base_depth/5_10_15.png'. Instead, import the image file as an Image resource and load it normally as a resource.
   at: load (core/io/image.cpp:2770)
   GDScript backtrace (most recent call first):
       [0] _decode_in_thread (res://scripts/StreamedBakedTileProvider.gd:93)
WARNING: Loaded resource as image file, this will not work on export: 'res://assets/tiles_bundle/ocean_v_final/base_depth/5_11_15.png'. Instead, import the image file as an Image resource and load it normally as a resource.
   at: load (core/io/image.cpp:2770)
   GDScript backtrace (most recent call first):
       [0] _decode_in_thread (res://scripts/StreamedBakedTileProvider.gd:93)
WARNING: Loaded resource as image file, this will not work on export: 'res://assets/tiles_bundle/ocean_v_final/base_depth/5_12_15.png'. Instead, import the image file as an Image resource and load it normally as a resource.
   at: load (core/io/image.cpp:2770)
   GDScript backtrace (most recent call first):
       [0] _decode_in_thread (res://scripts/StreamedBakedTileProvider.gd:93)
WARNING: Loaded resource as image file, this will not work on export: 'res://assets/tiles_bundle/ocean_v_final/base_depth/5_13_15.png'. Instead, import the image file as an Image resource and load it normally as a resource.
   at: load (core/io/image.cpp:2770)
   GDScript backtrace (most recent call first):
       [0] _decode_in_thread (res://scripts/StreamedBakedTileProvider.gd:93)
WARNING: Loaded resource as image file, this will not work on export: 'res://assets/tiles_bundle/ocean_v_final/base_depth/5_14_15.png'. Instead, import the image file as an Image resource and load it normally as a resource.
   at: load (core/io/image.cpp:2770)
   GDScript backtrace (most recent call first):
       [0] _decode_in_thread (res://scripts/StreamedBakedTileProvider.gd:93)
WARNING: Loaded resource as image file, this will not work on export: 'res://assets/tiles_bundle/ocean_v_final/base_depth/5_15_15.png'. Instead, import the image file as an Image resource and load it normally as a resource.
   at: load (core/io/image.cpp:2770)
   GDScript backtrace (most recent call first):
       [0] _decode_in_thread (res://scripts/StreamedBakedTileProvider.gd:93)
WARNING: Loaded resource as image file, this will not work on export: 'res://assets/tiles_bundle/ocean_v_final/base_depth/5_16_15.png'. Instead, import the image file as an Image resource and load it normally as a resource.
   at: load (core/io/image.cpp:2770)
   GDScript backtrace (most recent call first):
       [0] _decode_in_thread (res://scripts/StreamedBakedTileProvider.gd:93)
WARNING: Loaded resource as image file, this will not work on export: 'res://assets/tiles_bundle/ocean_v_final/base_depth/5_19_15.png'. Instead, import the image file as an Image resource and load it normally as a resource.
   at: load (core/io/image.cpp:2770)
   GDScript backtrace (most recent call first):
       [0] _decode_in_thread (res://scripts/StreamedBakedTileProvider.gd:93)
WARNING: Loaded resource as image file, this will not work on export: 'res://assets/tiles_bundle/ocean_v_final/base_depth/5_20_15.png'. Instead, import the image file as an Image resource and load it normally as a resource.
   at: load (core/io/image.cpp:2770)
   GDScript backtrace (most recent call first):
       [0] _decode_in_thread (res://scripts/StreamedBakedTileProvider.gd:93)
WARNING: Loaded resource as image file, this will not work on export: 'res://assets/tiles_bundle/ocean_v_final/base_depth/5_21_15.png'. Instead, import the image file as an Image resource and load it normally as a resource.
   at: load (core/io/image.cpp:2770)
   GDScript backtrace (most recent call first):
       [0] _decode_in_thread (res://scripts/StreamedBakedTileProvider.gd:93)
WARNING: Loaded resource as image file, this will not work on export: 'res://assets/tiles_bundle/ocean_v_final/base_depth/5_22_15.png'. Instead, import the image file as an Image resource and load it normally as a resource.
   at: load (core/io/image.cpp:2770)
   GDScript backtrace (most recent call first):
       [0] _decode_in_thread (res://scripts/StreamedBakedTileProvider.gd:93)
WARNING: Loaded resource as image file, this will not work on export: 'res://assets/tiles_bundle/ocean_v_final/base_depth/5_8_16.png'. Instead, import the image file as an Image resource and load it normally as a resource.
   at: load (core/io/image.cpp:2770)
   GDScript backtrace (most recent call first):
       [0] _decode_in_thread (res://scripts/StreamedBakedTileProvider.gd:93)
WARNING: Loaded resource as image file, this will not work on export: 'res://assets/tiles_bundle/ocean_v_final/base_depth/5_9_16.png'. Instead, import the image file as an Image resource and load it normally as a resource.
   at: load (core/io/image.cpp:2770)
   GDScript backtrace (most recent call first):
       [0] _decode_in_thread (res://scripts/StreamedBakedTileProvider.gd:93)
WARNING: Loaded resource as image file, this will not work on export: 'res://assets/tiles_bundle/ocean_v_final/base_depth/5_11_16.png'. Instead, import the image file as an Image resource and load it normally as a resource.
   at: load (core/io/image.cpp:2770)
   GDScript backtrace (most recent call first):
       [0] _decode_in_thread (res://scripts/StreamedBakedTileProvider.gd:93)
WARNING: Loaded resource as image file, this will not work on export: 'res://assets/tiles_bundle/ocean_v_final/base_depth/5_12_16.png'. Instead, import the image file as an Image resource and load it normally as a resource.
   at: load (core/io/image.cpp:2770)
   GDScript backtrace (most recent call first):
       [0] _decode_in_thread (res://scripts/StreamedBakedTileProvider.gd:93)
WARNING: Loaded resource as image file, this will not work on export: 'res://assets/tiles_bundle/ocean_v_final/base_depth/5_13_16.png'. Instead, import the image file as an Image resource and load it normally as a resource.
   at: load (core/io/image.cpp:2770)
   GDScript backtrace (most recent call first):
       [0] _decode_in_thread (res://scripts/StreamedBakedTileProvider.gd:93)
WARNING: Loaded resource as image file, this will not work on export: 'res://assets/tiles_bundle/ocean_v_final/base_depth/5_14_16.png'. Instead, import the image file as an Image resource and load it normally as a resource.
   at: load (core/io/image.cpp:2770)
   GDScript backtrace (most recent call first):
       [0] _decode_in_thread (res://scripts/StreamedBakedTileProvider.gd:93)
WARNING: Loaded resource as image file, this will not work on export: 'res://assets/tiles_bundle/ocean_v_final/base_depth/5_15_16.png'. Instead, import the image file as an Image resource and load it normally as a resource.
   at: load (core/io/image.cpp:2770)
   GDScript backtrace (most recent call first):
       [0] _decode_in_thread (res://scripts/StreamedBakedTileProvider.gd:93)
WARNING: Loaded resource as image file, this will not work on export: 'res://assets/tiles_bundle/ocean_v_final/base_depth/5_16_16.png'. Instead, import the image file as an Image resource and load it normally as a resource.
   at: load (core/io/image.cpp:2770)
   GDScript backtrace (most recent call first):
       [0] _decode_in_thread (res://scripts/StreamedBakedTileProvider.gd:93)
WARNING: Loaded resource as image file, this will not work on export: 'res://assets/tiles_bundle/ocean_v_final/base_depth/5_17_16.png'. Instead, import the image file as an Image resource and load it normally as a resource.
   at: load (core/io/image.cpp:2770)
   GDScript backtrace (most recent call first):
       [0] _decode_in_thread (res://scripts/StreamedBakedTileProvider.gd:93)
WARNING: Loaded resource as image file, this will not work on export: 'res://assets/tiles_bundle/ocean_v_final/base_depth/5_19_16.png'. Instead, import the image file as an Image resource and load it normally as a resource.
   at: load (core/io/image.cpp:2770)
   GDScript backtrace (most recent call first):
       [0] _decode_in_thread (res://scripts/StreamedBakedTileProvider.gd:93)
WARNING: Loaded resource as image file, this will not work on export: 'res://assets/tiles_bundle/ocean_v_final/base_depth/5_20_16.png'. Instead, import the image file as an Image resource and load it normally as a resource.
   at: load (core/io/image.cpp:2770)
   GDScript backtrace (most recent call first):
       [0] _decode_in_thread (res://scripts/StreamedBakedTileProvider.gd:93)
WARNING: Loaded resource as image file, this will not work on export: 'res://assets/tiles_bundle/ocean_v_final/base_depth/5_21_16.png'. Instead, import the image file as an Image resource and load it normally as a resource.
   at: load (core/io/image.cpp:2770)
   GDScript backtrace (most recent call first):
       [0] _decode_in_thread (res://scripts/StreamedBakedTileProvider.gd:93)
WARNING: Loaded resource as image file, this will not work on export: 'res://assets/tiles_bundle/ocean_v_final/base_depth/5_22_16.png'. Instead, import the image file as an Image resource and load it normally as a resource.
   at: load (core/io/image.cpp:2770)
   GDScript backtrace (most recent call first):
       [0] _decode_in_thread (res://scripts/StreamedBakedTileProvider.gd:93)
WARNING: Loaded resource as image file, this will not work on export: 'res://assets/tiles_bundle/ocean_v_final/base_depth/5_8_17.png'. Instead, import the image file as an Image resource and load it normally as a resource.
   at: load (core/io/image.cpp:2770)
   GDScript backtrace (most recent call first):
       [0] _decode_in_thread (res://scripts/StreamedBakedTileProvider.gd:93)
WARNING: Loaded resource as image file, this will not work on export: 'res://assets/tiles_bundle/ocean_v_final/base_depth/5_9_17.png'. Instead, import the image file as an Image resource and load it normally as a resource.
   at: load (core/io/image.cpp:2770)
   GDScript backtrace (most recent call first):
       [0] _decode_in_thread (res://scripts/StreamedBakedTileProvider.gd:93)
WARNING: Loaded resource as image file, this will not work on export: 'res://assets/tiles_bundle/ocean_v_final/base_depth/5_10_17.png'. Instead, import the image file as an Image resource and load it normally as a resource.
   at: load (core/io/image.cpp:2770)
   GDScript backtrace (most recent call first):
       [0] _decode_in_thread (res://scripts/StreamedBakedTileProvider.gd:93)
WARNING: Loaded resource as image file, this will not work on export: 'res://assets/tiles_bundle/ocean_v_final/base_depth/5_12_17.png'. Instead, import the image file as an Image resource and load it normally as a resource.
   at: load (core/io/image.cpp:2770)
   GDScript backtrace (most recent call first):
       [0] _decode_in_thread (res://scripts/StreamedBakedTileProvider.gd:93)
WARNING: Loaded resource as image file, this will not work on export: 'res://assets/tiles_bundle/ocean_v_final/base_depth/5_13_17.png'. Instead, import the image file as an Image resource and load it normally as a resource.
   at: load (core/io/image.cpp:2770)
   GDScript backtrace (most recent call first):
       [0] _decode_in_thread (res://scripts/StreamedBakedTileProvider.gd:93)
WARNING: Loaded resource as image file, this will not work on export: 'res://assets/tiles_bundle/ocean_v_final/base_depth/5_14_17.png'. Instead, import the image file as an Image resource and load it normally as a resource.
   at: load (core/io/image.cpp:2770)
   GDScript backtrace (most recent call first):
       [0] _decode_in_thread (res://scripts/StreamedBakedTileProvider.gd:93)
WARNING: Loaded resource as image file, this will not work on export: 'res://assets/tiles_bundle/ocean_v_final/base_depth/5_15_17.png'. Instead, import the image file as an Image resource and load it normally as a resource.
   at: load (core/io/image.cpp:2770)
   GDScript backtrace (most recent call first):
       [0] _decode_in_thread (res://scripts/StreamedBakedTileProvider.gd:93)
WARNING: Loaded resource as image file, this will not work on export: 'res://assets/tiles_bundle/ocean_v_final/base_depth/5_16_17.png'. Instead, import the image file as an Image resource and load it normally as a resource.
   at: load (core/io/image.cpp:2770)
   GDScript backtrace (most recent call first):
       [0] _decode_in_thread (res://scripts/StreamedBakedTileProvider.gd:93)
WARNING: Loaded resource as image file, this will not work on export: 'res://assets/tiles_bundle/ocean_v_final/base_depth/5_17_17.png'. Instead, import the image file as an Image resource and load it normally as a resource.
   at: load (core/io/image.cpp:2770)
   GDScript backtrace (most recent call first):
       [0] _decode_in_thread (res://scripts/StreamedBakedTileProvider.gd:93)
WARNING: Loaded resource as image file, this will not work on export: 'res://assets/tiles_bundle/ocean_v_final/base_depth/5_19_17.png'. Instead, import the image file as an Image resource and load it normally as a resource.
   at: load (core/io/image.cpp:2770)
   GDScript backtrace (most recent call first):
       [0] _decode_in_thread (res://scripts/StreamedBakedTileProvider.gd:93)
WARNING: Loaded resource as image file, this will not work on export: 'res://assets/tiles_bundle/ocean_v_final/base_depth/5_20_17.png'. Instead, import the image file as an Image resource and load it normally as a resource.
   at: load (core/io/image.cpp:2770)
   GDScript backtrace (most recent call first):
       [0] _decode_in_thread (res://scripts/StreamedBakedTileProvider.gd:93)
WARNING: Loaded resource as image file, this will not work on export: 'res://assets/tiles_bundle/ocean_v_final/base_depth/5_21_17.png'. Instead, import the image file as an Image resource and load it normally as a resource.
   at: load (core/io/image.cpp:2770)
   GDScript backtrace (most recent call first):
       [0] _decode_in_thread (res://scripts/StreamedBakedTileProvider.gd:93)
WARNING: Loaded resource as image file, this will not work on export: 'res://assets/tiles_bundle/ocean_v_final/base_depth/5_22_17.png'. Instead, import the image file as an Image resource and load it normally as a resource.
   at: load (core/io/image.cpp:2770)
   GDScript backtrace (most recent call first):
       [0] _decode_in_thread (res://scripts/StreamedBakedTileProvider.gd:93)
WARNING: Loaded resource as image file, this will not work on export: 'res://assets/tiles_bundle/ocean_v_final/shallow/5_9_9.png'. Instead, import the image file as an Image resource and load it normally as a resource.
   at: load (core/io/image.cpp:2770)
   GDScript backtrace (most recent call first):
       [0] _decode_in_thread (res://scripts/StreamedBakedTileProvider.gd:93)
WARNING: Loaded resource as image file, this will not work on export: 'res://assets/tiles_bundle/ocean_v_final/shallow/5_10_9.png'. Instead, import the image file as an Image resource and load it normally as a resource.
   at: load (core/io/image.cpp:2770)
   GDScript backtrace (most recent call first):
       [0] _decode_in_thread (res://scripts/StreamedBakedTileProvider.gd:93)
WARNING: Loaded resource as image file, this will not work on export: 'res://assets/tiles_bundle/ocean_v_final/shallow/5_11_9.png'. Instead, import the image file as an Image resource and load it normally as a resource.
   at: load (core/io/image.cpp:2770)
   GDScript backtrace (most recent call first):
       [0] _decode_in_thread (res://scripts/StreamedBakedTileProvider.gd:93)
WARNING: Loaded resource as image file, this will not work on export: 'res://assets/tiles_bundle/ocean_v_final/shallow/5_12_9.png'. Instead, import the image file as an Image resource and load it normally as a resource.
   at: load (core/io/image.cpp:2770)
   GDScript backtrace (most recent call first):
       [0] _decode_in_thread (res://scripts/StreamedBakedTileProvider.gd:93)
WARNING: Loaded resource as image file, this will not work on export: 'res://assets/tiles_bundle/ocean_v_final/shallow/5_15_9.png'. Instead, import the image file as an Image resource and load it normally as a resource.
   at: load (core/io/image.cpp:2770)
   GDScript backtrace (most recent call first):
       [0] _decode_in_thread (res://scripts/StreamedBakedTileProvider.gd:93)
WARNING: Loaded resource as image file, this will not work on export: 'res://assets/tiles_bundle/ocean_v_final/shallow/5_16_9.png'. Instead, import the image file as an Image resource and load it normally as a resource.
   at: load (core/io/image.cpp:2770)
   GDScript backtrace (most recent call first):
       [0] _decode_in_thread (res://scripts/StreamedBakedTileProvider.gd:93)
WARNING: Loaded resource as image file, this will not work on export: 'res://assets/tiles_bundle/ocean_v_final/shallow/5_17_9.png'. Instead, import the image file as an Image resource and load it normally as a resource.
   at: load (core/io/image.cpp:2770)
   GDScript backtrace (most recent call first):
       [0] _decode_in_thread (res://scripts/StreamedBakedTileProvider.gd:93)
WARNING: Loaded resource as image file, this will not work on export: 'res://assets/tiles_bundle/ocean_v_final/shallow/5_18_9.png'. Instead, import the image file as an Image resource and load it normally as a resource.
   at: load (core/io/image.cpp:2770)
   GDScript backtrace (most recent call first):
       [0] _decode_in_thread (res://scripts/StreamedBakedTileProvider.gd:93)
WARNING: Loaded resource as image file, this will not work on export: 'res://assets/tiles_bundle/ocean_v_final/shallow/5_9_10.png'. Instead, import the image file as an Image resource and load it normally as a resource.
   at: load (core/io/image.cpp:2770)
   GDScript backtrace (most recent call first):
       [0] _decode_in_thread (res://scripts/StreamedBakedTileProvider.gd:93)
WARNING: Loaded resource as image file, this will not work on export: 'res://assets/tiles_bundle/ocean_v_final/shallow/5_10_10.png'. Instead, import the image file as an Image resource and load it normally as a resource.
   at: load (core/io/image.cpp:2770)
   GDScript backtrace (most recent call first):
       [0] _decode_in_thread (res://scripts/StreamedBakedTileProvider.gd:93)
WARNING: Loaded resource as image file, this will not work on export: 'res://assets/tiles_bundle/ocean_v_final/shallow/5_11_10.png'. Instead, import the image file as an Image resource and load it normally as a resource.
   at: load (core/io/image.cpp:2770)
   GDScript backtrace (most recent call first):
       [0] _decode_in_thread (res://scripts/StreamedBakedTileProvider.gd:93)
WARNING: Loaded resource as image file, this will not work on export: 'res://assets/tiles_bundle/ocean_v_final/shallow/5_15_10.png'. Instead, import the image file as an Image resource and load it normally as a resource.
   at: load (core/io/image.cpp:2770)
   GDScript backtrace (most recent call first):
       [0] _decode_in_thread (res://scripts/StreamedBakedTileProvider.gd:93)
WARNING: Loaded resource as image file, this will not work on export: 'res://assets/tiles_bundle/ocean_v_final/shallow/5_16_10.png'. Instead, import the image file as an Image resource and load it normally as a resource.
   at: load (core/io/image.cpp:2770)
   GDScript backtrace (most recent call first):
       [0] _decode_in_thread (res://scripts/StreamedBakedTileProvider.gd:93)
WARNING: Loaded resource as image file, this will not work on export: 'res://assets/tiles_bundle/ocean_v_final/shallow/5_17_10.png'. Instead, import the image file as an Image resource and load it normally as a resource.
   at: load (core/io/image.cpp:2770)
   GDScript backtrace (most recent call first):
       [0] _decode_in_thread (res://scripts/StreamedBakedTileProvider.gd:93)
WARNING: Loaded resource as image file, this will not work on export: 'res://assets/tiles_bundle/ocean_v_final/shallow/5_9_11.png'. Instead, import the image file as an Image resource and load it normally as a resource.
   at: load (core/io/image.cpp:2770)
   GDScript backtrace (most recent call first):
       [0] _decode_in_thread (res://scripts/StreamedBakedTileProvider.gd:93)
WARNING: Loaded resource as image file, this will not work on export: 'res://assets/tiles_bundle/ocean_v_final/shallow/5_10_11.png'. Instead, import the image file as an Image resource and load it normally as a resource.
   at: load (core/io/image.cpp:2770)
   GDScript backtrace (most recent call first):
       [0] _decode_in_thread (res://scripts/StreamedBakedTileProvider.gd:93)
WARNING: Loaded resource as image file, this will not work on export: 'res://assets/tiles_bundle/ocean_v_final/shallow/5_11_11.png'. Instead, import the image file as an Image resource and load it normally as a resource.
   at: load (core/io/image.cpp:2770)
   GDScript backtrace (most recent call first):
       [0] _decode_in_thread (res://scripts/StreamedBakedTileProvider.gd:93)
WARNING: Loaded resource as image file, this will not work on export: 'res://assets/tiles_bundle/ocean_v_final/shallow/5_15_11.png'. Instead, import the image file as an Image resource and load it normally as a resource.
   at: load (core/io/image.cpp:2770)
   GDScript backtrace (most recent call first):
       [0] _decode_in_thread (res://scripts/StreamedBakedTileProvider.gd:93)
WARNING: Loaded resource as image file, this will not work on export: 'res://assets/tiles_bundle/ocean_v_final/shallow/5_16_11.png'. Instead, import the image file as an Image resource and load it normally as a resource.
   at: load (core/io/image.cpp:2770)
   GDScript backtrace (most recent call first):
       [0] _decode_in_thread (res://scripts/StreamedBakedTileProvider.gd:93)
WARNING: Loaded resource as image file, this will not work on export: 'res://assets/tiles_bundle/ocean_v_final/shallow/5_17_11.png'. Instead, import the image file as an Image resource and load it normally as a resource.
   at: load (core/io/image.cpp:2770)
   GDScript backtrace (most recent call first):
       [0] _decode_in_thread (res://scripts/StreamedBakedTileProvider.gd:93)
WARNING: Loaded resource as image file, this will not work on export: 'res://assets/tiles_bundle/ocean_v_final/shallow/5_18_11.png'. Instead, import the image file as an Image resource and load it normally as a resource.
   at: load (core/io/image.cpp:2770)
   GDScript backtrace (most recent call first):
       [0] _decode_in_thread (res://scripts/StreamedBakedTileProvider.gd:93)
WARNING: Loaded resource as image file, this will not work on export: 'res://assets/tiles_bundle/ocean_v_final/shallow/5_9_12.png'. Instead, import the image file as an Image resource and load it normally as a resource.
   at: load (core/io/image.cpp:2770)
   GDScript backtrace (most recent call first):
       [0] _decode_in_thread (res://scripts/StreamedBakedTileProvider.gd:93)
WARNING: Loaded resource as image file, this will not work on export: 'res://assets/tiles_bundle/ocean_v_final/shallow/5_13_12.png'. Instead, import the image file as an Image resource and load it normally as a resource.
   at: load (core/io/image.cpp:2770)
   GDScript backtrace (most recent call first):
       [0] _decode_in_thread (res://scripts/StreamedBakedTileProvider.gd:93)
WARNING: Loaded resource as image file, this will not work on export: 'res://assets/tiles_bundle/ocean_v_final/shallow/5_14_12.png'. Instead, import the image file as an Image resource and load it normally as a resource.
   at: load (core/io/image.cpp:2770)
   GDScript backtrace (most recent call first):
       [0] _decode_in_thread (res://scripts/StreamedBakedTileProvider.gd:93)
WARNING: Loaded resource as image file, this will not work on export: 'res://assets/tiles_bundle/ocean_v_final/shallow/5_15_12.png'. Instead, import the image file as an Image resource and load it normally as a resource.
   at: load (core/io/image.cpp:2770)
   GDScript backtrace (most recent call first):
       [0] _decode_in_thread (res://scripts/StreamedBakedTileProvider.gd:93)
WARNING: Loaded resource as image file, this will not work on export: 'res://assets/tiles_bundle/ocean_v_final/shallow/5_16_12.png'. Instead, import the image file as an Image resource and load it normally as a resource.
   at: load (core/io/image.cpp:2770)
   GDScript backtrace (most recent call first):
       [0] _decode_in_thread (res://scripts/StreamedBakedTileProvider.gd:93)
WARNING: Loaded resource as image file, this will not work on export: 'res://assets/tiles_bundle/ocean_v_final/shallow/5_17_12.png'. Instead, import the image file as an Image resource and load it normally as a resource.
   at: load (core/io/image.cpp:2770)
   GDScript backtrace (most recent call first):
       [0] _decode_in_thread (res://scripts/StreamedBakedTileProvider.gd:93)
WARNING: Loaded resource as image file, this will not work on export: 'res://assets/tiles_bundle/ocean_v_final/shallow/5_18_12.png'. Instead, import the image file as an Image resource and load it normally as a resource.
   at: load (core/io/image.cpp:2770)
   GDScript backtrace (most recent call first):
       [0] _decode_in_thread (res://scripts/StreamedBakedTileProvider.gd:93)
WARNING: Loaded resource as image file, this will not work on export: 'res://assets/tiles_bundle/ocean_v_final/shallow/5_9_13.png'. Instead, import the image file as an Image resource and load it normally as a resource.
   at: load (core/io/image.cpp:2770)
   GDScript backtrace (most recent call first):
       [0] _decode_in_thread (res://scripts/StreamedBakedTileProvider.gd:93)
WARNING: Loaded resource as image file, this will not work on export: 'res://assets/tiles_bundle/ocean_v_final/shallow/5_14_13.png'. Instead, import the image file as an Image resource and load it normally as a resource.
   at: load (core/io/image.cpp:2770)
   GDScript backtrace (most recent call first):
       [0] _decode_in_thread (res://scripts/StreamedBakedTileProvider.gd:93)
WARNING: Loaded resource as image file, this will not work on export: 'res://assets/tiles_bundle/ocean_v_final/shallow/5_15_13.png'. Instead, import the image file as an Image resource and load it normally as a resource.
   at: load (core/io/image.cpp:2770)
   GDScript backtrace (most recent call first):
       [0] _decode_in_thread (res://scripts/StreamedBakedTileProvider.gd:93)
WARNING: Loaded resource as image file, this will not work on export: 'res://assets/tiles_bundle/ocean_v_final/shallow/5_17_13.png'. Instead, import the image file as an Image resource and load it normally as a resource.
   at: load (core/io/image.cpp:2770)
   GDScript backtrace (most recent call first):
       [0] _decode_in_thread (res://scripts/StreamedBakedTileProvider.gd:93)
WARNING: Loaded resource as image file, this will not work on export: 'res://assets/tiles_bundle/ocean_v_final/shallow/5_18_13.png'. Instead, import the image file as an Image resource and load it normally as a resource.
   at: load (core/io/image.cpp:2770)
   GDScript backtrace (most recent call first):
       [0] _decode_in_thread (res://scripts/StreamedBakedTileProvider.gd:93)
WARNING: Loaded resource as image file, this will not work on export: 'res://assets/tiles_bundle/ocean_v_final/shallow/5_9_14.png'. Instead, import the image file as an Image resource and load it normally as a resource.
   at: load (core/io/image.cpp:2770)
   GDScript backtrace (most recent call first):
       [0] _decode_in_thread (res://scripts/StreamedBakedTileProvider.gd:93)
WARNING: Loaded resource as image file, this will not work on export: 'res://assets/tiles_bundle/ocean_v_final/shallow/5_10_14.png'. Instead, import the image file as an Image resource and load it normally as a resource.
   at: load (core/io/image.cpp:2770)
   GDScript backtrace (most recent call first):
       [0] _decode_in_thread (res://scripts/StreamedBakedTileProvider.gd:93)
WARNING: Loaded resource as image file, this will not work on export: 'res://assets/tiles_bundle/ocean_v_final/shallow/5_13_14.png'. Instead, import the image file as an Image resource and load it normally as a resource.
   at: load (core/io/image.cpp:2770)
   GDScript backtrace (most recent call first):
       [0] _decode_in_thread (res://scripts/StreamedBakedTileProvider.gd:93)
WARNING: Loaded resource as image file, this will not work on export: 'res://assets/tiles_bundle/ocean_v_final/shallow/5_14_14.png'. Instead, import the image file as an Image resource and load it normally as a resource.
   at: load (core/io/image.cpp:2770)
   GDScript backtrace (most recent call first):
       [0] _decode_in_thread (res://scripts/StreamedBakedTileProvider.gd:93)
WARNING: Loaded resource as image file, this will not work on export: 'res://assets/tiles_bundle/ocean_v_final/shallow/5_9_15.png'. Instead, import the image file as an Image resource and load it normally as a resource.
   at: load (core/io/image.cpp:2770)
   GDScript backtrace (most recent call first):
       [0] _decode_in_thread (res://scripts/StreamedBakedTileProvider.gd:93)
WARNING: Loaded resource as image file, this will not work on export: 'res://assets/tiles_bundle/ocean_v_final/shallow/5_10_15.png'. Instead, import the image file as an Image resource and load it normally as a resource.
   at: load (core/io/image.cpp:2770)
   GDScript backtrace (most recent call first):
       [0] _decode_in_thread (res://scripts/StreamedBakedTileProvider.gd:93)
WARNING: Loaded resource as image file, this will not work on export: 'res://assets/tiles_bundle/ocean_v_final/shallow/5_11_15.png'. Instead, import the image file as an Image resource and load it normally as a resource.
   at: load (core/io/image.cpp:2770)
   GDScript backtrace (most recent call first):
       [0] _decode_in_thread (res://scripts/StreamedBakedTileProvider.gd:93)
WARNING: Loaded resource as image file, this will not work on export: 'res://assets/tiles_bundle/ocean_v_final/shallow/5_14_15.png'. Instead, import the image file as an Image resource and load it normally as a resource.
   at: load (core/io/image.cpp:2770)
   GDScript backtrace (most recent call first):
       [0] _decode_in_thread (res://scripts/StreamedBakedTileProvider.gd:93)
WARNING: Loaded resource as image file, this will not work on export: 'res://assets/tiles_bundle/ocean_v_final/shallow/5_15_15.png'. Instead, import the image file as an Image resource and load it normally as a resource.
   at: load (core/io/image.cpp:2770)
   GDScript backtrace (most recent call first):
       [0] _decode_in_thread (res://scripts/StreamedBakedTileProvider.gd:93)
WARNING: Loaded resource as image file, this will not work on export: 'res://assets/tiles_bundle/ocean_v_final/shallow/5_16_15.png'. Instead, import the image file as an Image resource and load it normally as a resource.
   at: load (core/io/image.cpp:2770)
   GDScript backtrace (most recent call first):
       [0] _decode_in_thread (res://scripts/StreamedBakedTileProvider.gd:93)
WARNING: Loaded resource as image file, this will not work on export: 'res://assets/tiles_bundle/ocean_v_final/shallow/5_9_16.png'. Instead, import the image file as an Image resource and load it normally as a resource.
   at: load (core/io/image.cpp:2770)
   GDScript backtrace (most recent call first):
       [0] _decode_in_thread (res://scripts/StreamedBakedTileProvider.gd:93)
WARNING: Loaded resource as image file, this will not work on export: 'res://assets/tiles_bundle/ocean_v_final/shallow/5_11_16.png'. Instead, import the image file as an Image resource and load it normally as a resource.
   at: load (core/io/image.cpp:2770)
   GDScript backtrace (most recent call first):
       [0] _decode_in_thread (res://scripts/StreamedBakedTileProvider.gd:93)
WARNING: Loaded resource as image file, this will not work on export: 'res://assets/tiles_bundle/ocean_v_final/shallow/5_12_16.png'. Instead, import the image file as an Image resource and load it normally as a resource.
   at: load (core/io/image.cpp:2770)
   GDScript backtrace (most recent call first):
       [0] _decode_in_thread (res://scripts/StreamedBakedTileProvider.gd:93)
WARNING: Loaded resource as image file, this will not work on export: 'res://assets/tiles_bundle/ocean_v_final/shallow/5_16_16.png'. Instead, import the image file as an Image resource and load it normally as a resource.
   at: load (core/io/image.cpp:2770)
   GDScript backtrace (most recent call first):
       [0] _decode_in_thread (res://scripts/StreamedBakedTileProvider.gd:93)
WARNING: Loaded resource as image file, this will not work on export: 'res://assets/tiles_bundle/ocean_v_final/shallow/5_17_16.png'. Instead, import the image file as an Image resource and load it normally as a resource.
   at: load (core/io/image.cpp:2770)
   GDScript backtrace (most recent call first):
       [0] _decode_in_thread (res://scripts/StreamedBakedTileProvider.gd:93)
WARNING: Loaded resource as image file, this will not work on export: 'res://assets/tiles_bundle/ocean_v_final/shallow/5_18_16.png'. Instead, import the image file as an Image resource and load it normally as a resource.
   at: load (core/io/image.cpp:2770)
   GDScript backtrace (most recent call first):
       [0] _decode_in_thread (res://scripts/StreamedBakedTileProvider.gd:93)
WARNING: Loaded resource as image file, this will not work on export: 'res://assets/tiles_bundle/ocean_v_final/base_depth/6_23_19.png'. Instead, import the image file as an Image resource and load it normally as a resource.
   at: load (core/io/image.cpp:2770)
   GDScript backtrace (most recent call first):
       [0] _decode_in_thread (res://scripts/StreamedBakedTileProvider.gd:93)
WARNING: Loaded resource as image file, this will not work on export: 'res://assets/tiles_bundle/ocean_v_final/base_depth/6_24_19.png'. Instead, import the image file as an Image resource and load it normally as a resource.
   at: load (core/io/image.cpp:2770)
   GDScript backtrace (most recent call first):
       [0] _decode_in_thread (res://scripts/StreamedBakedTileProvider.gd:93)
WARNING: Loaded resource as image file, this will not work on export: 'res://assets/tiles_bundle/ocean_v_final/base_depth/6_25_19.png'. Instead, import the image file as an Image resource and load it normally as a resource.
   at: load (core/io/image.cpp:2770)
   GDScript backtrace (most recent call first):
       [0] _decode_in_thread (res://scripts/StreamedBakedTileProvider.gd:93)
WARNING: Loaded resource as image file, this will not work on export: 'res://assets/tiles_bundle/ocean_v_final/base_depth/6_26_19.png'. Instead, import the image file as an Image resource and load it normally as a resource.
   at: load (core/io/image.cpp:2770)
   GDScript backtrace (most recent call first):
       [0] _decode_in_thread (res://scripts/StreamedBakedTileProvider.gd:93)
WARNING: Loaded resource as image file, this will not work on export: 'res://assets/tiles_bundle/ocean_v_final/base_depth/6_27_19.png'. Instead, import the image file as an Image resource and load it normally as a resource.
   at: load (core/io/image.cpp:2770)
   GDScript backtrace (most recent call first):
       [0] _decode_in_thread (res://scripts/StreamedBakedTileProvider.gd:93)
WARNING: Loaded resource as image file, this will not work on export: 'res://assets/tiles_bundle/ocean_v_final/base_depth/6_28_19.png'. Instead, import the image file as an Image resource and load it normally as a resource.
   at: load (core/io/image.cpp:2770)
   GDScript backtrace (most recent call first):
       [0] _decode_in_thread (res://scripts/StreamedBakedTileProvider.gd:93)
WARNING: Loaded resource as image file, this will not work on export: 'res://assets/tiles_bundle/ocean_v_final/base_depth/6_29_19.png'. Instead, import the image file as an Image resource and load it normally as a resource.
   at: load (core/io/image.cpp:2770)
   GDScript backtrace (most recent call first):
       [0] _decode_in_thread (res://scripts/StreamedBakedTileProvider.gd:93)
WARNING: Loaded resource as image file, this will not work on export: 'res://assets/tiles_bundle/ocean_v_final/base_depth/6_30_19.png'. Instead, import the image file as an Image resource and load it normally as a resource.
   at: load (core/io/image.cpp:2770)
   GDScript backtrace (most recent call first):
       [0] _decode_in_thread (res://scripts/StreamedBakedTileProvider.gd:93)
WARNING: Loaded resource as image file, this will not work on export: 'res://assets/tiles_bundle/ocean_v_final/base_depth/6_31_19.png'. Instead, import the image file as an Image resource and load it normally as a resource.
   at: load (core/io/image.cpp:2770)
   GDScript backtrace (most recent call first):
       [0] _decode_in_thread (res://scripts/StreamedBakedTileProvider.gd:93)
WARNING: Loaded resource as image file, this will not work on export: 'res://assets/tiles_bundle/ocean_v_final/base_depth/6_32_19.png'. Instead, import the image file as an Image resource and load it normally as a resource.
   at: load (core/io/image.cpp:2770)
   GDScript backtrace (most recent call first):
       [0] _decode_in_thread (res://scripts/StreamedBakedTileProvider.gd:93)
WARNING: Loaded resource as image file, this will not work on export: 'res://assets/tiles_bundle/ocean_v_final/base_depth/6_33_19.png'. Instead, import the image file as an Image resource and load it normally as a resource.
   at: load (core/io/image.cpp:2770)
   GDScript backtrace (most recent call first):
       [0] _decode_in_thread (res://scripts/StreamedBakedTileProvider.gd:93)
WARNING: Loaded resource as image file, this will not work on export: 'res://assets/tiles_bundle/ocean_v_final/base_depth/6_34_19.png'. Instead, import the image file as an Image resource and load it normally as a resource.
   at: load (core/io/image.cpp:2770)
   GDScript backtrace (most recent call first):
       [0] _decode_in_thread (res://scripts/StreamedBakedTileProvider.gd:93)
WARNING: Loaded resource as image file, this will not work on export: 'res://assets/tiles_bundle/ocean_v_final/base_depth/6_35_19.png'. Instead, import the image file as an Image resource and load it normally as a resource.
   at: load (core/io/image.cpp:2770)
   GDScript backtrace (most recent call first):
       [0] _decode_in_thread (res://scripts/StreamedBakedTileProvider.gd:93)
WARNING: Loaded resource as image file, this will not work on export: 'res://assets/tiles_bundle/ocean_v_final/base_depth/6_36_19.png'. Instead, import the image file as an Image resource and load it normally as a resource.
   at: load (core/io/image.cpp:2770)
   GDScript backtrace (most recent call first):
       [0] _decode_in_thread (res://scripts/StreamedBakedTileProvider.gd:93)
WARNING: Loaded resource as image file, this will not work on export: 'res://assets/tiles_bundle/ocean_v_final/base_depth/6_23_20.png'. Instead, import the image file as an Image resource and load it normally as a resource.
   at: load (core/io/image.cpp:2770)
   GDScript backtrace (most recent call first):
       [0] _decode_in_thread (res://scripts/StreamedBakedTileProvider.gd:93)
WARNING: Loaded resource as image file, this will not work on export: 'res://assets/tiles_bundle/ocean_v_final/base_depth/6_24_20.png'. Instead, import the image file as an Image resource and load it normally as a resource.
   at: load (core/io/image.cpp:2770)
   GDScript backtrace (most recent call first):
       [0] _decode_in_thread (res://scripts/StreamedBakedTileProvider.gd:93)
WARNING: Loaded resource as image file, this will not work on export: 'res://assets/tiles_bundle/ocean_v_final/base_depth/6_25_20.png'. Instead, import the image file as an Image resource and load it normally as a resource.
   at: load (core/io/image.cpp:2770)
   GDScript backtrace (most recent call first):
       [0] _decode_in_thread (res://scripts/StreamedBakedTileProvider.gd:93)
WARNING: Loaded resource as image file, this will not work on export: 'res://assets/tiles_bundle/ocean_v_final/base_depth/6_26_20.png'. Instead, import the image file as an Image resource and load it normally as a resource.
   at: load (core/io/image.cpp:2770)
   GDScript backtrace (most recent call first):
       [0] _decode_in_thread (res://scripts/StreamedBakedTileProvider.gd:93)
WARNING: Loaded resource as image file, this will not work on export: 'res://assets/tiles_bundle/ocean_v_final/base_depth/6_27_20.png'. Instead, import the image file as an Image resource and load it normally as a resource.
   at: load (core/io/image.cpp:2770)
   GDScript backtrace (most recent call first):
       [0] _decode_in_thread (res://scripts/StreamedBakedTileProvider.gd:93)
WARNING: Loaded resource as image file, this will not work on export: 'res://assets/tiles_bundle/ocean_v_final/base_depth/6_28_20.png'. Instead, import the image file as an Image resource and load it normally as a resource.
   at: load (core/io/image.cpp:2770)
   GDScript backtrace (most recent call first):
       [0] _decode_in_thread (res://scripts/StreamedBakedTileProvider.gd:93)
WARNING: Loaded resource as image file, this will not work on export: 'res://assets/tiles_bundle/ocean_v_final/base_depth/6_29_20.png'. Instead, import the image file as an Image resource and load it normally as a resource.
   at: load (core/io/image.cpp:2770)
   GDScript backtrace (most recent call first):
       [0] _decode_in_thread (res://scripts/StreamedBakedTileProvider.gd:93)
WARNING: Loaded resource as image file, this will not work on export: 'res://assets/tiles_bundle/ocean_v_final/base_depth/6_30_20.png'. Instead, import the image file as an Image resource and load it normally as a resource.
   at: load (core/io/image.cpp:2770)
   GDScript backtrace (most recent call first):
       [0] _decode_in_thread (res://scripts/StreamedBakedTileProvider.gd:93)
WARNING: Loaded resource as image file, this will not work on export: 'res://assets/tiles_bundle/ocean_v_final/base_depth/6_31_20.png'. Instead, import the image file as an Image resource and load it normally as a resource.
   at: load (core/io/image.cpp:2770)
   GDScript backtrace (most recent call first):
       [0] _decode_in_thread (res://scripts/StreamedBakedTileProvider.gd:93)
WARNING: Loaded resource as image file, this will not work on export: 'res://assets/tiles_bundle/ocean_v_final/base_depth/6_32_20.png'. Instead, import the image file as an Image resource and load it normally as a resource.
   at: load (core/io/image.cpp:2770)
   GDScript backtrace (most recent call first):
       [0] _decode_in_thread (res://scripts/StreamedBakedTileProvider.gd:93)
WARNING: Loaded resource as image file, this will not work on export: 'res://assets/tiles_bundle/ocean_v_final/base_depth/6_33_20.png'. Instead, import the image file as an Image resource and load it normally as a resource.
   at: load (core/io/image.cpp:2770)
   GDScript backtrace (most recent call first):
       [0] _decode_in_thread (res://scripts/StreamedBakedTileProvider.gd:93)
WARNING: Loaded resource as image file, this will not work on export: 'res://assets/tiles_bundle/ocean_v_final/base_depth/6_34_20.png'. Instead, import the image file as an Image resource and load it normally as a resource.
   at: load (core/io/image.cpp:2770)
   GDScript backtrace (most recent call first):
       [0] _decode_in_thread (res://scripts/StreamedBakedTileProvider.gd:93)
WARNING: Loaded resource as image file, this will not work on export: 'res://assets/tiles_bundle/ocean_v_final/base_depth/6_35_20.png'. Instead, import the image file as an Image resource and load it normally as a resource.
   at: load (core/io/image.cpp:2770)
   GDScript backtrace (most recent call first):
       [0] _decode_in_thread (res://scripts/StreamedBakedTileProvider.gd:93)
WARNING: Loaded resource as image file, this will not work on export: 'res://assets/tiles_bundle/ocean_v_final/base_depth/6_23_21.png'. Instead, import the image file as an Image resource and load it normally as a resource.
   at: load (core/io/image.cpp:2770)
   GDScript backtrace (most recent call first):
       [0] _decode_in_thread (res://scripts/StreamedBakedTileProvider.gd:93)
WARNING: Loaded resource as image file, this will not work on export: 'res://assets/tiles_bundle/ocean_v_final/base_depth/6_24_21.png'. Instead, import the image file as an Image resource and load it normally as a resource.
   at: load (core/io/image.cpp:2770)
   GDScript backtrace (most recent call first):
       [0] _decode_in_thread (res://scripts/StreamedBakedTileProvider.gd:93)
WARNING: Loaded resource as image file, this will not work on export: 'res://assets/tiles_bundle/ocean_v_final/base_depth/6_25_21.png'. Instead, import the image file as an Image resource and load it normally as a resource.
   at: load (core/io/image.cpp:2770)
   GDScript backtrace (most recent call first):
       [0] _decode_in_thread (res://scripts/StreamedBakedTileProvider.gd:93)
WARNING: Loaded resource as image file, this will not work on export: 'res://assets/tiles_bundle/ocean_v_final/base_depth/6_26_21.png'. Instead, import the image file as an Image resource and load it normally as a resource.
   at: load (core/io/image.cpp:2770)
   GDScript backtrace (most recent call first):
       [0] _decode_in_thread (res://scripts/StreamedBakedTileProvider.gd:93)
WARNING: Loaded resource as image file, this will not work on export: 'res://assets/tiles_bundle/ocean_v_final/base_depth/6_27_21.png'. Instead, import the image file as an Image resource and load it normally as a resource.
   at: load (core/io/image.cpp:2770)
   GDScript backtrace (most recent call first):
       [0] _decode_in_thread (res://scripts/StreamedBakedTileProvider.gd:93)
WARNING: Loaded resource as image file, this will not work on export: 'res://assets/tiles_bundle/ocean_v_final/base_depth/6_28_21.png'. Instead, import the image file as an Image resource and load it normally as a resource.
   at: load (core/io/image.cpp:2770)
   GDScript backtrace (most recent call first):
       [0] _decode_in_thread (res://scripts/StreamedBakedTileProvider.gd:93)
WARNING: Loaded resource as image file, this will not work on export: 'res://assets/tiles_bundle/ocean_v_final/base_depth/6_29_21.png'. Instead, import the image file as an Image resource and load it normally as a resource.
   at: load (core/io/image.cpp:2770)
   GDScript backtrace (most recent call first):
       [0] _decode_in_thread (res://scripts/StreamedBakedTileProvider.gd:93)
WARNING: Loaded resource as image file, this will not work on export: 'res://assets/tiles_bundle/ocean_v_final/base_depth/6_30_21.png'. Instead, import the image file as an Image resource and load it normally as a resource.
   at: load (core/io/image.cpp:2770)
   GDScript backtrace (most recent call first):
       [0] _decode_in_thread (res://scripts/StreamedBakedTileProvider.gd:93)
WARNING: Loaded resource as image file, this will not work on export: 'res://assets/tiles_bundle/ocean_v_final/base_depth/6_31_21.png'. Instead, import the image file as an Image resource and load it normally as a resource.
   at: load (core/io/image.cpp:2770)
   GDScript backtrace (most recent call first):
       [0] _decode_in_thread (res://scripts/StreamedBakedTileProvider.gd:93)
WARNING: Loaded resource as image file, this will not work on export: 'res://assets/tiles_bundle/ocean_v_final/base_depth/6_32_21.png'. Instead, import the image file as an Image resource and load it normally as a resource.
   at: load (core/io/image.cpp:2770)
   GDScript backtrace (most recent call first):
       [0] _decode_in_thread (res://scripts/StreamedBakedTileProvider.gd:93)
WARNING: Loaded resource as image file, this will not work on export: 'res://assets/tiles_bundle/ocean_v_final/base_depth/6_23_22.png'. Instead, import the image file as an Image resource and load it normally as a resource.
   at: load (core/io/image.cpp:2770)
   GDScript backtrace (most recent call first):
       [0] _decode_in_thread (res://scripts/StreamedBakedTileProvider.gd:93)
WARNING: Loaded resource as image file, this will not work on export: 'res://assets/tiles_bundle/ocean_v_final/base_depth/6_24_22.png'. Instead, import the image file as an Image resource and load it normally as a resource.
   at: load (core/io/image.cpp:2770)
   GDScript backtrace (most recent call first):
       [0] _decode_in_thread (res://scripts/StreamedBakedTileProvider.gd:93)
WARNING: Loaded resource as image file, this will not work on export: 'res://assets/tiles_bundle/ocean_v_final/base_depth/6_25_22.png'. Instead, import the image file as an Image resource and load it normally as a resource.
   at: load (core/io/image.cpp:2770)
   GDScript backtrace (most recent call first):
       [0] _decode_in_thread (res://scripts/StreamedBakedTileProvider.gd:93)
WARNING: Loaded resource as image file, this will not work on export: 'res://assets/tiles_bundle/ocean_v_final/base_depth/6_26_22.png'. Instead, import the image file as an Image resource and load it normally as a resource.
   at: load (core/io/image.cpp:2770)
   GDScript backtrace (most recent call first):
       [0] _decode_in_thread (res://scripts/StreamedBakedTileProvider.gd:93)
WARNING: Loaded resource as image file, this will not work on export: 'res://assets/tiles_bundle/ocean_v_final/base_depth/6_27_22.png'. Instead, import the image file as an Image resource and load it normally as a resource.
   at: load (core/io/image.cpp:2770)
   GDScript backtrace (most recent call first):
       [0] _decode_in_thread (res://scripts/StreamedBakedTileProvider.gd:93)
WARNING: Loaded resource as image file, this will not work on export: 'res://assets/tiles_bundle/ocean_v_final/base_depth/6_28_22.png'. Instead, import the image file as an Image resource and load it normally as a resource.
   at: load (core/io/image.cpp:2770)
   GDScript backtrace (most recent call first):
       [0] _decode_in_thread (res://scripts/StreamedBakedTileProvider.gd:93)
WARNING: Loaded resource as image file, this will not work on export: 'res://assets/tiles_bundle/ocean_v_final/base_depth/6_29_22.png'. Instead, import the image file as an Image resource and load it normally as a resource.
   at: load (core/io/image.cpp:2770)
   GDScript backtrace (most recent call first):
       [0] _decode_in_thread (res://scripts/StreamedBakedTileProvider.gd:93)
WARNING: Loaded resource as image file, this will not work on export: 'res://assets/tiles_bundle/ocean_v_final/base_depth/6_30_22.png'. Instead, import the image file as an Image resource and load it normally as a resource.
   at: load (core/io/image.cpp:2770)
   GDScript backtrace (most recent call first):
       [0] _decode_in_thread (res://scripts/StreamedBakedTileProvider.gd:93)
WARNING: Loaded resource as image file, this will not work on export: 'res://assets/tiles_bundle/ocean_v_final/base_depth/6_31_22.png'. Instead, import the image file as an Image resource and load it normally as a resource.
   at: load (core/io/image.cpp:2770)
   GDScript backtrace (most recent call first):
       [0] _decode_in_thread (res://scripts/StreamedBakedTileProvider.gd:93)
WARNING: Loaded resource as image file, this will not work on export: 'res://assets/tiles_bundle/ocean_v_final/base_depth/6_33_22.png'. Instead, import the image file as an Image resource and load it normally as a resource.
   at: load (core/io/image.cpp:2770)
   GDScript backtrace (most recent call first):
       [0] _decode_in_thread (res://scripts/StreamedBakedTileProvider.gd:93)
WARNING: Loaded resource as image file, this will not work on export: 'res://assets/tiles_bundle/ocean_v_final/base_depth/6_34_22.png'. Instead, import the image file as an Image resource and load it normally as a resource.
   at: load (core/io/image.cpp:2770)
   GDScript backtrace (most recent call first):
       [0] _decode_in_thread (res://scripts/StreamedBakedTileProvider.gd:93)
WARNING: Loaded resource as image file, this will not work on export: 'res://assets/tiles_bundle/ocean_v_final/base_depth/6_37_22.png'. Instead, import the image file as an Image resource and load it normally as a resource.
   at: load (core/io/image.cpp:2770)
   GDScript backtrace (most recent call first):
       [0] _decode_in_thread (res://scripts/StreamedBakedTileProvider.gd:93)
WARNING: Loaded resource as image file, this will not work on export: 'res://assets/tiles_bundle/ocean_v_final/base_depth/6_38_22.png'. Instead, import the image file as an Image resource and load it normally as a resource.
   at: load (core/io/image.cpp:2770)
   GDScript backtrace (most recent call first):
       [0] _decode_in_thread (res://scripts/StreamedBakedTileProvider.gd:93)
WARNING: Loaded resource as image file, this will not work on export: 'res://assets/tiles_bundle/ocean_v_final/base_depth/6_23_23.png'. Instead, import the image file as an Image resource and load it normally as a resource.
   at: load (core/io/image.cpp:2770)
   GDScript backtrace (most recent call first):
       [0] _decode_in_thread (res://scripts/StreamedBakedTileProvider.gd:93)
WARNING: Loaded resource as image file, this will not work on export: 'res://assets/tiles_bundle/ocean_v_final/base_depth/6_24_23.png'. Instead, import the image file as an Image resource and load it normally as a resource.
   at: load (core/io/image.cpp:2770)
   GDScript backtrace (most recent call first):
       [0] _decode_in_thread (res://scripts/StreamedBakedTileProvider.gd:93)
WARNING: Loaded resource as image file, this will not work on export: 'res://assets/tiles_bundle/ocean_v_final/base_depth/6_25_23.png'. Instead, import the image file as an Image resource and load it normally as a resource.
   at: load (core/io/image.cpp:2770)
   GDScript backtrace (most recent call first):
       [0] _decode_in_thread (res://scripts/StreamedBakedTileProvider.gd:93)
WARNING: Loaded resource as image file, this will not work on export: 'res://assets/tiles_bundle/ocean_v_final/base_depth/6_26_23.png'. Instead, import the image file as an Image resource and load it normally as a resource.
   at: load (core/io/image.cpp:2770)
   GDScript backtrace (most recent call first):
       [0] _decode_in_thread (res://scripts/StreamedBakedTileProvider.gd:93)
WARNING: Loaded resource as image file, this will not work on export: 'res://assets/tiles_bundle/ocean_v_final/base_depth/6_27_23.png'. Instead, import the image file as an Image resource and load it normally as a resource.
   at: load (core/io/image.cpp:2770)
WARNING: Loaded resource as image file, this will not work on export: 'res://assets/tiles_bundle/ocean_v_final/base_depth/6_28_23.png'. Instead, import the image file as an Image resource and load it normally as a resource.
   GDScript backtrace (most recent call first):
       [0] _decode_in_thread (res://scripts/StreamedBakedTileProvider.gd:93)
   at: load (core/io/image.cpp:2770)
   GDScript backtrace (most recent call first):
       [0] _decode_in_thread (res://scripts/StreamedBakedTileProvider.gd:93)
WARNING: Loaded resource as image file, this will not work on export: 'res://assets/tiles_bundle/ocean_v_final/base_depth/6_29_23.png'. Instead, import the image file as an Image resource and load it normally as a resource.
   at: load (core/io/image.cpp:2770)
   GDScript backtrace (most recent call first):
       [0] _decode_in_thread (res://scripts/StreamedBakedTileProvider.gd:93)
WARNING: Loaded resource as image file, this will not work on export: 'res://assets/tiles_bundle/ocean_v_final/base_depth/6_31_23.png'. Instead, import the image file as an Image resource and load it normally as a resource.
   at: load (core/io/image.cpp:2770)
WARNING: Loaded resource as image file, this will not work on export: 'res://assets/tiles_bundle/ocean_v_final/base_depth/6_30_23.png'. Instead, import the image file as an Image resource and load it normally as a resource.
   GDScript backtrace (most recent call first):
       [0] _decode_in_thread (res://scripts/StreamedBakedTileProvider.gd:93)
   at: load (core/io/image.cpp:2770)
   GDScript backtrace (most recent call first):
       [0] _decode_in_thread (res://scripts/StreamedBakedTileProvider.gd:93)
WARNING: Loaded resource as image file, this will not work on export: 'res://assets/tiles_bundle/ocean_v_final/base_depth/6_33_23.png'. Instead, import the image file as an Image resource and load it normally as a resource.
   at: load (core/io/image.cpp:2770)
   GDScript backtrace (most recent call first):
       [0] _decode_in_thread (res://scripts/StreamedBakedTileProvider.gd:93)
WARNING: Loaded resource as image file, this will not work on export: 'res://assets/tiles_bundle/ocean_v_final/base_depth/6_32_23.png'. Instead, import the image file as an Image resource and load it normally as a resource.
   at: load (core/io/image.cpp:2770)
   GDScript backtrace (most recent call first):
       [0] _decode_in_thread (res://scripts/StreamedBakedTileProvider.gd:93)
WARNING: Loaded resource as image file, this will not work on export: 'res://assets/tiles_bundle/ocean_v_final/base_depth/6_34_23.png'. Instead, import the image file as an Image resource and load it normally as a resource.
   at: load (core/io/image.cpp:2770)
   GDScript backtrace (most recent call first):
       [0] _decode_in_thread (res://scripts/StreamedBakedTileProvider.gd:93)
WARNING: Loaded resource as image file, this will not work on export: 'res://assets/tiles_bundle/ocean_v_final/base_depth/6_35_23.png'. Instead, import the image file as an Image resource and load it normally as a resource.
   at: load (core/io/image.cpp:2770)
   GDScript backtrace (most recent call first):
       [0] _decode_in_thread (res://scripts/StreamedBakedTileProvider.gd:93)
WARNING: Loaded resource as image file, this will not work on export: 'res://assets/tiles_bundle/ocean_v_final/base_depth/6_36_23.png'. Instead, import the image file as an Image resource and load it normally as a resource.
   at: load (core/io/image.cpp:2770)
   GDScript backtrace (most recent call first):
       [0] _decode_in_thread (res://scripts/StreamedBakedTileProvider.gd:93)
WARNING: Loaded resource as image file, this will not work on export: 'res://assets/tiles_bundle/ocean_v_final/base_depth/6_37_23.png'. Instead, import the image file as an Image resource and load it normally as a resource.
   at: load (core/io/image.cpp:2770)
   GDScript backtrace (most recent call first):
       [0] _decode_in_thread (res://scripts/StreamedBakedTileProvider.gd:93)
WARNING: Loaded resource as image file, this will not work on export: 'res://assets/tiles_bundle/ocean_v_final/base_depth/6_23_24.png'. Instead, import the image file as an Image resource and load it normally as a resource.
   at: load (core/io/image.cpp:2770)
   GDScript backtrace (most recent call first):
       [0] _decode_in_thread (res://scripts/StreamedBakedTileProvider.gd:93)
WARNING: Loaded resource as image file, this will not work on export: 'res://assets/tiles_bundle/ocean_v_final/base_depth/6_38_23.png'. Instead, import the image file as an Image resource and load it normally as a resource.
   at: load (core/io/image.cpp:2770)
   GDScript backtrace (most recent call first):
       [0] _decode_in_thread (res://scripts/StreamedBakedTileProvider.gd:93)
WARNING: Loaded resource as image file, this will not work on export: 'res://assets/tiles_bundle/ocean_v_final/base_depth/6_24_24.png'. Instead, import the image file as an Image resource and load it normally as a resource.
   at: load (core/io/image.cpp:2770)
   GDScript backtrace (most recent call first):
       [0] _decode_in_thread (res://scripts/StreamedBakedTileProvider.gd:93)
WARNING: Loaded resource as image file, this will not work on export: 'res://assets/tiles_bundle/ocean_v_final/base_depth/6_26_24.png'. Instead, import the image file as an Image resource and load it normally as a resource.
   at: load (core/io/image.cpp:2770)
   GDScript backtrace (most recent call first):
       [0] _decode_in_thread (res://scripts/StreamedBakedTileProvider.gd:93)
WARNING: Loaded resource as image file, this will not work on export: 'res://assets/tiles_bundle/ocean_v_final/base_depth/6_25_24.png'. Instead, import the image file as an Image resource and load it normally as a resource.
   at: load (core/io/image.cpp:2770)
   GDScript backtrace (most recent call first):
       [0] _decode_in_thread (res://scripts/StreamedBakedTileProvider.gd:93)
WARNING: Loaded resource as image file, this will not work on export: 'res://assets/tiles_bundle/ocean_v_final/base_depth/6_27_24.png'. Instead, import the image file as an Image resource and load it normally as a resource.
   at: load (core/io/image.cpp:2770)
   GDScript backtrace (most recent call first):
       [0] _decode_in_thread (res://scripts/StreamedBakedTileProvider.gd:93)
WARNING: Loaded resource as image file, this will not work on export: 'res://assets/tiles_bundle/ocean_v_final/base_depth/6_28_24.png'. Instead, import the image file as an Image resource and load it normally as a resource.
   at: load (core/io/image.cpp:2770)
   GDScript backtrace (most recent call first):
       [0] _decode_in_thread (res://scripts/StreamedBakedTileProvider.gd:93)
WARNING: Loaded resource as image file, this will not work on export: 'res://assets/tiles_bundle/ocean_v_final/base_depth/6_29_24.png'. Instead, import the image file as an Image resource and load it normally as a resource.
   at: load (core/io/image.cpp:2770)
   GDScript backtrace (most recent call first):
       [0] _decode_in_thread (res://scripts/StreamedBakedTileProvider.gd:93)
WARNING: Loaded resource as image file, this will not work on export: 'res://assets/tiles_bundle/ocean_v_final/base_depth/6_30_24.png'. Instead, import the image file as an Image resource and load it normally as a resource.
   at: load (core/io/image.cpp:2770)
   GDScript backtrace (most recent call first):
       [0] _decode_in_thread (res://scripts/StreamedBakedTileProvider.gd:93)
WARNING: Loaded resource as image file, this will not work on export: 'res://assets/tiles_bundle/ocean_v_final/base_depth/6_31_24.png'. Instead, import the image file as an Image resource and load it normally as a resource.
   at: load (core/io/image.cpp:2770)
   GDScript backtrace (most recent call first):
       [0] _decode_in_thread (res://scripts/StreamedBakedTileProvider.gd:93)
WARNING: Loaded resource as image file, this will not work on export: 'res://assets/tiles_bundle/ocean_v_final/base_depth/6_33_24.png'. Instead, import the image file as an Image resource and load it normally as a resource.
WARNING: Loaded resource as image file, this will not work on export: 'res://assets/tiles_bundle/ocean_v_final/base_depth/6_32_24.png'. Instead, import the image file as an Image resource and load it normally as a resource.
   at: load (core/io/image.cpp:2770)
   at: load (core/io/image.cpp:2770)
   GDScript backtrace (most recent call first):
       [0] _decode_in_thread (res://scripts/StreamedBakedTileProvider.gd:93)
   GDScript backtrace (most recent call first):
       [0] _decode_in_thread (res://scripts/StreamedBakedTileProvider.gd:93)
WARNING: Loaded resource as image file, this will not work on export: 'res://assets/tiles_bundle/ocean_v_final/base_depth/6_34_24.png'. Instead, import the image file as an Image resource and load it normally as a resource.
   at: load (core/io/image.cpp:2770)
   GDScript backtrace (most recent call first):
       [0] _decode_in_thread (res://scripts/StreamedBakedTileProvider.gd:93)
WARNING: Loaded resource as image file, this will not work on export: 'res://assets/tiles_bundle/ocean_v_final/base_depth/6_35_24.png'. Instead, import the image file as an Image resource and load it normally as a resource.
   at: load (core/io/image.cpp:2770)
   GDScript backtrace (most recent call first):
       [0] _decode_in_thread (res://scripts/StreamedBakedTileProvider.gd:93)
WARNING: Loaded resource as image file, this will not work on export: 'res://assets/tiles_bundle/ocean_v_final/base_depth/6_36_24.png'. Instead, import the image file as an Image resource and load it normally as a resource.
   at: load (core/io/image.cpp:2770)
   GDScript backtrace (most recent call first):
       [0] _decode_in_thread (res://scripts/StreamedBakedTileProvider.gd:93)
WARNING: Loaded resource as image file, this will not work on export: 'res://assets/tiles_bundle/ocean_v_final/base_depth/6_37_24.png'. Instead, import the image file as an Image resource and load it normally as a resource.
   at: load (core/io/image.cpp:2770)
   GDScript backtrace (most recent call first):
       [0] _decode_in_thread (res://scripts/StreamedBakedTileProvider.gd:93)
WARNING: Loaded resource as image file, this will not work on export: 'res://assets/tiles_bundle/ocean_v_final/base_depth/6_38_24.png'. Instead, import the image file as an Image resource and load it normally as a resource.
   at: load (core/io/image.cpp:2770)
   GDScript backtrace (most recent call first):
       [0] _decode_in_thread (res://scripts/StreamedBakedTileProvider.gd:93)
WARNING: Loaded resource as image file, this will not work on export: 'res://assets/tiles_bundle/ocean_v_final/base_depth/6_23_25.png'. Instead, import the image file as an Image resource and load it normally as a resource.
   at: load (core/io/image.cpp:2770)
   GDScript backtrace (most recent call first):
       [0] _decode_in_thread (res://scripts/StreamedBakedTileProvider.gd:93)
WARNING: Loaded resource as image file, this will not work on export: 'res://assets/tiles_bundle/ocean_v_final/base_depth/6_24_25.png'. Instead, import the image file as an Image resource and load it normally as a resource.
   at: load (core/io/image.cpp:2770)
   GDScript backtrace (most recent call first):
       [0] _decode_in_thread (res://scripts/StreamedBakedTileProvider.gd:93)
WARNING: Loaded resource as image file, this will not work on export: 'res://assets/tiles_bundle/ocean_v_final/base_depth/6_25_25.png'. Instead, import the image file as an Image resource and load it normally as a resource.
   at: load (core/io/image.cpp:2770)
   GDScript backtrace (most recent call first):
       [0] _decode_in_thread (res://scripts/StreamedBakedTileProvider.gd:93)
WARNING: Loaded resource as image file, this will not work on export: 'res://assets/tiles_bundle/ocean_v_final/base_depth/6_26_25.png'. Instead, import the image file as an Image resource and load it normally as a resource.
   at: load (core/io/image.cpp:2770)
   GDScript backtrace (most recent call first):
       [0] _decode_in_thread (res://scripts/StreamedBakedTileProvider.gd:93)
WARNING: Loaded resource as image file, this will not work on export: 'res://assets/tiles_bundle/ocean_v_final/base_depth/6_27_25.png'. Instead, import the image file as an Image resource and load it normally as a resource.
   at: load (core/io/image.cpp:2770)
   GDScript backtrace (most recent call first):
       [0] _decode_in_thread (res://scripts/StreamedBakedTileProvider.gd:93)
WARNING: Loaded resource as image file, this will not work on export: 'res://assets/tiles_bundle/ocean_v_final/base_depth/6_28_25.png'. Instead, import the image file as an Image resource and load it normally as a resource.
   at: load (core/io/image.cpp:2770)
   GDScript backtrace (most recent call first):
       [0] _decode_in_thread (res://scripts/StreamedBakedTileProvider.gd:93)
WARNING: Loaded resource as image file, this will not work on export: 'res://assets/tiles_bundle/ocean_v_final/base_depth/6_29_25.png'. Instead, import the image file as an Image resource and load it normally as a resource.
   at: load (core/io/image.cpp:2770)
   GDScript backtrace (most recent call first):
       [0] _decode_in_thread (res://scripts/StreamedBakedTileProvider.gd:93)
WARNING: Loaded resource as image file, this will not work on export: 'res://assets/tiles_bundle/ocean_v_final/base_depth/6_30_25.png'. Instead, import the image file as an Image resource and load it normally as a resource.
   at: load (core/io/image.cpp:2770)
   GDScript backtrace (most recent call first):
       [0] _decode_in_thread (res://scripts/StreamedBakedTileProvider.gd:93)
WARNING: Loaded resource as image file, this will not work on export: 'res://assets/tiles_bundle/ocean_v_final/base_depth/6_31_25.png'. Instead, import the image file as an Image resource and load it normally as a resource.
   at: load (core/io/image.cpp:2770)
   GDScript backtrace (most recent call first):
       [0] _decode_in_thread (res://scripts/StreamedBakedTileProvider.gd:93)
WARNING: Loaded resource as image file, this will not work on export: 'res://assets/tiles_bundle/ocean_v_final/base_depth/6_32_25.png'. Instead, import the image file as an Image resource and load it normally as a resource.
   at: load (core/io/image.cpp:2770)
   GDScript backtrace (most recent call first):
       [0] _decode_in_thread (res://scripts/StreamedBakedTileProvider.gd:93)
WARNING: Loaded resource as image file, this will not work on export: 'res://assets/tiles_bundle/ocean_v_final/base_depth/6_33_25.png'. Instead, import the image file as an Image resource and load it normally as a resource.
   at: load (core/io/image.cpp:2770)
   GDScript backtrace (most recent call first):
       [0] _decode_in_thread (res://scripts/StreamedBakedTileProvider.gd:93)
WARNING: Loaded resource as image file, this will not work on export: 'res://assets/tiles_bundle/ocean_v_final/base_depth/6_34_25.png'. Instead, import the image file as an Image resource and load it normally as a resource.
   at: load (core/io/image.cpp:2770)
   GDScript backtrace (most recent call first):
       [0] _decode_in_thread (res://scripts/StreamedBakedTileProvider.gd:93)
WARNING: Loaded resource as image file, this will not work on export: 'res://assets/tiles_bundle/ocean_v_final/base_depth/6_35_25.png'. Instead, import the image file as an Image resource and load it normally as a resource.
   at: load (core/io/image.cpp:2770)
   GDScript backtrace (most recent call first):
       [0] _decode_in_thread (res://scripts/StreamedBakedTileProvider.gd:93)
WARNING: Loaded resource as image file, this will not work on export: 'res://assets/tiles_bundle/ocean_v_final/base_depth/6_36_25.png'. Instead, import the image file as an Image resource and load it normally as a resource.
   at: load (core/io/image.cpp:2770)
   GDScript backtrace (most recent call first):
       [0] _decode_in_thread (res://scripts/StreamedBakedTileProvider.gd:93)
WARNING: Loaded resource as image file, this will not work on export: 'res://assets/tiles_bundle/ocean_v_final/base_depth/6_37_25.png'. Instead, import the image file as an Image resource and load it normally as a resource.
   at: load (core/io/image.cpp:2770)
   GDScript backtrace (most recent call first):
       [0] _decode_in_thread (res://scripts/StreamedBakedTileProvider.gd:93)
WARNING: Loaded resource as image file, this will not work on export: 'res://assets/tiles_bundle/ocean_v_final/base_depth/6_38_25.png'. Instead, import the image file as an Image resource and load it normally as a resource.
   at: load (core/io/image.cpp:2770)
   GDScript backtrace (most recent call first):
       [0] _decode_in_thread (res://scripts/StreamedBakedTileProvider.gd:93)
WARNING: Loaded resource as image file, this will not work on export: 'res://assets/tiles_bundle/ocean_v_final/base_depth/6_23_26.png'. Instead, import the image file as an Image resource and load it normally as a resource.
   at: load (core/io/image.cpp:2770)
   GDScript backtrace (most recent call first):
       [0] _decode_in_thread (res://scripts/StreamedBakedTileProvider.gd:93)
WARNING: Loaded resource as image file, this will not work on export: 'res://assets/tiles_bundle/ocean_v_final/base_depth/6_24_26.png'. Instead, import the image file as an Image resource and load it normally as a resource.
   at: load (core/io/image.cpp:2770)
   GDScript backtrace (most recent call first):
       [0] _decode_in_thread (res://scripts/StreamedBakedTileProvider.gd:93)
WARNING: Loaded resource as image file, this will not work on export: 'res://assets/tiles_bundle/ocean_v_final/base_depth/6_25_26.png'. Instead, import the image file as an Image resource and load it normally as a resource.
   at: load (core/io/image.cpp:2770)
WARNING: Loaded resource as image file, this will not work on export: 'res://assets/tiles_bundle/ocean_v_final/base_depth/6_26_26.png'. Instead, import the image file as an Image resource and load it normally as a resource.
   GDScript backtrace (most recent call first):
       [0] _decode_in_thread (res://scripts/StreamedBakedTileProvider.gd:93)
   at: load (core/io/image.cpp:2770)
   GDScript backtrace (most recent call first):
       [0] _decode_in_thread (res://scripts/StreamedBakedTileProvider.gd:93)
WARNING: Loaded resource as image file, this will not work on export: 'res://assets/tiles_bundle/ocean_v_final/base_depth/6_27_26.png'. Instead, import the image file as an Image resource and load it normally as a resource.
   at: load (core/io/image.cpp:2770)
   GDScript backtrace (most recent call first):
       [0] _decode_in_thread (res://scripts/StreamedBakedTileProvider.gd:93)
WARNING: Loaded resource as image file, this will not work on export: 'res://assets/tiles_bundle/ocean_v_final/base_depth/6_29_26.png'. Instead, import the image file as an Image resource and load it normally as a resource.
   at: load (core/io/image.cpp:2770)
   GDScript backtrace (most recent call first):
       [0] _decode_in_thread (res://scripts/StreamedBakedTileProvider.gd:93)
WARNING: Loaded resource as image file, this will not work on export: 'res://assets/tiles_bundle/ocean_v_final/base_depth/6_28_26.png'. Instead, import the image file as an Image resource and load it normally as a resource.
   at: load (core/io/image.cpp:2770)
   GDScript backtrace (most recent call first):
       [0] _decode_in_thread (res://scripts/StreamedBakedTileProvider.gd:93)
WARNING: Loaded resource as image file, this will not work on export: 'res://assets/tiles_bundle/ocean_v_final/base_depth/6_30_26.png'. Instead, import the image file as an Image resource and load it normally as a resource.
   at: load (core/io/image.cpp:2770)
   GDScript backtrace (most recent call first):
       [0] _decode_in_thread (res://scripts/StreamedBakedTileProvider.gd:93)
WARNING: Loaded resource as image file, this will not work on export: 'res://assets/tiles_bundle/ocean_v_final/base_depth/6_34_26.png'. Instead, import the image file as an Image resource and load it normally as a resource.
   at: load (core/io/image.cpp:2770)
   GDScript backtrace (most recent call first):
       [0] _decode_in_thread (res://scripts/StreamedBakedTileProvider.gd:93)
WARNING: Loaded resource as image file, this will not work on export: 'res://assets/tiles_bundle/ocean_v_final/base_depth/6_35_26.png'. Instead, import the image file as an Image resource and load it normally as a resource.
   at: load (core/io/image.cpp:2770)
   GDScript backtrace (most recent call first):
       [0] _decode_in_thread (res://scripts/StreamedBakedTileProvider.gd:93)
WARNING: Loaded resource as image file, this will not work on export: 'res://assets/tiles_bundle/ocean_v_final/base_depth/6_36_26.png'. Instead, import the image file as an Image resource and load it normally as a resource.
   at: load (core/io/image.cpp:2770)
   GDScript backtrace (most recent call first):
       [0] _decode_in_thread (res://scripts/StreamedBakedTileProvider.gd:93)
WARNING: Loaded resource as image file, this will not work on export: 'res://assets/tiles_bundle/ocean_v_final/base_depth/6_37_26.png'. Instead, import the image file as an Image resource and load it normally as a resource.
   at: load (core/io/image.cpp:2770)
   GDScript backtrace (most recent call first):
       [0] _decode_in_thread (res://scripts/StreamedBakedTileProvider.gd:93)
WARNING: Loaded resource as image file, this will not work on export: 'res://assets/tiles_bundle/ocean_v_final/base_depth/6_23_27.png'. Instead, import the image file as an Image resource and load it normally as a resource.
   at: load (core/io/image.cpp:2770)
   GDScript backtrace (most recent call first):
       [0] _decode_in_thread (res://scripts/StreamedBakedTileProvider.gd:93)
WARNING: Loaded resource as image file, this will not work on export: 'res://assets/tiles_bundle/ocean_v_final/base_depth/6_38_26.png'. Instead, import the image file as an Image resource and load it normally as a resource.
   at: load (core/io/image.cpp:2770)
   GDScript backtrace (most recent call first):
       [0] _decode_in_thread (res://scripts/StreamedBakedTileProvider.gd:93)
WARNING: Loaded resource as image file, this will not work on export: 'res://assets/tiles_bundle/ocean_v_final/base_depth/6_24_27.png'. Instead, import the image file as an Image resource and load it normally as a resource.
   at: load (core/io/image.cpp:2770)
   GDScript backtrace (most recent call first):
       [0] _decode_in_thread (res://scripts/StreamedBakedTileProvider.gd:93)
WARNING: Loaded resource as image file, this will not work on export: 'res://assets/tiles_bundle/ocean_v_final/base_depth/6_25_27.png'. Instead, import the image file as an Image resource and load it normally as a resource.
   at: load (core/io/image.cpp:2770)
   GDScript backtrace (most recent call first):
       [0] _decode_in_thread (res://scripts/StreamedBakedTileProvider.gd:93)
WARNING: Loaded resource as image file, this will not work on export: 'res://assets/tiles_bundle/ocean_v_final/base_depth/6_26_27.png'. Instead, import the image file as an Image resource and load it normally as a resource.
   at: load (core/io/image.cpp:2770)
   GDScript backtrace (most recent call first):
       [0] _decode_in_thread (res://scripts/StreamedBakedTileProvider.gd:93)
WARNING: Loaded resource as image file, this will not work on export: 'res://assets/tiles_bundle/ocean_v_final/base_depth/6_27_27.png'. Instead, import the image file as an Image resource and load it normally as a resource.
   at: load (core/io/image.cpp:2770)
   GDScript backtrace (most recent call first):
       [0] _decode_in_thread (res://scripts/StreamedBakedTileProvider.gd:93)
WARNING: Loaded resource as image file, this will not work on export: 'res://assets/tiles_bundle/ocean_v_final/base_depth/6_28_27.png'. Instead, import the image file as an Image resource and load it normally as a resource.
   at: load (core/io/image.cpp:2770)
   GDScript backtrace (most recent call first):
       [0] _decode_in_thread (res://scripts/StreamedBakedTileProvider.gd:93)
WARNING: Loaded resource as image file, this will not work on export: 'res://assets/tiles_bundle/ocean_v_final/base_depth/6_29_27.png'. Instead, import the image file as an Image resource and load it normally as a resource.
   at: load (core/io/image.cpp:2770)
   GDScript backtrace (most recent call first):
       [0] _decode_in_thread (res://scripts/StreamedBakedTileProvider.gd:93)
WARNING: Loaded resource as image file, this will not work on export: 'res://assets/tiles_bundle/ocean_v_final/base_depth/6_34_27.png'. Instead, import the image file as an Image resource and load it normally as a resource.
   at: load (core/io/image.cpp:2770)
   GDScript backtrace (most recent call first):
       [0] _decode_in_thread (res://scripts/StreamedBakedTileProvider.gd:93)
WARNING: Loaded resource as image file, this will not work on export: 'res://assets/tiles_bundle/ocean_v_final/base_depth/6_35_27.png'. Instead, import the image file as an Image resource and load it normally as a resource.
   at: load (core/io/image.cpp:2770)
   GDScript backtrace (most recent call first):
       [0] _decode_in_thread (res://scripts/StreamedBakedTileProvider.gd:93)
WARNING: Loaded resource as image file, this will not work on export: 'res://assets/tiles_bundle/ocean_v_final/base_depth/6_38_27.png'. Instead, import the image file as an Image resource and load it normally as a resource.
   at: load (core/io/image.cpp:2770)
   GDScript backtrace (most recent call first):
       [0] _decode_in_thread (res://scripts/StreamedBakedTileProvider.gd:93)
WARNING: Loaded resource as image file, this will not work on export: 'res://assets/tiles_bundle/ocean_v_final/base_depth/6_23_28.png'. Instead, import the image file as an Image resource and load it normally as a resource.
   at: load (core/io/image.cpp:2770)
   GDScript backtrace (most recent call first):
       [0] _decode_in_thread (res://scripts/StreamedBakedTileProvider.gd:93)
WARNING: Loaded resource as image file, this will not work on export: 'res://assets/tiles_bundle/ocean_v_final/base_depth/6_24_28.png'. Instead, import the image file as an Image resource and load it normally as a resource.
   at: load (core/io/image.cpp:2770)
   GDScript backtrace (most recent call first):
       [0] _decode_in_thread (res://scripts/StreamedBakedTileProvider.gd:93)
WARNING: Loaded resource as image file, this will not work on export: 'res://assets/tiles_bundle/ocean_v_final/base_depth/6_25_28.png'. Instead, import the image file as an Image resource and load it normally as a resource.
   at: load (core/io/image.cpp:2770)
   GDScript backtrace (most recent call first):
       [0] _decode_in_thread (res://scripts/StreamedBakedTileProvider.gd:93)
WARNING: Loaded resource as image file, this will not work on export: 'res://assets/tiles_bundle/ocean_v_final/base_depth/6_26_28.png'. Instead, import the image file as an Image resource and load it normally as a resource.
   at: load (core/io/image.cpp:2770)
   GDScript backtrace (most recent call first):
       [0] _decode_in_thread (res://scripts/StreamedBakedTileProvider.gd:93)
WARNING: Loaded resource as image file, this will not work on export: 'res://assets/tiles_bundle/ocean_v_final/base_depth/6_27_28.png'. Instead, import the image file as an Image resource and load it normally as a resource.
   at: load (core/io/image.cpp:2770)
   GDScript backtrace (most recent call first):
       [0] _decode_in_thread (res://scripts/StreamedBakedTileProvider.gd:93)
WARNING: Loaded resource as image file, this will not work on export: 'res://assets/tiles_bundle/ocean_v_final/base_depth/6_28_28.png'. Instead, import the image file as an Image resource and load it normally as a resource.
   at: load (core/io/image.cpp:2770)
   GDScript backtrace (most recent call first):
       [0] _decode_in_thread (res://scripts/StreamedBakedTileProvider.gd:93)
WARNING: Loaded resource as image file, this will not work on export: 'res://assets/tiles_bundle/ocean_v_final/base_depth/6_29_28.png'. Instead, import the image file as an Image resource and load it normally as a resource.
   at: load (core/io/image.cpp:2770)
   GDScript backtrace (most recent call first):
       [0] _decode_in_thread (res://scripts/StreamedBakedTileProvider.gd:93)
WARNING: Loaded resource as image file, this will not work on export: 'res://assets/tiles_bundle/ocean_v_final/base_depth/6_38_28.png'. Instead, import the image file as an Image resource and load it normally as a resource.
   at: load (core/io/image.cpp:2770)
   GDScript backtrace (most recent call first):
       [0] _decode_in_thread (res://scripts/StreamedBakedTileProvider.gd:93)
WARNING: Loaded resource as image file, this will not work on export: 'res://assets/tiles_bundle/ocean_v_final/shallow/6_30_20.png'. Instead, import the image file as an Image resource and load it normally as a resource.
   at: load (core/io/image.cpp:2770)
   GDScript backtrace (most recent call first):
       [0] _decode_in_thread (res://scripts/StreamedBakedTileProvider.gd:93)
WARNING: Loaded resource as image file, this will not work on export: 'res://assets/tiles_bundle/ocean_v_final/shallow/6_31_20.png'. Instead, import the image file as an Image resource and load it normally as a resource.
   at: load (core/io/image.cpp:2770)
WARNING: Loaded resource as image file, this will not work on export: 'res://assets/tiles_bundle/ocean_v_final/shallow/6_32_20.png'. Instead, import the image file as an Image resource and load it normally as a resource.
   GDScript backtrace (most recent call first):
       [0] _decode_in_thread (res://scripts/StreamedBakedTileProvider.gd:93)
   at: load (core/io/image.cpp:2770)
   GDScript backtrace (most recent call first):
       [0] _decode_in_thread (res://scripts/StreamedBakedTileProvider.gd:93)
WARNING: Loaded resource as image file, this will not work on export: 'res://assets/tiles_bundle/ocean_v_final/shallow/6_33_20.png'. Instead, import the image file as an Image resource and load it normally as a resource.
   at: load (core/io/image.cpp:2770)
   GDScript backtrace (most recent call first):
       [0] _decode_in_thread (res://scripts/StreamedBakedTileProvider.gd:93)
WARNING: Loaded resource as image file, this will not work on export: 'res://assets/tiles_bundle/ocean_v_final/shallow/6_34_20.png'. Instead, import the image file as an Image resource and load it normally as a resource.
   at: load (core/io/image.cpp:2770)
   GDScript backtrace (most recent call first):
       [0] _decode_in_thread (res://scripts/StreamedBakedTileProvider.gd:93)
WARNING: Loaded resource as image file, this will not work on export: 'res://assets/tiles_bundle/ocean_v_final/shallow/6_35_20.png'. Instead, import the image file as an Image resource and load it normally as a resource.
   at: load (core/io/image.cpp:2770)
   GDScript backtrace (most recent call first):
       [0] _decode_in_thread (res://scripts/StreamedBakedTileProvider.gd:93)
WARNING: Loaded resource as image file, this will not work on export: 'res://assets/tiles_bundle/ocean_v_final/shallow/6_30_21.png'. Instead, import the image file as an Image resource and load it normally as a resource.
   at: load (core/io/image.cpp:2770)
   GDScript backtrace (most recent call first):
       [0] _decode_in_thread (res://scripts/StreamedBakedTileProvider.gd:93)
WARNING: Loaded resource as image file, this will not work on export: 'res://assets/tiles_bundle/ocean_v_final/shallow/6_32_21.png'. Instead, import the image file as an Image resource and load it normally as a resource.
   at: load (core/io/image.cpp:2770)
   GDScript backtrace (most recent call first):
       [0] _decode_in_thread (res://scripts/StreamedBakedTileProvider.gd:93)
WARNING: Loaded resource as image file, this will not work on export: 'res://assets/tiles_bundle/ocean_v_final/shallow/6_31_21.png'. Instead, import the image file as an Image resource and load it normally as a resource.
   at: load (core/io/image.cpp:2770)
   GDScript backtrace (most recent call first):
       [0] _decode_in_thread (res://scripts/StreamedBakedTileProvider.gd:93)
WARNING: Loaded resource as image file, this will not work on export: 'res://assets/tiles_bundle/ocean_v_final/shallow/6_31_22.png'. Instead, import the image file as an Image resource and load it normally as a resource.
   at: load (core/io/image.cpp:2770)
   GDScript backtrace (most recent call first):
       [0] _decode_in_thread (res://scripts/StreamedBakedTileProvider.gd:93)
WARNING: Loaded resource as image file, this will not work on export: 'res://assets/tiles_bundle/ocean_v_final/shallow/6_33_22.png'. Instead, import the image file as an Image resource and load it normally as a resource.
   at: load (core/io/image.cpp:2770)
   GDScript backtrace (most recent call first):
       [0] _decode_in_thread (res://scripts/StreamedBakedTileProvider.gd:93)
WARNING: Loaded resource as image file, this will not work on export: 'res://assets/tiles_bundle/ocean_v_final/shallow/6_34_22.png'. Instead, import the image file as an Image resource and load it normally as a resource.
   at: load (core/io/image.cpp:2770)
   GDScript backtrace (most recent call first):
       [0] _decode_in_thread (res://scripts/StreamedBakedTileProvider.gd:93)
WARNING: Loaded resource as image file, this will not work on export: 'res://assets/tiles_bundle/ocean_v_final/shallow/6_30_23.png'. Instead, import the image file as an Image resource and load it normally as a resource.
   at: load (core/io/image.cpp:2770)
   GDScript backtrace (most recent call first):
       [0] _decode_in_thread (res://scripts/StreamedBakedTileProvider.gd:93)
WARNING: Loaded resource as image file, this will not work on export: 'res://assets/tiles_bundle/ocean_v_final/shallow/6_31_23.png'. Instead, import the image file as an Image resource and load it normally as a resource.
   at: load (core/io/image.cpp:2770)
WARNING: Loaded resource as image file, this will not work on export: 'res://assets/tiles_bundle/ocean_v_final/shallow/6_32_23.png'. Instead, import the image file as an Image resource and load it normally as a resource.
   GDScript backtrace (most recent call first):
       [0] _decode_in_thread (res://scripts/StreamedBakedTileProvider.gd:93)
   at: load (core/io/image.cpp:2770)
   GDScript backtrace (most recent call first):
       [0] _decode_in_thread (res://scripts/StreamedBakedTileProvider.gd:93)
WARNING: Loaded resource as image file, this will not work on export: 'res://assets/tiles_bundle/ocean_v_final/shallow/6_33_23.png'. Instead, import the image file as an Image resource and load it normally as a resource.
   at: load (core/io/image.cpp:2770)
   GDScript backtrace (most recent call first):
       [0] _decode_in_thread (res://scripts/StreamedBakedTileProvider.gd:93)
WARNING: Loaded resource as image file, this will not work on export: 'res://assets/tiles_bundle/ocean_v_final/shallow/6_35_23.png'. Instead, import the image file as an Image resource and load it normally as a resource.
WARNING: Loaded resource as image file, this will not work on export: 'res://assets/tiles_bundle/ocean_v_final/shallow/6_34_23.png'. Instead, import the image file as an Image resource and load it normally as a resource.
   at: load (core/io/image.cpp:2770)
   at: load (core/io/image.cpp:2770)
   GDScript backtrace (most recent call first):
       [0] _decode_in_thread (res://scripts/StreamedBakedTileProvider.gd:93)
   GDScript backtrace (most recent call first):
       [0] _decode_in_thread (res://scripts/StreamedBakedTileProvider.gd:93)
WARNING: Loaded resource as image file, this will not work on export: 'res://assets/tiles_bundle/ocean_v_final/shallow/6_36_23.png'. Instead, import the image file as an Image resource and load it normally as a resource.
   at: load (core/io/image.cpp:2770)
   GDScript backtrace (most recent call first):
       [0] _decode_in_thread (res://scripts/StreamedBakedTileProvider.gd:93)
WARNING: Loaded resource as image file, this will not work on export: 'res://assets/tiles_bundle/ocean_v_final/shallow/6_26_24.png'. Instead, import the image file as an Image resource and load it normally as a resource.
   at: load (core/io/image.cpp:2770)
   GDScript backtrace (most recent call first):
       [0] _decode_in_thread (res://scripts/StreamedBakedTileProvider.gd:93)
WARNING: Loaded resource as image file, this will not work on export: 'res://assets/tiles_bundle/ocean_v_final/shallow/6_27_24.png'. Instead, import the image file as an Image resource and load it normally as a resource.
   at: load (core/io/image.cpp:2770)
   GDScript backtrace (most recent call first):
       [0] _decode_in_thread (res://scripts/StreamedBakedTileProvider.gd:93)
WARNING: Loaded resource as image file, this will not work on export: 'res://assets/tiles_bundle/ocean_v_final/shallow/6_30_24.png'. Instead, import the image file as an Image resource and load it normally as a resource.
   at: load (core/io/image.cpp:2770)
   GDScript backtrace (most recent call first):
       [0] _decode_in_thread (res://scripts/StreamedBakedTileProvider.gd:93)
WARNING: Loaded resource as image file, this will not work on export: 'res://assets/tiles_bundle/ocean_v_final/shallow/6_31_24.png'. Instead, import the image file as an Image resource and load it normally as a resource.
   at: load (core/io/image.cpp:2770)
   GDScript backtrace (most recent call first):
       [0] _decode_in_thread (res://scripts/StreamedBakedTileProvider.gd:93)
WARNING: Loaded resource as image file, this will not work on export: 'res://assets/tiles_bundle/ocean_v_final/shallow/6_32_24.png'. Instead, import the image file as an Image resource and load it normally as a resource.
   at: load (core/io/image.cpp:2770)
   GDScript backtrace (most recent call first):
       [0] _decode_in_thread (res://scripts/StreamedBakedTileProvider.gd:93)
WARNING: Loaded resource as image file, this will not work on export: 'res://assets/tiles_bundle/ocean_v_final/shallow/6_33_24.png'. Instead, import the image file as an Image resource and load it normally as a resource.
   at: load (core/io/image.cpp:2770)
   GDScript backtrace (most recent call first):
       [0] _decode_in_thread (res://scripts/StreamedBakedTileProvider.gd:93)
WARNING: Loaded resource as image file, this will not work on export: 'res://assets/tiles_bundle/ocean_v_final/shallow/6_34_24.png'. Instead, import the image file as an Image resource and load it normally as a resource.
   at: load (core/io/image.cpp:2770)
   GDScript backtrace (most recent call first):
       [0] _decode_in_thread (res://scripts/StreamedBakedTileProvider.gd:93)
WARNING: Loaded resource as image file, this will not work on export: 'res://assets/tiles_bundle/ocean_v_final/shallow/6_35_24.png'. Instead, import the image file as an Image resource and load it normally as a resource.
   at: load (core/io/image.cpp:2770)
   GDScript backtrace (most recent call first):
       [0] _decode_in_thread (res://scripts/StreamedBakedTileProvider.gd:93)
WARNING: Loaded resource as image file, this will not work on export: 'res://assets/tiles_bundle/ocean_v_final/shallow/6_36_24.png'. Instead, import the image file as an Image resource and load it normally as a resource.
   at: load (core/io/image.cpp:2770)
   GDScript backtrace (most recent call first):
       [0] _decode_in_thread (res://scripts/StreamedBakedTileProvider.gd:93)
WARNING: Loaded resource as image file, this will not work on export: 'res://assets/tiles_bundle/ocean_v_final/shallow/6_28_25.png'. Instead, import the image file as an Image resource and load it normally as a resource.
   at: load (core/io/image.cpp:2770)
   GDScript backtrace (most recent call first):
       [0] _decode_in_thread (res://scripts/StreamedBakedTileProvider.gd:93)
WARNING: Loaded resource as image file, this will not work on export: 'res://assets/tiles_bundle/ocean_v_final/shallow/6_29_25.png'. Instead, import the image file as an Image resource and load it normally as a resource.
   at: load (core/io/image.cpp:2770)
   GDScript backtrace (most recent call first):
       [0] _decode_in_thread (res://scripts/StreamedBakedTileProvider.gd:93)
WARNING: Loaded resource as image file, this will not work on export: 'res://assets/tiles_bundle/ocean_v_final/shallow/6_30_25.png'. Instead, import the image file as an Image resource and load it normally as a resource.
   at: load (core/io/image.cpp:2770)
   GDScript backtrace (most recent call first):
       [0] _decode_in_thread (res://scripts/StreamedBakedTileProvider.gd:93)
WARNING: Loaded resource as image file, this will not work on export: 'res://assets/tiles_bundle/ocean_v_final/shallow/6_31_25.png'. Instead, import the image file as an Image resource and load it normally as a resource.
   at: load (core/io/image.cpp:2770)
   GDScript backtrace (most recent call first):
       [0] _decode_in_thread (res://scripts/StreamedBakedTileProvider.gd:93)
WARNING: Loaded resource as image file, this will not work on export: 'res://assets/tiles_bundle/ocean_v_final/shallow/6_32_25.png'. Instead, import the image file as an Image resource and load it normally as a resource.
   at: load (core/io/image.cpp:2770)
   GDScript backtrace (most recent call first):
       [0] _decode_in_thread (res://scripts/StreamedBakedTileProvider.gd:93)
WARNING: Loaded resource as image file, this will not work on export: 'res://assets/tiles_bundle/ocean_v_final/shallow/6_33_25.png'. Instead, import the image file as an Image resource and load it normally as a resource.
   at: load (core/io/image.cpp:2770)
   GDScript backtrace (most recent call first):
       [0] _decode_in_thread (res://scripts/StreamedBakedTileProvider.gd:93)
WARNING: Loaded resource as image file, this will not work on export: 'res://assets/tiles_bundle/ocean_v_final/shallow/6_34_25.png'. Instead, import the image file as an Image resource and load it normally as a resource.
   at: load (core/io/image.cpp:2770)
   GDScript backtrace (most recent call first):
       [0] _decode_in_thread (res://scripts/StreamedBakedTileProvider.gd:93)
WARNING: Loaded resource as image file, this will not work on export: 'res://assets/tiles_bundle/ocean_v_final/shallow/6_35_25.png'. Instead, import the image file as an Image resource and load it normally as a resource.
   at: load (core/io/image.cpp:2770)
   GDScript backtrace (most recent call first):
       [0] _decode_in_thread (res://scripts/StreamedBakedTileProvider.gd:93)
WARNING: Loaded resource as image file, this will not work on export: 'res://assets/tiles_bundle/ocean_v_final/shallow/6_36_25.png'. Instead, import the image file as an Image resource and load it normally as a resource.
   at: load (core/io/image.cpp:2770)
   GDScript backtrace (most recent call first):
       [0] _decode_in_thread (res://scripts/StreamedBakedTileProvider.gd:93)
WARNING: Loaded resource as image file, this will not work on export: 'res://assets/tiles_bundle/ocean_v_final/shallow/6_28_26.png'. Instead, import the image file as an Image resource and load it normally as a resource.
   at: load (core/io/image.cpp:2770)
   GDScript backtrace (most recent call first):
       [0] _decode_in_thread (res://scripts/StreamedBakedTileProvider.gd:93)
WARNING: Loaded resource as image file, this will not work on export: 'res://assets/tiles_bundle/ocean_v_final/shallow/6_29_26.png'. Instead, import the image file as an Image resource and load it normally as a resource.
   at: load (core/io/image.cpp:2770)
   GDScript backtrace (most recent call first):
       [0] _decode_in_thread (res://scripts/StreamedBakedTileProvider.gd:93)
WARNING: Loaded resource as image file, this will not work on export: 'res://assets/tiles_bundle/ocean_v_final/shallow/6_30_26.png'. Instead, import the image file as an Image resource and load it normally as a resource.
   at: load (core/io/image.cpp:2770)
   GDScript backtrace (most recent call first):
       [0] _decode_in_thread (res://scripts/StreamedBakedTileProvider.gd:93)
WARNING: Loaded resource as image file, this will not work on export: 'res://assets/tiles_bundle/ocean_v_final/shallow/6_34_26.png'. Instead, import the image file as an Image resource and load it normally as a resource.
   at: load (core/io/image.cpp:2770)
   GDScript backtrace (most recent call first):
       [0] _decode_in_thread (res://scripts/StreamedBakedTileProvider.gd:93)
WARNING: Loaded resource as image file, this will not work on export: 'res://assets/tiles_bundle/ocean_v_final/shallow/6_35_26.png'. Instead, import the image file as an Image resource and load it normally as a resource.
   at: load (core/io/image.cpp:2770)
   GDScript backtrace (most recent call first):
       [0] _decode_in_thread (res://scripts/StreamedBakedTileProvider.gd:93)
WARNING: Loaded resource as image file, this will not work on export: 'res://assets/tiles_bundle/ocean_v_final/shallow/6_36_26.png'. Instead, import the image file as an Image resource and load it normally as a resource.
   at: load (core/io/image.cpp:2770)
   GDScript backtrace (most recent call first):
       [0] _decode_in_thread (res://scripts/StreamedBakedTileProvider.gd:93)
WARNING: Loaded resource as image file, this will not work on export: 'res://assets/tiles_bundle/ocean_v_final/shallow/6_28_27.png'. Instead, import the image file as an Image resource and load it normally as a resource.
   at: load (core/io/image.cpp:2770)
   GDScript backtrace (most recent call first):
       [0] _decode_in_thread (res://scripts/StreamedBakedTileProvider.gd:93)
WARNING: Loaded resource as image file, this will not work on export: 'res://assets/tiles_bundle/ocean_v_final/shallow/6_29_27.png'. Instead, import the image file as an Image resource and load it normally as a resource.
   at: load (core/io/image.cpp:2770)
   GDScript backtrace (most recent call first):
       [0] _decode_in_thread (res://scripts/StreamedBakedTileProvider.gd:93)
WARNING: Loaded resource as image file, this will not work on export: 'res://assets/tiles_bundle/ocean_v_final/shallow/6_34_27.png'. Instead, import the image file as an Image resource and load it normally as a resource.
   at: load (core/io/image.cpp:2770)
   GDScript backtrace (most recent call first):
       [0] _decode_in_thread (res://scripts/StreamedBakedTileProvider.gd:93)
WARNING: Loaded resource as image file, this will not work on export: 'res://assets/tiles_bundle/ocean_v_final/shallow/6_35_27.png'. Instead, import the image file as an Image resource and load it normally as a resource.
   at: load (core/io/image.cpp:2770)
   GDScript backtrace (most recent call first):
       [0] _decode_in_thread (res://scripts/StreamedBakedTileProvider.gd:93)
WARNING: Loaded resource as image file, this will not work on export: 'res://assets/tiles_bundle/ocean_v_final/base_depth/6_26_20.png'. Instead, import the image file as an Image resource and load it normally as a resource.
   at: load (core/io/image.cpp:2770)
   GDScript backtrace (most recent call first):
       [0] _decode_in_thread (res://scripts/StreamedBakedTileProvider.gd:93)
WARNING: Loaded resource as image file, this will not work on export: 'res://assets/tiles_bundle/ocean_v_final/base_depth/6_27_20.png'. Instead, import the image file as an Image resource and load it normally as a resource.
   at: load (core/io/image.cpp:2770)
   GDScript backtrace (most recent call first):
       [0] _decode_in_thread (res://scripts/StreamedBakedTileProvider.gd:93)
WARNING: Loaded resource as image file, this will not work on export: 'res://assets/tiles_bundle/ocean_v_final/base_depth/6_28_20.png'. Instead, import the image file as an Image resource and load it normally as a resource.
   at: load (core/io/image.cpp:2770)
   GDScript backtrace (most recent call first):
       [0] _decode_in_thread (res://scripts/StreamedBakedTileProvider.gd:93)
WARNING: Loaded resource as image file, this will not work on export: 'res://assets/tiles_bundle/ocean_v_final/base_depth/6_29_20.png'. Instead, import the image file as an Image resource and load it normally as a resource.
   at: load (core/io/image.cpp:2770)
   GDScript backtrace (most recent call first):
       [0] _decode_in_thread (res://scripts/StreamedBakedTileProvider.gd:93)
WARNING: Loaded resource as image file, this will not work on export: 'res://assets/tiles_bundle/ocean_v_final/base_depth/6_30_20.png'. Instead, import the image file as an Image resource and load it normally as a resource.
   at: load (core/io/image.cpp:2770)
   GDScript backtrace (most recent call first):
       [0] _decode_in_thread (res://scripts/StreamedBakedTileProvider.gd:93)
WARNING: Loaded resource as image file, this will not work on export: 'res://assets/tiles_bundle/ocean_v_final/base_depth/6_31_20.png'. Instead, import the image file as an Image resource and load it normally as a resource.
   at: load (core/io/image.cpp:2770)
   GDScript backtrace (most recent call first):
       [0] _decode_in_thread (res://scripts/StreamedBakedTileProvider.gd:93)
WARNING: Loaded resource as image file, this will not work on export: 'res://assets/tiles_bundle/ocean_v_final/base_depth/6_32_20.png'. Instead, import the image file as an Image resource and load it normally as a resource.
   at: load (core/io/image.cpp:2770)
   GDScript backtrace (most recent call first):
       [0] _decode_in_thread (res://scripts/StreamedBakedTileProvider.gd:93)
WARNING: Loaded resource as image file, this will not work on export: 'res://assets/tiles_bundle/ocean_v_final/base_depth/6_33_20.png'. Instead, import the image file as an Image resource and load it normally as a resource.
   at: load (core/io/image.cpp:2770)
   GDScript backtrace (most recent call first):
       [0] _decode_in_thread (res://scripts/StreamedBakedTileProvider.gd:93)
WARNING: Loaded resource as image file, this will not work on export: 'res://assets/tiles_bundle/ocean_v_final/base_depth/6_34_20.png'. Instead, import the image file as an Image resource and load it normally as a resource.
   at: load (core/io/image.cpp:2770)
   GDScript backtrace (most recent call first):
       [0] _decode_in_thread (res://scripts/StreamedBakedTileProvider.gd:93)
WARNING: Loaded resource as image file, this will not work on export: 'res://assets/tiles_bundle/ocean_v_final/base_depth/6_35_20.png'. Instead, import the image file as an Image resource and load it normally as a resource.
   at: load (core/io/image.cpp:2770)
   GDScript backtrace (most recent call first):
       [0] _decode_in_thread (res://scripts/StreamedBakedTileProvider.gd:93)
WARNING: Loaded resource as image file, this will not work on export: 'res://assets/tiles_bundle/ocean_v_final/base_depth/6_25_20.png'. Instead, import the image file as an Image resource and load it normally as a resource.
   at: load (core/io/image.cpp:2770)
   GDScript backtrace (most recent call first):
       [0] _decode_in_thread (res://scripts/StreamedBakedTileProvider.gd:93)
WARNING: Loaded resource as image file, this will not work on export: 'res://assets/tiles_bundle/ocean_v_final/base_depth/6_25_21.png'. Instead, import the image file as an Image resource and load it normally as a resource.
   at: load (core/io/image.cpp:2770)
   GDScript backtrace (most recent call first):
       [0] _decode_in_thread (res://scripts/StreamedBakedTileProvider.gd:93)
WARNING: Loaded resource as image file, this will not work on export: 'res://assets/tiles_bundle/ocean_v_final/base_depth/7_55_44.png'. Instead, import the image file as an Image resource and load it normally as a resource.
   at: load (core/io/image.cpp:2770)
   GDScript backtrace (most recent call first):
       [0] _decode_in_thread (res://scripts/StreamedBakedTileProvider.gd:93)
WARNING: Loaded resource as image file, this will not work on export: 'res://assets/tiles_bundle/ocean_v_final/base_depth/7_56_44.png'. Instead, import the image file as an Image resource and load it normally as a resource.
   at: load (core/io/image.cpp:2770)
   GDScript backtrace (most recent call first):
       [0] _decode_in_thread (res://scripts/StreamedBakedTileProvider.gd:93)
WARNING: Loaded resource as image file, this will not work on export: 'res://assets/tiles_bundle/ocean_v_final/base_depth/7_57_44.png'. Instead, import the image file as an Image resource and load it normally as a resource.
   at: load (core/io/image.cpp:2770)
   GDScript backtrace (most recent call first):
       [0] _decode_in_thread (res://scripts/StreamedBakedTileProvider.gd:93)
WARNING: Loaded resource as image file, this will not work on export: 'res://assets/tiles_bundle/ocean_v_final/base_depth/7_58_44.png'. Instead, import the image file as an Image resource and load it normally as a resource.
   at: load (core/io/image.cpp:2770)
   GDScript backtrace (most recent call first):
       [0] _decode_in_thread (res://scripts/StreamedBakedTileProvider.gd:93)
WARNING: Loaded resource as image file, this will not work on export: 'res://assets/tiles_bundle/ocean_v_final/base_depth/7_59_44.png'. Instead, import the image file as an Image resource and load it normally as a resource.
   at: load (core/io/image.cpp:2770)
   GDScript backtrace (most recent call first):
       [0] _decode_in_thread (res://scripts/StreamedBakedTileProvider.gd:93)
WARNING: Loaded resource as image file, this will not work on export: 'res://assets/tiles_bundle/ocean_v_final/base_depth/7_60_44.png'. Instead, import the image file as an Image resource and load it normally as a resource.
   at: load (core/io/image.cpp:2770)
   GDScript backtrace (most recent call first):
       [0] _decode_in_thread (res://scripts/StreamedBakedTileProvider.gd:93)
WARNING: Loaded resource as image file, this will not work on export: 'res://assets/tiles_bundle/ocean_v_final/base_depth/7_61_44.png'. Instead, import the image file as an Image resource and load it normally as a resource.
   at: load (core/io/image.cpp:2770)
   GDScript backtrace (most recent call first):
       [0] _decode_in_thread (res://scripts/StreamedBakedTileProvider.gd:93)
WARNING: Loaded resource as image file, this will not work on export: 'res://assets/tiles_bundle/ocean_v_final/base_depth/7_62_44.png'. Instead, import the image file as an Image resource and load it normally as a resource.
   at: load (core/io/image.cpp:2770)
   GDScript backtrace (most recent call first):
       [0] _decode_in_thread (res://scripts/StreamedBakedTileProvider.gd:93)
WARNING: Loaded resource as image file, this will not work on export: 'res://assets/tiles_bundle/ocean_v_final/base_depth/7_63_44.png'. Instead, import the image file as an Image resource and load it normally as a resource.
   at: load (core/io/image.cpp:2770)
   GDScript backtrace (most recent call first):
       [0] _decode_in_thread (res://scripts/StreamedBakedTileProvider.gd:93)
WARNING: Loaded resource as image file, this will not work on export: 'res://assets/tiles_bundle/ocean_v_final/base_depth/7_67_44.png'. Instead, import the image file as an Image resource and load it normally as a resource.
   at: load (core/io/image.cpp:2770)
   GDScript backtrace (most recent call first):
       [0] _decode_in_thread (res://scripts/StreamedBakedTileProvider.gd:93)
WARNING: Loaded resource as image file, this will not work on export: 'res://assets/tiles_bundle/ocean_v_final/base_depth/7_55_45.png'. Instead, import the image file as an Image resource and load it normally as a resource.
   at: load (core/io/image.cpp:2770)
   GDScript backtrace (most recent call first):
       [0] _decode_in_thread (res://scripts/StreamedBakedTileProvider.gd:93)
WARNING: Loaded resource as image file, this will not work on export: 'res://assets/tiles_bundle/ocean_v_final/base_depth/7_56_45.png'. Instead, import the image file as an Image resource and load it normally as a resource.
   at: load (core/io/image.cpp:2770)
   GDScript backtrace (most recent call first):
       [0] _decode_in_thread (res://scripts/StreamedBakedTileProvider.gd:93)
WARNING: Loaded resource as image file, this will not work on export: 'res://assets/tiles_bundle/ocean_v_final/base_depth/7_57_45.png'. Instead, import the image file as an Image resource and load it normally as a resource.
   at: load (core/io/image.cpp:2770)
   GDScript backtrace (most recent call first):
       [0] _decode_in_thread (res://scripts/StreamedBakedTileProvider.gd:93)
WARNING: Loaded resource as image file, this will not work on export: 'res://assets/tiles_bundle/ocean_v_final/base_depth/7_58_45.png'. Instead, import the image file as an Image resource and load it normally as a resource.
   at: load (core/io/image.cpp:2770)
   GDScript backtrace (most recent call first):
       [0] _decode_in_thread (res://scripts/StreamedBakedTileProvider.gd:93)
WARNING: Loaded resource as image file, this will not work on export: 'res://assets/tiles_bundle/ocean_v_final/base_depth/7_59_45.png'. Instead, import the image file as an Image resource and load it normally as a resource.
   at: load (core/io/image.cpp:2770)
   GDScript backtrace (most recent call first):
       [0] _decode_in_thread (res://scripts/StreamedBakedTileProvider.gd:93)
WARNING: Loaded resource as image file, this will not work on export: 'res://assets/tiles_bundle/ocean_v_final/base_depth/7_60_45.png'. Instead, import the image file as an Image resource and load it normally as a resource.
   at: load (core/io/image.cpp:2770)
   GDScript backtrace (most recent call first):
       [0] _decode_in_thread (res://scripts/StreamedBakedTileProvider.gd:93)
WARNING: Loaded resource as image file, this will not work on export: 'res://assets/tiles_bundle/ocean_v_final/base_depth/7_61_45.png'. Instead, import the image file as an Image resource and load it normally as a resource.
   at: load (core/io/image.cpp:2770)
   GDScript backtrace (most recent call first):
       [0] _decode_in_thread (res://scripts/StreamedBakedTileProvider.gd:93)
WARNING: Loaded resource as image file, this will not work on export: 'res://assets/tiles_bundle/ocean_v_final/base_depth/7_62_45.png'. Instead, import the image file as an Image resource and load it normally as a resource.
   at: load (core/io/image.cpp:2770)
   GDScript backtrace (most recent call first):
       [0] _decode_in_thread (res://scripts/StreamedBakedTileProvider.gd:93)
WARNING: Loaded resource as image file, this will not work on export: 'res://assets/tiles_bundle/ocean_v_final/base_depth/7_63_45.png'. Instead, import the image file as an Image resource and load it normally as a resource.
   at: load (core/io/image.cpp:2770)
   GDScript backtrace (most recent call first):
       [0] _decode_in_thread (res://scripts/StreamedBakedTileProvider.gd:93)
WARNING: Loaded resource as image file, this will not work on export: 'res://assets/tiles_bundle/ocean_v_final/base_depth/7_55_46.png'. Instead, import the image file as an Image resource and load it normally as a resource.
   at: load (core/io/image.cpp:2770)
   GDScript backtrace (most recent call first):
       [0] _decode_in_thread (res://scripts/StreamedBakedTileProvider.gd:93)
WARNING: Loaded resource as image file, this will not work on export: 'res://assets/tiles_bundle/ocean_v_final/base_depth/7_56_46.png'. Instead, import the image file as an Image resource and load it normally as a resource.
   at: load (core/io/image.cpp:2770)
   GDScript backtrace (most recent call first):
       [0] _decode_in_thread (res://scripts/StreamedBakedTileProvider.gd:93)
WARNING: Loaded resource as image file, this will not work on export: 'res://assets/tiles_bundle/ocean_v_final/base_depth/7_57_46.png'. Instead, import the image file as an Image resource and load it normally as a resource.
   at: load (core/io/image.cpp:2770)
   GDScript backtrace (most recent call first):
       [0] _decode_in_thread (res://scripts/StreamedBakedTileProvider.gd:93)
WARNING: Loaded resource as image file, this will not work on export: 'res://assets/tiles_bundle/ocean_v_final/base_depth/7_58_46.png'. Instead, import the image file as an Image resource and load it normally as a resource.
   at: load (core/io/image.cpp:2770)
   GDScript backtrace (most recent call first):
       [0] _decode_in_thread (res://scripts/StreamedBakedTileProvider.gd:93)
WARNING: Loaded resource as image file, this will not work on export: 'res://assets/tiles_bundle/ocean_v_final/base_depth/7_59_46.png'. Instead, import the image file as an Image resource and load it normally as a resource.
   at: load (core/io/image.cpp:2770)
   GDScript backtrace (most recent call first):
       [0] _decode_in_thread (res://scripts/StreamedBakedTileProvider.gd:93)
WARNING: Loaded resource as image file, this will not work on export: 'res://assets/tiles_bundle/ocean_v_final/base_depth/7_60_46.png'. Instead, import the image file as an Image resource and load it normally as a resource.
   at: load (core/io/image.cpp:2770)
   GDScript backtrace (most recent call first):
       [0] _decode_in_thread (res://scripts/StreamedBakedTileProvider.gd:93)
WARNING: Loaded resource as image file, this will not work on export: 'res://assets/tiles_bundle/ocean_v_final/base_depth/7_61_46.png'. Instead, import the image file as an Image resource and load it normally as a resource.
   at: load (core/io/image.cpp:2770)
   GDScript backtrace (most recent call first):
       [0] _decode_in_thread (res://scripts/StreamedBakedTileProvider.gd:93)
WARNING: Loaded resource as image file, this will not work on export: 'res://assets/tiles_bundle/ocean_v_final/base_depth/7_62_46.png'. Instead, import the image file as an Image resource and load it normally as a resource.
   at: load (core/io/image.cpp:2770)
   GDScript backtrace (most recent call first):
       [0] _decode_in_thread (res://scripts/StreamedBakedTileProvider.gd:93)
WARNING: Loaded resource as image file, this will not work on export: 'res://assets/tiles_bundle/ocean_v_final/base_depth/7_63_46.png'. Instead, import the image file as an Image resource and load it normally as a resource.
   at: load (core/io/image.cpp:2770)
   GDScript backtrace (most recent call first):
       [0] _decode_in_thread (res://scripts/StreamedBakedTileProvider.gd:93)
WARNING: Loaded resource as image file, this will not work on export: 'res://assets/tiles_bundle/ocean_v_final/base_depth/7_66_46.png'. Instead, import the image file as an Image resource and load it normally as a resource.
   at: load (core/io/image.cpp:2770)
   GDScript backtrace (most recent call first):
       [0] _decode_in_thread (res://scripts/StreamedBakedTileProvider.gd:93)
WARNING: Loaded resource as image file, this will not work on export: 'res://assets/tiles_bundle/ocean_v_final/base_depth/7_65_46.png'. Instead, import the image file as an Image resource and load it normally as a resource.
   at: load (core/io/image.cpp:2770)
   GDScript backtrace (most recent call first):
       [0] _decode_in_thread (res://scripts/StreamedBakedTileProvider.gd:93)
WARNING: Loaded resource as image file, this will not work on export: 'res://assets/tiles_bundle/ocean_v_final/base_depth/7_67_46.png'. Instead, import the image file as an Image resource and load it normally as a resource.
   at: load (core/io/image.cpp:2770)
   GDScript backtrace (most recent call first):
       [0] _decode_in_thread (res://scripts/StreamedBakedTileProvider.gd:93)
WARNING: Loaded resource as image file, this will not work on export: 'res://assets/tiles_bundle/ocean_v_final/base_depth/7_55_47.png'. Instead, import the image file as an Image resource and load it normally as a resource.
   at: load (core/io/image.cpp:2770)
   GDScript backtrace (most recent call first):
       [0] _decode_in_thread (res://scripts/StreamedBakedTileProvider.gd:93)
WARNING: Loaded resource as image file, this will not work on export: 'res://assets/tiles_bundle/ocean_v_final/base_depth/7_57_47.png'. Instead, import the image file as an Image resource and load it normally as a resource.
   at: load (core/io/image.cpp:2770)
   GDScript backtrace (most recent call first):
       [0] _decode_in_thread (res://scripts/StreamedBakedTileProvider.gd:93)
WARNING: Loaded resource as image file, this will not work on export: 'res://assets/tiles_bundle/ocean_v_final/base_depth/7_56_47.png'. Instead, import the image file as an Image resource and load it normally as a resource.
   at: load (core/io/image.cpp:2770)
   GDScript backtrace (most recent call first):
       [0] _decode_in_thread (res://scripts/StreamedBakedTileProvider.gd:93)
WARNING: Loaded resource as image file, this will not work on export: 'res://assets/tiles_bundle/ocean_v_final/base_depth/7_58_47.png'. Instead, import the image file as an Image resource and load it normally as a resource.
   at: load (core/io/image.cpp:2770)
   GDScript backtrace (most recent call first):
       [0] _decode_in_thread (res://scripts/StreamedBakedTileProvider.gd:93)
WARNING: Loaded resource as image file, this will not work on export: 'res://assets/tiles_bundle/ocean_v_final/base_depth/7_59_47.png'. Instead, import the image file as an Image resource and load it normally as a resource.
   at: load (core/io/image.cpp:2770)
   GDScript backtrace (most recent call first):
       [0] _decode_in_thread (res://scripts/StreamedBakedTileProvider.gd:93)
WARNING: Loaded resource as image file, this will not work on export: 'res://assets/tiles_bundle/ocean_v_final/base_depth/7_60_47.png'. Instead, import the image file as an Image resource and load it normally as a resource.
   at: load (core/io/image.cpp:2770)
   GDScript backtrace (most recent call first):
       [0] _decode_in_thread (res://scripts/StreamedBakedTileProvider.gd:93)
WARNING: Loaded resource as image file, this will not work on export: 'res://assets/tiles_bundle/ocean_v_final/base_depth/7_64_47.png'. Instead, import the image file as an Image resource and load it normally as a resource.
   at: load (core/io/image.cpp:2770)
   GDScript backtrace (most recent call first):
       [0] _decode_in_thread (res://scripts/StreamedBakedTileProvider.gd:93)
WARNING: Loaded resource as image file, this will not work on export: 'res://assets/tiles_bundle/ocean_v_final/base_depth/7_65_47.png'. Instead, import the image file as an Image resource and load it normally as a resource.
   at: load (core/io/image.cpp:2770)
   GDScript backtrace (most recent call first):
       [0] _decode_in_thread (res://scripts/StreamedBakedTileProvider.gd:93)
WARNING: Loaded resource as image file, this will not work on export: 'res://assets/tiles_bundle/ocean_v_final/base_depth/7_66_47.png'. Instead, import the image file as an Image resource and load it normally as a resource.
   at: load (core/io/image.cpp:2770)
   GDScript backtrace (most recent call first):
       [0] _decode_in_thread (res://scripts/StreamedBakedTileProvider.gd:93)
WARNING: Loaded resource as image file, this will not work on export: 'res://assets/tiles_bundle/ocean_v_final/base_depth/7_67_47.png'. Instead, import the image file as an Image resource and load it normally as a resource.
   at: load (core/io/image.cpp:2770)
   GDScript backtrace (most recent call first):
       [0] _decode_in_thread (res://scripts/StreamedBakedTileProvider.gd:93)
WARNING: Loaded resource as image file, this will not work on export: 'res://assets/tiles_bundle/ocean_v_final/base_depth/7_55_48.png'. Instead, import the image file as an Image resource and load it normally as a resource.
   at: load (core/io/image.cpp:2770)
   GDScript backtrace (most recent call first):
       [0] _decode_in_thread (res://scripts/StreamedBakedTileProvider.gd:93)
WARNING: Loaded resource as image file, this will not work on export: 'res://assets/tiles_bundle/ocean_v_final/base_depth/7_56_48.png'. Instead, import the image file as an Image resource and load it normally as a resource.
   at: load (core/io/image.cpp:2770)
   GDScript backtrace (most recent call first):
       [0] _decode_in_thread (res://scripts/StreamedBakedTileProvider.gd:93)
WARNING: Loaded resource as image file, this will not work on export: 'res://assets/tiles_bundle/ocean_v_final/base_depth/7_57_48.png'. Instead, import the image file as an Image resource and load it normally as a resource.
   at: load (core/io/image.cpp:2770)
   GDScript backtrace (most recent call first):
       [0] _decode_in_thread (res://scripts/StreamedBakedTileProvider.gd:93)
WARNING: Loaded resource as image file, this will not work on export: 'res://assets/tiles_bundle/ocean_v_final/base_depth/7_58_48.png'. Instead, import the image file as an Image resource and load it normally as a resource.
   at: load (core/io/image.cpp:2770)
   GDScript backtrace (most recent call first):
       [0] _decode_in_thread (res://scripts/StreamedBakedTileProvider.gd:93)
WARNING: Loaded resource as image file, this will not work on export: 'res://assets/tiles_bundle/ocean_v_final/base_depth/7_59_48.png'. Instead, import the image file as an Image resource and load it normally as a resource.
   at: load (core/io/image.cpp:2770)
   GDScript backtrace (most recent call first):
       [0] _decode_in_thread (res://scripts/StreamedBakedTileProvider.gd:93)
WARNING: Loaded resource as image file, this will not work on export: 'res://assets/tiles_bundle/ocean_v_final/base_depth/7_60_48.png'. Instead, import the image file as an Image resource and load it normally as a resource.
   at: load (core/io/image.cpp:2770)
   GDScript backtrace (most recent call first):
       [0] _decode_in_thread (res://scripts/StreamedBakedTileProvider.gd:93)
WARNING: Loaded resource as image file, this will not work on export: 'res://assets/tiles_bundle/ocean_v_final/base_depth/7_63_48.png'. Instead, import the image file as an Image resource and load it normally as a resource.
   at: load (core/io/image.cpp:2770)
   GDScript backtrace (most recent call first):
       [0] _decode_in_thread (res://scripts/StreamedBakedTileProvider.gd:93)
WARNING: Loaded resource as image file, this will not work on export: 'res://assets/tiles_bundle/ocean_v_final/base_depth/7_64_48.png'. Instead, import the image file as an Image resource and load it normally as a resource.
   at: load (core/io/image.cpp:2770)
   GDScript backtrace (most recent call first):
       [0] _decode_in_thread (res://scripts/StreamedBakedTileProvider.gd:93)
WARNING: Loaded resource as image file, this will not work on export: 'res://assets/tiles_bundle/ocean_v_final/base_depth/7_65_48.png'. Instead, import the image file as an Image resource and load it normally as a resource.
   at: load (core/io/image.cpp:2770)
   GDScript backtrace (most recent call first):
       [0] _decode_in_thread (res://scripts/StreamedBakedTileProvider.gd:93)
WARNING: Loaded resource as image file, this will not work on export: 'res://assets/tiles_bundle/ocean_v_final/base_depth/7_66_48.png'. Instead, import the image file as an Image resource and load it normally as a resource.
   at: load (core/io/image.cpp:2770)
   GDScript backtrace (most recent call first):
       [0] _decode_in_thread (res://scripts/StreamedBakedTileProvider.gd:93)
WARNING: Loaded resource as image file, this will not work on export: 'res://assets/tiles_bundle/ocean_v_final/base_depth/7_67_48.png'. Instead, import the image file as an Image resource and load it normally as a resource.
   at: load (core/io/image.cpp:2770)
   GDScript backtrace (most recent call first):
       [0] _decode_in_thread (res://scripts/StreamedBakedTileProvider.gd:93)
WARNING: Loaded resource as image file, this will not work on export: 'res://assets/tiles_bundle/ocean_v_final/base_depth/7_56_49.png'. Instead, import the image file as an Image resource and load it normally as a resource.
   at: load (core/io/image.cpp:2770)
   GDScript backtrace (most recent call first):
       [0] _decode_in_thread (res://scripts/StreamedBakedTileProvider.gd:93)
WARNING: Loaded resource as image file, this will not work on export: 'res://assets/tiles_bundle/ocean_v_final/base_depth/7_55_49.png'. Instead, import the image file as an Image resource and load it normally as a resource.
   at: load (core/io/image.cpp:2770)
   GDScript backtrace (most recent call first):
       [0] _decode_in_thread (res://scripts/StreamedBakedTileProvider.gd:93)
WARNING: Loaded resource as image file, this will not work on export: 'res://assets/tiles_bundle/ocean_v_final/base_depth/7_57_49.png'. Instead, import the image file as an Image resource and load it normally as a resource.
   at: load (core/io/image.cpp:2770)
   GDScript backtrace (most recent call first):
       [0] _decode_in_thread (res://scripts/StreamedBakedTileProvider.gd:93)
WARNING: Loaded resource as image file, this will not work on export: 'res://assets/tiles_bundle/ocean_v_final/base_depth/7_58_49.png'. Instead, import the image file as an Image resource and load it normally as a resource.
   at: load (core/io/image.cpp:2770)
   GDScript backtrace (most recent call first):
       [0] _decode_in_thread (res://scripts/StreamedBakedTileProvider.gd:93)
WARNING: Loaded resource as image file, this will not work on export: 'res://assets/tiles_bundle/ocean_v_final/base_depth/7_59_49.png'. Instead, import the image file as an Image resource and load it normally as a resource.
   at: load (core/io/image.cpp:2770)
   GDScript backtrace (most recent call first):
       [0] _decode_in_thread (res://scripts/StreamedBakedTileProvider.gd:93)
WARNING: Loaded resource as image file, this will not work on export: 'res://assets/tiles_bundle/ocean_v_final/base_depth/7_60_49.png'. Instead, import the image file as an Image resource and load it normally as a resource.
   at: load (core/io/image.cpp:2770)
   GDScript backtrace (most recent call first):
       [0] _decode_in_thread (res://scripts/StreamedBakedTileProvider.gd:93)
WARNING: Loaded resource as image file, this will not work on export: 'res://assets/tiles_bundle/ocean_v_final/base_depth/7_61_49.png'. Instead, import the image file as an Image resource and load it normally as a resource.
   at: load (core/io/image.cpp:2770)
   GDScript backtrace (most recent call first):
       [0] _decode_in_thread (res://scripts/StreamedBakedTileProvider.gd:93)
WARNING: Loaded resource as image file, this will not work on export: 'res://assets/tiles_bundle/ocean_v_final/base_depth/7_62_49.png'. Instead, import the image file as an Image resource and load it normally as a resource.
   at: load (core/io/image.cpp:2770)
   GDScript backtrace (most recent call first):
       [0] _decode_in_thread (res://scripts/StreamedBakedTileProvider.gd:93)
WARNING: Loaded resource as image file, this will not work on export: 'res://assets/tiles_bundle/ocean_v_final/base_depth/7_63_49.png'. Instead, import the image file as an Image resource and load it normally as a resource.
   at: load (core/io/image.cpp:2770)
   GDScript backtrace (most recent call first):
       [0] _decode_in_thread (res://scripts/StreamedBakedTileProvider.gd:93)
WARNING: Loaded resource as image file, this will not work on export: 'res://assets/tiles_bundle/ocean_v_final/base_depth/7_64_49.png'. Instead, import the image file as an Image resource and load it normally as a resource.
   at: load (core/io/image.cpp:2770)
   GDScript backtrace (most recent call first):
       [0] _decode_in_thread (res://scripts/StreamedBakedTileProvider.gd:93)
WARNING: Loaded resource as image file, this will not work on export: 'res://assets/tiles_bundle/ocean_v_final/base_depth/7_65_49.png'. Instead, import the image file as an Image resource and load it normally as a resource.
   at: load (core/io/image.cpp:2770)
   GDScript backtrace (most recent call first):
       [0] _decode_in_thread (res://scripts/StreamedBakedTileProvider.gd:93)
WARNING: Loaded resource as image file, this will not work on export: 'res://assets/tiles_bundle/ocean_v_final/base_depth/7_66_49.png'. Instead, import the image file as an Image resource and load it normally as a resource.
   at: load (core/io/image.cpp:2770)
   GDScript backtrace (most recent call first):
       [0] _decode_in_thread (res://scripts/StreamedBakedTileProvider.gd:93)
WARNING: Loaded resource as image file, this will not work on export: 'res://assets/tiles_bundle/ocean_v_final/base_depth/7_67_49.png'. Instead, import the image file as an Image resource and load it normally as a resource.
   at: load (core/io/image.cpp:2770)
   GDScript backtrace (most recent call first):
       [0] _decode_in_thread (res://scripts/StreamedBakedTileProvider.gd:93)
WARNING: Loaded resource as image file, this will not work on export: 'res://assets/tiles_bundle/ocean_v_final/base_depth/7_55_50.png'. Instead, import the image file as an Image resource and load it normally as a resource.
   at: load (core/io/image.cpp:2770)
   GDScript backtrace (most recent call first):
       [0] _decode_in_thread (res://scripts/StreamedBakedTileProvider.gd:93)
WARNING: Loaded resource as image file, this will not work on export: 'res://assets/tiles_bundle/ocean_v_final/base_depth/7_56_50.png'. Instead, import the image file as an Image resource and load it normally as a resource.
   at: load (core/io/image.cpp:2770)
   GDScript backtrace (most recent call first):
       [0] _decode_in_thread (res://scripts/StreamedBakedTileProvider.gd:93)
WARNING: Loaded resource as image file, this will not work on export: 'res://assets/tiles_bundle/ocean_v_final/base_depth/7_57_50.png'. Instead, import the image file as an Image resource and load it normally as a resource.
   at: load (core/io/image.cpp:2770)
   GDScript backtrace (most recent call first):
       [0] _decode_in_thread (res://scripts/StreamedBakedTileProvider.gd:93)
WARNING: Loaded resource as image file, this will not work on export: 'res://assets/tiles_bundle/ocean_v_final/base_depth/7_58_50.png'. Instead, import the image file as an Image resource and load it normally as a resource.
   at: load (core/io/image.cpp:2770)
   GDScript backtrace (most recent call first):
       [0] _decode_in_thread (res://scripts/StreamedBakedTileProvider.gd:93)
WARNING: Loaded resource as image file, this will not work on export: 'res://assets/tiles_bundle/ocean_v_final/base_depth/7_59_50.png'. Instead, import the image file as an Image resource and load it normally as a resource.
   at: load (core/io/image.cpp:2770)
   GDScript backtrace (most recent call first):
       [0] _decode_in_thread (res://scripts/StreamedBakedTileProvider.gd:93)
WARNING: Loaded resource as image file, this will not work on export: 'res://assets/tiles_bundle/ocean_v_final/base_depth/7_60_50.png'. Instead, import the image file as an Image resource and load it normally as a resource.
   at: load (core/io/image.cpp:2770)
   GDScript backtrace (most recent call first):
       [0] _decode_in_thread (res://scripts/StreamedBakedTileProvider.gd:93)
WARNING: Loaded resource as image file, this will not work on export: 'res://assets/tiles_bundle/ocean_v_final/base_depth/7_61_50.png'. Instead, import the image file as an Image resource and load it normally as a resource.
   at: load (core/io/image.cpp:2770)
   GDScript backtrace (most recent call first):
       [0] _decode_in_thread (res://scripts/StreamedBakedTileProvider.gd:93)
WARNING: Loaded resource as image file, this will not work on export: 'res://assets/tiles_bundle/ocean_v_final/base_depth/7_62_50.png'. Instead, import the image file as an Image resource and load it normally as a resource.
   at: load (core/io/image.cpp:2770)
   GDScript backtrace (most recent call first):
       [0] _decode_in_thread (res://scripts/StreamedBakedTileProvider.gd:93)
WARNING: Loaded resource as image file, this will not work on export: 'res://assets/tiles_bundle/ocean_v_final/base_depth/7_63_50.png'. Instead, import the image file as an Image resource and load it normally as a resource.
   at: load (core/io/image.cpp:2770)
   GDScript backtrace (most recent call first):
       [0] _decode_in_thread (res://scripts/StreamedBakedTileProvider.gd:93)
WARNING: Loaded resource as image file, this will not work on export: 'res://assets/tiles_bundle/ocean_v_final/base_depth/7_64_50.png'. Instead, import the image file as an Image resource and load it normally as a resource.
   at: load (core/io/image.cpp:2770)
   GDScript backtrace (most recent call first):
       [0] _decode_in_thread (res://scripts/StreamedBakedTileProvider.gd:93)
WARNING: Loaded resource as image file, this will not work on export: 'res://assets/tiles_bundle/ocean_v_final/base_depth/7_67_50.png'. Instead, import the image file as an Image resource and load it normally as a resource.
   at: load (core/io/image.cpp:2770)
   GDScript backtrace (most recent call first):
       [0] _decode_in_thread (res://scripts/StreamedBakedTileProvider.gd:93)
WARNING: Loaded resource as image file, this will not work on export: 'res://assets/tiles_bundle/ocean_v_final/base_depth/7_55_51.png'. Instead, import the image file as an Image resource and load it normally as a resource.
   at: load (core/io/image.cpp:2770)
   GDScript backtrace (most recent call first):
       [0] _decode_in_thread (res://scripts/StreamedBakedTileProvider.gd:93)
WARNING: Loaded resource as image file, this will not work on export: 'res://assets/tiles_bundle/ocean_v_final/base_depth/7_56_51.png'. Instead, import the image file as an Image resource and load it normally as a resource.
   at: load (core/io/image.cpp:2770)
   GDScript backtrace (most recent call first):
       [0] _decode_in_thread (res://scripts/StreamedBakedTileProvider.gd:93)
WARNING: Loaded resource as image file, this will not work on export: 'res://assets/tiles_bundle/ocean_v_final/base_depth/7_57_51.png'. Instead, import the image file as an Image resource and load it normally as a resource.
   at: load (core/io/image.cpp:2770)
   GDScript backtrace (most recent call first):
       [0] _decode_in_thread (res://scripts/StreamedBakedTileProvider.gd:93)
WARNING: Loaded resource as image file, this will not work on export: 'res://assets/tiles_bundle/ocean_v_final/base_depth/7_58_51.png'. Instead, import the image file as an Image resource and load it normally as a resource.
   at: load (core/io/image.cpp:2770)
   GDScript backtrace (most recent call first):
       [0] _decode_in_thread (res://scripts/StreamedBakedTileProvider.gd:93)
WARNING: Loaded resource as image file, this will not work on export: 'res://assets/tiles_bundle/ocean_v_final/base_depth/7_59_51.png'. Instead, import the image file as an Image resource and load it normally as a resource.
   at: load (core/io/image.cpp:2770)
   GDScript backtrace (most recent call first):
       [0] _decode_in_thread (res://scripts/StreamedBakedTileProvider.gd:93)
WARNING: Loaded resource as image file, this will not work on export: 'res://assets/tiles_bundle/ocean_v_final/base_depth/7_60_51.png'. Instead, import the image file as an Image resource and load it normally as a resource.
   at: load (core/io/image.cpp:2770)
   GDScript backtrace (most recent call first):
       [0] _decode_in_thread (res://scripts/StreamedBakedTileProvider.gd:93)
WARNING: Loaded resource as image file, this will not work on export: 'res://assets/tiles_bundle/ocean_v_final/base_depth/7_61_51.png'. Instead, import the image file as an Image resource and load it normally as a resource.
   at: load (core/io/image.cpp:2770)
   GDScript backtrace (most recent call first):
       [0] _decode_in_thread (res://scripts/StreamedBakedTileProvider.gd:93)
WARNING: Loaded resource as image file, this will not work on export: 'res://assets/tiles_bundle/ocean_v_final/base_depth/7_67_51.png'. Instead, import the image file as an Image resource and load it normally as a resource.
   at: load (core/io/image.cpp:2770)
   GDScript backtrace (most recent call first):
       [0] _decode_in_thread (res://scripts/StreamedBakedTileProvider.gd:93)
WARNING: Loaded resource as image file, this will not work on export: 'res://assets/tiles_bundle/ocean_v_final/shallow/7_62_44.png'. Instead, import the image file as an Image resource and load it normally as a resource.
   at: load (core/io/image.cpp:2770)
   GDScript backtrace (most recent call first):
       [0] _decode_in_thread (res://scripts/StreamedBakedTileProvider.gd:93)
WARNING: Loaded resource as image file, this will not work on export: 'res://assets/tiles_bundle/ocean_v_final/shallow/7_63_44.png'. Instead, import the image file as an Image resource and load it normally as a resource.
   at: load (core/io/image.cpp:2770)
   GDScript backtrace (most recent call first):
       [0] _decode_in_thread (res://scripts/StreamedBakedTileProvider.gd:93)
WARNING: Loaded resource as image file, this will not work on export: 'res://assets/tiles_bundle/ocean_v_final/shallow/7_67_44.png'. Instead, import the image file as an Image resource and load it normally as a resource.
   at: load (core/io/image.cpp:2770)
   GDScript backtrace (most recent call first):
       [0] _decode_in_thread (res://scripts/StreamedBakedTileProvider.gd:93)
WARNING: Loaded resource as image file, this will not work on export: 'res://assets/tiles_bundle/ocean_v_final/shallow/7_63_45.png'. Instead, import the image file as an Image resource and load it normally as a resource.
   at: load (core/io/image.cpp:2770)
   GDScript backtrace (most recent call first):
       [0] _decode_in_thread (res://scripts/StreamedBakedTileProvider.gd:93)
WARNING: Loaded resource as image file, this will not work on export: 'res://assets/tiles_bundle/ocean_v_final/shallow/7_60_46.png'. Instead, import the image file as an Image resource and load it normally as a resource.
   at: load (core/io/image.cpp:2770)
   GDScript backtrace (most recent call first):
       [0] _decode_in_thread (res://scripts/StreamedBakedTileProvider.gd:93)
WARNING: Loaded resource as image file, this will not work on export: 'res://assets/tiles_bundle/ocean_v_final/shallow/7_61_46.png'. Instead, import the image file as an Image resource and load it normally as a resource.
   at: load (core/io/image.cpp:2770)
   GDScript backtrace (most recent call first):
       [0] _decode_in_thread (res://scripts/StreamedBakedTileProvider.gd:93)
WARNING: Loaded resource as image file, this will not work on export: 'res://assets/tiles_bundle/ocean_v_final/shallow/7_62_46.png'. Instead, import the image file as an Image resource and load it normally as a resource.
   at: load (core/io/image.cpp:2770)
   GDScript backtrace (most recent call first):
       [0] _decode_in_thread (res://scripts/StreamedBakedTileProvider.gd:93)
WARNING: Loaded resource as image file, this will not work on export: 'res://assets/tiles_bundle/ocean_v_final/shallow/7_63_46.png'. Instead, import the image file as an Image resource and load it normally as a resource.
   at: load (core/io/image.cpp:2770)
   GDScript backtrace (most recent call first):
       [0] _decode_in_thread (res://scripts/StreamedBakedTileProvider.gd:93)
WARNING: Loaded resource as image file, this will not work on export: 'res://assets/tiles_bundle/ocean_v_final/shallow/7_65_46.png'. Instead, import the image file as an Image resource and load it normally as a resource.
   at: load (core/io/image.cpp:2770)
   GDScript backtrace (most recent call first):
       [0] _decode_in_thread (res://scripts/StreamedBakedTileProvider.gd:93)
WARNING: Loaded resource as image file, this will not work on export: 'res://assets/tiles_bundle/ocean_v_final/shallow/7_66_46.png'. Instead, import the image file as an Image resource and load it normally as a resource.
   at: load (core/io/image.cpp:2770)
   GDScript backtrace (most recent call first):
       [0] _decode_in_thread (res://scripts/StreamedBakedTileProvider.gd:93)
WARNING: Loaded resource as image file, this will not work on export: 'res://assets/tiles_bundle/ocean_v_final/shallow/7_67_46.png'. Instead, import the image file as an Image resource and load it normally as a resource.
   at: load (core/io/image.cpp:2770)
   GDScript backtrace (most recent call first):
       [0] _decode_in_thread (res://scripts/StreamedBakedTileProvider.gd:93)
WARNING: Loaded resource as image file, this will not work on export: 'res://assets/tiles_bundle/ocean_v_final/shallow/7_60_47.png'. Instead, import the image file as an Image resource and load it normally as a resource.
   at: load (core/io/image.cpp:2770)
   GDScript backtrace (most recent call first):
       [0] _decode_in_thread (res://scripts/StreamedBakedTileProvider.gd:93)
WARNING: Loaded resource as image file, this will not work on export: 'res://assets/tiles_bundle/ocean_v_final/shallow/7_64_47.png'. Instead, import the image file as an Image resource and load it normally as a resource.
   at: load (core/io/image.cpp:2770)
   GDScript backtrace (most recent call first):
       [0] _decode_in_thread (res://scripts/StreamedBakedTileProvider.gd:93)
WARNING: Loaded resource as image file, this will not work on export: 'res://assets/tiles_bundle/ocean_v_final/shallow/7_65_47.png'. Instead, import the image file as an Image resource and load it normally as a resource.
   at: load (core/io/image.cpp:2770)
   GDScript backtrace (most recent call first):
       [0] _decode_in_thread (res://scripts/StreamedBakedTileProvider.gd:93)
WARNING: Loaded resource as image file, this will not work on export: 'res://assets/tiles_bundle/ocean_v_final/shallow/7_66_47.png'. Instead, import the image file as an Image resource and load it normally as a resource.
   at: load (core/io/image.cpp:2770)
   GDScript backtrace (most recent call first):
       [0] _decode_in_thread (res://scripts/StreamedBakedTileProvider.gd:93)
WARNING: Loaded resource as image file, this will not work on export: 'res://assets/tiles_bundle/ocean_v_final/shallow/7_67_47.png'. Instead, import the image file as an Image resource and load it normally as a resource.
   at: load (core/io/image.cpp:2770)
   GDScript backtrace (most recent call first):
       [0] _decode_in_thread (res://scripts/StreamedBakedTileProvider.gd:93)
WARNING: Loaded resource as image file, this will not work on export: 'res://assets/tiles_bundle/ocean_v_final/shallow/7_60_48.png'. Instead, import the image file as an Image resource and load it normally as a resource.
   at: load (core/io/image.cpp:2770)
   GDScript backtrace (most recent call first):
       [0] _decode_in_thread (res://scripts/StreamedBakedTileProvider.gd:93)
WARNING: Loaded resource as image file, this will not work on export: 'res://assets/tiles_bundle/ocean_v_final/shallow/7_63_48.png'. Instead, import the image file as an Image resource and load it normally as a resource.
   at: load (core/io/image.cpp:2770)
   GDScript backtrace (most recent call first):
       [0] _decode_in_thread (res://scripts/StreamedBakedTileProvider.gd:93)
WARNING: Loaded resource as image file, this will not work on export: 'res://assets/tiles_bundle/ocean_v_final/shallow/7_64_48.png'. Instead, import the image file as an Image resource and load it normally as a resource.
   at: load (core/io/image.cpp:2770)
   GDScript backtrace (most recent call first):
       [0] _decode_in_thread (res://scripts/StreamedBakedTileProvider.gd:93)
WARNING: Loaded resource as image file, this will not work on export: 'res://assets/tiles_bundle/ocean_v_final/shallow/7_65_48.png'. Instead, import the image file as an Image resource and load it normally as a resource.
   at: load (core/io/image.cpp:2770)
   GDScript backtrace (most recent call first):
       [0] _decode_in_thread (res://scripts/StreamedBakedTileProvider.gd:93)
WARNING: Loaded resource as image file, this will not work on export: 'res://assets/tiles_bundle/ocean_v_final/shallow/7_66_48.png'. Instead, import the image file as an Image resource and load it normally as a resource.
   at: load (core/io/image.cpp:2770)
   GDScript backtrace (most recent call first):
       [0] _decode_in_thread (res://scripts/StreamedBakedTileProvider.gd:93)
WARNING: Loaded resource as image file, this will not work on export: 'res://assets/tiles_bundle/ocean_v_final/shallow/7_67_48.png'. Instead, import the image file as an Image resource and load it normally as a resource.
   at: load (core/io/image.cpp:2770)
   GDScript backtrace (most recent call first):
       [0] _decode_in_thread (res://scripts/StreamedBakedTileProvider.gd:93)
WARNING: Loaded resource as image file, this will not work on export: 'res://assets/tiles_bundle/ocean_v_final/shallow/7_55_49.png'. Instead, import the image file as an Image resource and load it normally as a resource.
   at: load (core/io/image.cpp:2770)
   GDScript backtrace (most recent call first):
       [0] _decode_in_thread (res://scripts/StreamedBakedTileProvider.gd:93)
WARNING: Loaded resource as image file, this will not work on export: 'res://assets/tiles_bundle/ocean_v_final/shallow/7_60_49.png'. Instead, import the image file as an Image resource and load it normally as a resource.
   at: load (core/io/image.cpp:2770)
   GDScript backtrace (most recent call first):
       [0] _decode_in_thread (res://scripts/StreamedBakedTileProvider.gd:93)
WARNING: Loaded resource as image file, this will not work on export: 'res://assets/tiles_bundle/ocean_v_final/shallow/7_61_49.png'. Instead, import the image file as an Image resource and load it normally as a resource.
   at: load (core/io/image.cpp:2770)
   GDScript backtrace (most recent call first):
       [0] _decode_in_thread (res://scripts/StreamedBakedTileProvider.gd:93)
WARNING: Loaded resource as image file, this will not work on export: 'res://assets/tiles_bundle/ocean_v_final/shallow/7_62_49.png'. Instead, import the image file as an Image resource and load it normally as a resource.
   at: load (core/io/image.cpp:2770)
   GDScript backtrace (most recent call first):
       [0] _decode_in_thread (res://scripts/StreamedBakedTileProvider.gd:93)
WARNING: Loaded resource as image file, this will not work on export: 'res://assets/tiles_bundle/ocean_v_final/shallow/7_63_49.png'. Instead, import the image file as an Image resource and load it normally as a resource.
   at: load (core/io/image.cpp:2770)
   GDScript backtrace (most recent call first):
       [0] _decode_in_thread (res://scripts/StreamedBakedTileProvider.gd:93)
WARNING: Loaded resource as image file, this will not work on export: 'res://assets/tiles_bundle/ocean_v_final/shallow/7_64_49.png'. Instead, import the image file as an Image resource and load it normally as a resource.
   at: load (core/io/image.cpp:2770)
   GDScript backtrace (most recent call first):
       [0] _decode_in_thread (res://scripts/StreamedBakedTileProvider.gd:93)
WARNING: Loaded resource as image file, this will not work on export: 'res://assets/tiles_bundle/ocean_v_final/shallow/7_65_49.png'. Instead, import the image file as an Image resource and load it normally as a resource.
   at: load (core/io/image.cpp:2770)
   GDScript backtrace (most recent call first):
       [0] _decode_in_thread (res://scripts/StreamedBakedTileProvider.gd:93)
WARNING: Loaded resource as image file, this will not work on export: 'res://assets/tiles_bundle/ocean_v_final/shallow/7_66_49.png'. Instead, import the image file as an Image resource and load it normally as a resource.
   at: load (core/io/image.cpp:2770)
   GDScript backtrace (most recent call first):
       [0] _decode_in_thread (res://scripts/StreamedBakedTileProvider.gd:93)
WARNING: Loaded resource as image file, this will not work on export: 'res://assets/tiles_bundle/ocean_v_final/shallow/7_67_49.png'. Instead, import the image file as an Image resource and load it normally as a resource.
   at: load (core/io/image.cpp:2770)
   GDScript backtrace (most recent call first):
       [0] _decode_in_thread (res://scripts/StreamedBakedTileProvider.gd:93)
WARNING: Loaded resource as image file, this will not work on export: 'res://assets/tiles_bundle/ocean_v_final/shallow/7_61_50.png'. Instead, import the image file as an Image resource and load it normally as a resource.
   at: load (core/io/image.cpp:2770)
   GDScript backtrace (most recent call first):
       [0] _decode_in_thread (res://scripts/StreamedBakedTileProvider.gd:93)
WARNING: Loaded resource as image file, this will not work on export: 'res://assets/tiles_bundle/ocean_v_final/shallow/7_62_50.png'. Instead, import the image file as an Image resource and load it normally as a resource.
   at: load (core/io/image.cpp:2770)
   GDScript backtrace (most recent call first):
       [0] _decode_in_thread (res://scripts/StreamedBakedTileProvider.gd:93)
WARNING: Loaded resource as image file, this will not work on export: 'res://assets/tiles_bundle/ocean_v_final/shallow/7_63_50.png'. Instead, import the image file as an Image resource and load it normally as a resource.
   at: load (core/io/image.cpp:2770)
   GDScript backtrace (most recent call first):
       [0] _decode_in_thread (res://scripts/StreamedBakedTileProvider.gd:93)
WARNING: Loaded resource as image file, this will not work on export: 'res://assets/tiles_bundle/ocean_v_final/shallow/7_64_50.png'. Instead, import the image file as an Image resource and load it normally as a resource.
   at: load (core/io/image.cpp:2770)
   GDScript backtrace (most recent call first):
       [0] _decode_in_thread (res://scripts/StreamedBakedTileProvider.gd:93)
WARNING: Loaded resource as image file, this will not work on export: 'res://assets/tiles_bundle/ocean_v_final/shallow/7_67_50.png'. Instead, import the image file as an Image resource and load it normally as a resource.
   at: load (core/io/image.cpp:2770)
   GDScript backtrace (most recent call first):
       [0] _decode_in_thread (res://scripts/StreamedBakedTileProvider.gd:93)
WARNING: Loaded resource as image file, this will not work on export: 'res://assets/tiles_bundle/ocean_v_final/shallow/7_57_51.png'. Instead, import the image file as an Image resource and load it normally as a resource.
   at: load (core/io/image.cpp:2770)
   GDScript backtrace (most recent call first):
       [0] _decode_in_thread (res://scripts/StreamedBakedTileProvider.gd:93)
WARNING: Loaded resource as image file, this will not work on export: 'res://assets/tiles_bundle/ocean_v_final/shallow/7_58_51.png'. Instead, import the image file as an Image resource and load it normally as a resource.
   at: load (core/io/image.cpp:2770)
   GDScript backtrace (most recent call first):
       [0] _decode_in_thread (res://scripts/StreamedBakedTileProvider.gd:93)
WARNING: Loaded resource as image file, this will not work on export: 'res://assets/tiles_bundle/ocean_v_final/shallow/7_60_51.png'. Instead, import the image file as an Image resource and load it normally as a resource.
   at: load (core/io/image.cpp:2770)
   GDScript backtrace (most recent call first):
       [0] _decode_in_thread (res://scripts/StreamedBakedTileProvider.gd:93)
WARNING: Loaded resource as image file, this will not work on export: 'res://assets/tiles_bundle/ocean_v_final/shallow/7_61_51.png'. Instead, import the image file as an Image resource and load it normally as a resource.
   at: load (core/io/image.cpp:2770)
   GDScript backtrace (most recent call first):
       [0] _decode_in_thread (res://scripts/StreamedBakedTileProvider.gd:93)
WARNING: Loaded resource as image file, this will not work on export: 'res://assets/tiles_bundle/ocean_v_final/shallow/7_67_51.png'. Instead, import the image file as an Image resource and load it normally as a resource.
   at: load (core/io/image.cpp:2770)
   GDScript backtrace (most recent call first):
       [0] _decode_in_thread (res://scripts/StreamedBakedTileProvider.gd:93)
