province_id,legacy_id,numeric_id,name,region_id,macroregion_id,area_km2,profile_id,target_cell_area_km2,expected_cell_count_base,override_minimum_cell_count,override_forced_cell_count,override_reason,final_cell_count_base,status
province:2659,russia__sakha_yakutia,2659,Sakha (Yakutia),,,3032557.39,,,,,,,,UNASSIGNED_REGION
province:1806,australia__western_australia,1806,Western Australia,,,2526488.985,,,,,,,,UNASSIGNED_REGION
province:2766,russia__krasnoyarsk,2766,Krasnoyarsk,,,2403514.384,,,,,,,,UNASSIGNED_REGION
province:1241,brazil__amazonas,1241,Amazonas,,,1944326.621,,,,,,,,UNASSIGNED_REGION
province:1841,australia__queensland_4,1841,Queensland,,,1728148.848,,,,,,,,UNASSIGNED_REGION
province:21,china__xinjiang,21,Xinjiang,,,1630013.133,,,,,,,,UNASSIGNED_REGION
province:3848,libya__wadi_al_hayaa,3848,Wadi al Hayaa,,,1619044.782,,,,,,,,UNASSIGNED_REGION
province:1650,united_states_of_america__alaska_24,1650,Alaska,,,1427678.665,,,,,,,,UNASSIGNED_REGION
province:1154,canada__qu_bec_11,1154,Québec,,,1411133.101,,,,,,,,UNASSIGNED_REGION
province:1811,australia__northern_territory,1811,Northern Territory,,,1341141.351,,,,,,,,UNASSIGNED_REGION
province:257,brazil__par,257,Pará,,,1318586.366,,,,,,,,UNASSIGNED_REGION
province:107,china__inner_mongol,107,Inner Mongol,,,1144565.631,,,,,,,,UNASSIGNED_REGION
province:22,china__xizang,22,Xizang,,,1129808.184,,,,,,,,UNASSIGNED_REGION
province:2645,canada__northwest_territories,2645,Northwest Territories,,,1103492.926,,,,,,,,UNASSIGNED_REGION
province:1139,canada__ontario,1139,Ontario,,,1077150.937,,,,,,,,UNASSIGNED_REGION
province:1836,australia__south_australia,1836,South Australia,,,968323.136,,,,,,,,UNASSIGNED_REGION
province:1099,canada__british_columbia_22,1099,British Columbia,,,912270.561,,,,,,,,UNASSIGNED_REGION
province:1261,brazil__mato_grosso,1261,Mato Grosso,,,902664.984,,,,,,,,UNASSIGNED_REGION
province:2396,canada__nunavut_2,2396,Nunavut,,,874480.046,,,,,,,,UNASSIGNED_REGION
province:793,russia__khabarovsk,793,Khabarovsk,,,820531.828,,,,,,,,UNASSIGNED_REGION
province:1846,australia__new_south_wales,1846,New South Wales,,,801087.44,,,,,,,,UNASSIGNED_REGION
province:3784,russia__irkutsk,3784,Irkutsk,,,773401.187,,,,,,,,UNASSIGNED_REGION
province:3584,china__qinghai,3584,Qinghai,,,714316.709,,,,,,,,UNASSIGNED_REGION
province:1191,united_states_of_america__texas_7,1191,Texas,,,684826.225,,,,,,,,UNASSIGNED_REGION
province:2635,russia__yamal_nenets_2,2635,Yamal-Nenets,,,681488.342,,,,,,,,UNASSIGNED_REGION
province:3601,brazil__minas_gerais,3601,Minas Gerais,,,675822.703,,,,,,,,UNASSIGNED_REGION
province:1134,canada__alberta,1134,Alberta,,,667295.512,,,,,,,,UNASSIGNED_REGION
province:1137,canada__manitoba,1137,Manitoba,,,651408.842,,,,,,,,UNASSIGNED_REGION
province:1135,canada__saskatchewan,1135,Saskatchewan,,,649927.801,,,,,,,,UNASSIGNED_REGION
province:1455,niger__agadez,1455,Agadez,,,623351.508,,,,,,,,UNASSIGNED_REGION
province:1456,algeria__tamanghasset,1456,Tamanghasset,,,608311.509,,,,,,,,UNASSIGNED_REGION
province:2626,russia__chukchi_autonomous_okrug_5,2626,Chukchi Autonomous Okrug,,,596312.838,,,,,,,,UNASSIGNED_REGION
province:1793,brazil__bahia_2,1793,Bahia,,,581159.082,,,,,,,,UNASSIGNED_REGION
province:3580,china__sichuan,3580,Sichuan,,,567227.848,,,,,,,,UNASSIGNED_REGION
province:468,saudi_arabia__ash_sharqiyah,468,Ash Sharqiyah,,,553349.883,,,,,,,,UNASSIGNED_REGION
province:3776,russia__khanty_mansiy,3776,Khanty-Mansiy,,,533496.494,,,,,,,,UNASSIGNED_REGION
province:2898,greenland__kommuneqarfik_sermersooq_18,2898,Kommuneqarfik Sermersooq,,,524299.6,,,,,,,,UNASSIGNED_REGION
province:2419,canada__nunavut_25,2419,Nunavut,,,514262.762,,,,,,,,UNASSIGNED_REGION
province:559,mali__timbuktu,559,Timbuktu,,,505013.333,,,,,,,,UNASSIGNED_REGION
province:355,democratic_republic_of_the_congo__orientale,355,Orientale,,,500336.697,,,,,,,,UNASSIGNED_REGION
province:364,democratic_republic_of_the_congo__katanga,364,Katanga,,,486562.964,,,,,,,,UNASSIGNED_REGION
province:1487,egypt__al_wadi_at_jadid,1487,Al Wadi at Jadid,,,474813.171,,,,,,,,UNASSIGNED_REGION
province:560,algeria__adrar,560,Adrar,,,473393.116,,,,,,,,UNASSIGNED_REGION
province:1699,canada__yukon,1699,Yukon,,,470334.501,,,,,,,,UNASSIGNED_REGION
province:2557,russia__maga_buryatdan,2557,Maga Buryatdan,,,463937.188,,,,,,,,UNASSIGNED_REGION
province:3119,russia__kamchatka_3,3119,Kamchatka,,,460371.381,,,,,,,,UNASSIGNED_REGION
province:113,china__gansu,113,Gansu,,,457646.19,,,,,,,,UNASSIGNED_REGION
province:791,china__heilongjiang,791,Heilongjiang,,,452299.359,,,,,,,,UNASSIGNED_REGION
province:788,russia__chita,788,Chita,,,432385.848,,,,,,,,UNASSIGNED_REGION
province:3850,kazakhstan__qaraghandy,3850,Qaraghandy,,,429294.024,,,,,,,,UNASSIGNED_REGION
province:3803,russia__komi,3803,Komi,,,418015.025,,,,,,,,UNASSIGNED_REGION
province:1182,united_states_of_america__california_2,1182,California,,,409746.576,,,,,,,,UNASSIGNED_REGION
province:64,democratic_republic_of_the_congo__quateur,64,Équateur,,,404509.234,,,,,,,,UNASSIGNED_REGION
province:2906,greenland__nationalparken_4,2906,Nationalparken,,,390611.376,,,,,,,,UNASSIGNED_REGION
province:1133,united_states_of_america__montana,1133,Montana,,,387567.058,,,,,,,,UNASSIGNED_REGION
province:240,china__yunnan,240,Yunnan,,,385369.756,,,,,,,,UNASSIGNED_REGION
province:3391,saudi_arabia__ar_riyad,3391,Ar Riyad,,,376672.786,,,,,,,,UNASSIGNED_REGION
province:1245,peru__loreto,1245,Loreto,,,373636.54,,,,,,,,UNASSIGNED_REGION
province:84,south_africa__northern_cape,84,Northern Cape,,,372534.712,,,,,,,,UNASSIGNED_REGION
province:1460,sudan__northern,1460,Northern,,,364156.052,,,,,,,,UNASSIGNED_REGION
province:654,bolivia__santa_cruz,654,Santa Cruz,,,361903.902,,,,,,,,UNASSIGNED_REGION
province:792,russia__amur,792,Amur,,,360835.256,,,,,,,,UNASSIGNED_REGION
province:655,brazil__mato_grosso_do_sul,655,Mato Grosso do Sul,,,356031.015,,,,,,,,UNASSIGNED_REGION
province:782,russia__buryat,782,Buryat,,,352987.658,,,,,,,,UNASSIGNED_REGION
province:949,ethiopia__oromiya,949,Oromiya,,,352533.921,,,,,,,,UNASSIGNED_REGION
province:1405,pakistan__baluchistan,1405,Baluchistan,,,348158.618,,,,,,,,UNASSIGNED_REGION
province:3600,brazil__goi_s,3600,Goiás,,,346982.537,,,,,,,,UNASSIGNED_REGION
province:1623,india__rajasthan,1623,Rajasthan,,,342956.407,,,,,,,,UNASSIGNED_REGION
province:2920,greenland__qaasuitsup_kommunia_8,2920,Qaasuitsup Kommunia,,,328363.158,,,,,,,,UNASSIGNED_REGION
province:1782,brazil__maranh_o,1782,Maranhão,,,325034.191,,,,,,,,UNASSIGNED_REGION
province:1183,united_states_of_america__new_mexico,1183,New Mexico,,,316255.47,,,,,,,,UNASSIGNED_REGION
province:3779,russia__tomsk,3779,Tomsk,,,314728.148,,,,,,,,UNASSIGNED_REGION
province:30,ethiopia__somali,30,Somali,,,311512.221,,,,,,,,UNASSIGNED_REGION
province:3317,india__madhya_pradesh,3317,Madhya Pradesh,,,309399.907,,,,,,,,UNASSIGNED_REGION
province:2759,russia__arkhangel_sk,2759,Arkhangel'sk,,,307097.007,,,,,,,,UNASSIGNED_REGION
province:2558,india__maharashtra,2558,Maharashtra,,,306605.514,,,,,,,,UNASSIGNED_REGION
province:1781,argentina__buenos_aires,1781,Buenos Aires,,,305689.434,,,,,,,,UNASSIGNED_REGION
province:1388,kazakhstan__aqt_be,1388,Aqtöbe,,,301728.19,,,,,,,,UNASSIGNED_REGION
province:67,democratic_republic_of_the_congo__bandundu,67,Bandundu,,,295852.152,,,,,,,,UNASSIGNED_REGION
province:1172,united_states_of_america__arizona,1172,Arizona,,,295440.421,,,,,,,,UNASSIGNED_REGION
province:1373,indonesia__papua_4,1373,Papua,,,294761.636,,,,,,,,UNASSIGNED_REGION
province:1482,sudan__north_darfur,1482,North Darfur,,,291778.326,,,,,,,,UNASSIGNED_REGION
province:2468,canada__newfoundland_and_labrador,2468,Newfoundland and Labrador,,,288763.01,,,,,,,,UNASSIGNED_REGION
province:3320,united_states_of_america__nevada,3320,Nevada,,,286968.258,,,,,,,,UNASSIGNED_REGION
province:95,kazakhstan__east_kazakhstan,95,East Kazakhstan,,,279846.956,,,,,,,,UNASSIGNED_REGION
province:3602,brazil__tocantins,3602,Tocantins,,,278932.996,,,,,,,,UNASSIGNED_REGION
province:104,brazil__rio_grande_do_sul,104,Rio Grande do Sul,,,272400.221,,,,,,,,UNASSIGNED_REGION
province:3321,united_states_of_america__colorado,3321,Colorado,,,269169.571,,,,,,,,UNASSIGNED_REGION
province:1457,mauritania__tiris_zemmour,1457,Tiris Zemmour,,,258672.553,,,,,,,,UNASSIGNED_REGION
province:3319,united_states_of_america__wyoming,3319,Wyoming,,,253290.585,,,,,,,,UNASSIGNED_REGION
province:1786,brazil__piau,1786,Piauí,,,251992.468,,,,,,,,UNASSIGNED_REGION
province:1240,venezuela__bol_var,1240,Bolívar,,,251269.534,,,,,,,,UNASSIGNED_REGION
province:1140,united_states_of_america__michigan,1140,Michigan,,,249845.265,,,,,,,,UNASSIGNED_REGION
province:2393,united_states_of_america__oregon,2393,Oregon,,,249487.229,,,,,,,,UNASSIGNED_REGION
province:1453,chad__borkou,1453,Borkou,,,248777.86,,,,,,,,UNASSIGNED_REGION
province:1797,brazil__s_o_paulo_4,1797,São Paulo,,,248075.422,,,,,,,,UNASSIGNED_REGION
province:1184,mexico__chihuahua,1184,Chihuahua,,,247839.191,,,,,,,,UNASSIGNED_REGION
province:3376,sudan__north_kordufan,3376,North Kordufan,,,243442.959,,,,,,,,UNASSIGNED_REGION
province:1316,argentina__santa_cruz,1316,Santa Cruz,,,242412.972,,,,,,,,UNASSIGNED_REGION
province:1728,india__uttar_pradesh,1728,Uttar Pradesh,,,240234.553,,,,,,,,UNASSIGNED_REGION
province:1259,brazil__rond_nia,1259,Rondônia,,,237863.924,,,,,,,,UNASSIGNED_REGION
province:1047,china__guangxi,1047,Guangxi,,,237258.158,,,,,,,,UNASSIGNED_REGION
province:1848,australia__victoria_2,1848,Victoria,,,227624.831,,,,,,,,UNASSIGNED_REGION
province:1138,united_states_of_america__minnesota,1138,Minnesota,,,223869.599,,,,,,,,UNASSIGNED_REGION
province:1278,argentina__chubut,1278,Chubut,,,223692.074,,,,,,,,UNASSIGNED_REGION
province:1386,kazakhstan__qyzylorda,1386,Qyzylorda,,,223024.731,,,,,,,,UNASSIGNED_REGION
province:1469,mauritania__adrar,1469,Adrar,,,222339.507,,,,,,,,UNASSIGNED_REGION
province:96,kazakhstan__almaty,96,Almaty,,,222213.081,,,,,,,,UNASSIGNED_REGION
province:37,kenya__rift_valley,37,Rift Valley,,,219542.376,,,,,,,,UNASSIGNED_REGION
province:3318,united_states_of_america__utah,3318,Utah,,,219118.989,,,,,,,,UNASSIGNED_REGION
province:1621,pakistan__punjab,1621,Punjab,,,216661.882,,,,,,,,UNASSIGNED_REGION
province:2541,china__hebei,2541,Hebei,,,216488.402,,,,,,,,UNASSIGNED_REGION
province:1132,united_states_of_america__idaho,1132,Idaho,,,214834.703,,,,,,,,UNASSIGNED_REGION
province:3324,united_states_of_america__kansas,3324,Kansas,,,211964.127,,,,,,,,UNASSIGNED_REGION
province:3582,china__hunan,3582,Hunan,,,211252.997,,,,,,,,UNASSIGNED_REGION
province:1480,algeria__ouargla,1480,Ouargla,,,211160.37,,,,,,,,UNASSIGNED_REGION
province:1461,egypt__al_bahr_al_ahmar,1461,Al Bahr al Ahmar,,,211131.476,,,,,,,,UNASSIGNED_REGION
province:1260,bolivia__el_beni,1260,El Beni,,,210167.637,,,,,,,,UNASSIGNED_REGION
province:3583,china__shaanxi,3583,Shaanxi,,,205694.224,,,,,,,,UNASSIGNED_REGION
province:1283,argentina__r_o_negro,1283,Río Negro,,,204544.357,,,,,,,,UNASSIGNED_REGION
province:1414,kazakhstan__qostanay,1414,Qostanay,,,200790.211,,,,,,,,UNASSIGNED_REGION
province:3322,united_states_of_america__south_dakota,3322,South Dakota,,,200781.68,,,,,,,,UNASSIGNED_REGION
province:1612,sudan__red_sea,1612,Red Sea,,,200411.643,,,,,,,,UNASSIGNED_REGION
province:3323,united_states_of_america__nebraska,3323,Nebraska,,,199959.868,,,,,,,,UNASSIGNED_REGION
province:1522,angola__moxico,1522,Moxico,,,199181.488,,,,,,,,UNASSIGNED_REGION
province:661,brazil__paran_2,661,Paraná,,,198583.291,,,,,,,,UNASSIGNED_REGION
province:1521,angola__cuando_cubango,1521,Cuando Cubango,,,197811.126,,,,,,,,UNASSIGNED_REGION
province:1554,algeria__illizi,1554,Illizi,,,195930.706,,,,,,,,UNASSIGNED_REGION
province:2559,india__karnataka,2559,Karnataka,,,195211.582,,,,,,,,UNASSIGNED_REGION
province:2,indonesia__kalimantan_timur,2,Kalimantan Timur,,,194545.14,,,,,,,,UNASSIGNED_REGION
province:3775,russia__sverdlovsk,3775,Sverdlovsk,,,194531.363,,,,,,,,UNASSIGNED_REGION
province:1452,chad__ennedi,1452,Ennedi,,,191274.857,,,,,,,,UNASSIGNED_REGION
province:797,china__jilin,797,Jilin,,,190977.522,,,,,,,,UNASSIGNED_REGION
province:988,niger__zinder,988,Zinder,,,185594.023,,,,,,,,UNASSIGNED_REGION
province:1517,mauritania__hodh_ech_chargui,1517,Hodh ech Chargui,,,185578.176,,,,,,,,UNASSIGNED_REGION
province:3588,china__hubei,3588,Hubei,,,185538.576,,,,,,,,UNASSIGNED_REGION
province:1626,india__gujarat,1626,Gujarat,,,184951.26,,,,,,,,UNASSIGNED_REGION
province:3325,united_states_of_america__oklahoma,3325,Oklahoma,,,184521.916,,,,,,,,UNASSIGNED_REGION
province:3858,iran__kerman,3858,Kerman,,,183181.782,,,,,,,,UNASSIGNED_REGION
province:1136,united_states_of_america__north_dakota,1136,North Dakota,,,181929.615,,,,,,,,UNASSIGNED_REGION
province:3327,united_states_of_america__missouri,3327,Missouri,,,180094.348,,,,,,,,UNASSIGNED_REGION
province:1255,venezuela__amazonas,1255,Amazonas,,,179753.47,,,,,,,,UNASSIGNED_REGION
province:1175,mexico__sonora_3,1175,Sonora,,,178358.038,,,,,,,,UNASSIGNED_REGION
province:1416,russia__novosibirsk,1416,Novosibirsk,,,177881.329,,,,,,,,UNASSIGNED_REGION
province:3581,china__guizhou,3581,Guizhou,,,175059.354,,,,,,,,UNASSIGNED_REGION
province:1397,iran__sistan_and_baluchestan,1397,Sistan and Baluchestan,,,174544.98,,,,,,,,UNASSIGNED_REGION
province:1708,china__guangdong_6,1708,Guangdong,,,174005.532,,,,,,,,UNASSIGNED_REGION
province:1074,united_states_of_america__washington_4,1074,Washington,,,173962.032,,,,,,,,UNASSIGNED_REGION
province:419,russia__karelia,419,Karelia,,,173612.783,,,,,,,,UNASSIGNED_REGION
province:1014,mali__gao,1014,Gao,,,173219.589,,,,,,,,UNASSIGNED_REGION
province:1387,uzbekistan__karakalpakstan,1387,Karakalpakstan,,,172474.775,,,,,,,,UNASSIGNED_REGION
province:1418,russia__altay,1418,Altay,,,171537.573,,,,,,,,UNASSIGNED_REGION
province:784,russia__tuva,784,Tuva,,,169345.535,,,,,,,,UNASSIGNED_REGION
province:911,south_africa__eastern_cape,911,Eastern Cape,,,169303.912,,,,,,,,UNASSIGNED_REGION
province:3914,united_states_of_america__wisconsin,3914,Wisconsin,,,168985.903,,,,,,,,UNASSIGNED_REGION
province:3578,democratic_republic_of_the_congo__kasa_oriental,3578,Kasaï-Oriental,,,168869.683,,,,,,,,UNASSIGNED_REGION
province:2640,russia__nenets,2640,Nenets,,,168436.175,,,,,,,,UNASSIGNED_REGION
province:3623,argentina__c_rdoba,3623,Córdoba,,,168114.597,,,,,,,,UNASSIGNED_REGION
province:3586,china__jiangxi,3586,Jiangxi,,,167811.716,,,,,,,,UNASSIGNED_REGION
province:45,somaliland__somaliland,45,Somaliland,,,167384.78,,,,,,,,UNASSIGNED_REGION
province:115,mongolia__mn_govi,115,Ömnögovi,,,166314.836,,,,,,,,UNASSIGNED_REGION
province:3587,china__henan,3587,Henan,,,166074.942,,,,,,,,UNASSIGNED_REGION
province:856,myanmar__shan,856,Shan,,,165932.962,,,,,,,,UNASSIGNED_REGION
province:796,russia__primor_ye,796,Primor'ye,,,165127.035,,,,,,,,UNASSIGNED_REGION
province:1466,algeria__b_char,1466,Béchar,,,165084.782,,,,,,,,UNASSIGNED_REGION
province:1385,kazakhstan__mangghystau,1385,Mangghystau,,,164422.642,,,,,,,,UNASSIGNED_REGION
province:1441,yemen__hadramawt,1441,Hadramawt,,,164124.598,,,,,,,,UNASSIGNED_REGION
province:3804,russia__perm,3804,Perm',,,161247.785,,,,,,,,UNASSIGNED_REGION
province:2093,india__andhra_pradesh,2093,Andhra Pradesh,,,160596.284,,,,,,,,UNASSIGNED_REGION
province:83,namibia__karas,83,Karas,,,160170.193,,,,,,,,UNASSIGNED_REGION
province:1411,russia__tyumen,1411,Tyumen',,,159790.178,,,,,,,,UNASSIGNED_REGION
province:471,botswana__central,471,Central,,,159326.315,,,,,,,,UNASSIGNED_REGION
province:1486,egypt__matruh,1486,Matruh,,,158981.794,,,,,,,,UNASSIGNED_REGION
province:1464,kenya__eastern,1464,Eastern,,,157324.975,,,,,,,,UNASSIGNED_REGION
province:942,ethiopia__amhara,942,Amhara,,,156212.079,,,,,,,,UNASSIGNED_REGION
province:3585,china__shanxi,3585,Shanxi,,,156077.199,,,,,,,,UNASSIGNED_REGION
province:2540,china__shandong,2540,Shandong,,,155946.311,,,,,,,,UNASSIGNED_REGION
province:18,argentina__salta,18,Salta,,,155528.403,,,,,,,,UNASSIGNED_REGION
province:2495,india__odisha,2495,Odisha,,,155099.457,,,,,,,,UNASSIGNED_REGION
province:1420,kazakhstan__west_kazakhstan,1420,West Kazakhstan,,,153879.851,,,,,,,,UNASSIGNED_REGION
province:1538,democratic_republic_of_the_congo__kasa_occidental,1538,Kasaï-Occidental,,,153021.22,,,,,,,,UNASSIGNED_REGION
province:1458,algeria__tindouf,1458,Tindouf,,,152017.25,,,,,,,,UNASSIGNED_REGION
province:1997,indonesia__kalimantan_tengah,1997,Kalimantan Tengah,,,152013.272,,,,,,,,UNASSIGNED_REGION
province:2255,united_states_of_america__georgia_2,2255,Georgia,,,152010.828,,,,,,,,UNASSIGNED_REGION
province:1192,mexico__coahuila,1192,Coahuila,,,151030.147,,,,,,,,UNASSIGNED_REGION
province:1268,argentina__mendoza,1268,Mendoza,,,150748.188,,,,,,,,UNASSIGNED_REGION
province:3915,united_states_of_america__illinois,3915,Illinois,,,150601.982,,,,,,,,UNASSIGNED_REGION
province:1787,brazil__cear,1787,Ceará,,,150289.146,,,,,,,,UNASSIGNED_REGION
province:2206,saudi_arabia__makkah,2206,Makkah,,,148620.199,,,,,,,,UNASSIGNED_REGION
province:1463,sudan__river_nile,1463,River Nile,,,147634.408,,,,,,,,UNASSIGNED_REGION
province:3849,kazakhstan__aqmola,3849,Aqmola,,,147062.597,,,,,,,,UNASSIGNED_REGION
province:554,indonesia__kalimantan_barat_2,554,Kalimantan Barat,,,146861.328,,,,,,,,UNASSIGNED_REGION
province:1481,mali__kidal,1481,Kidal,,,146409.346,,,,,,,,UNASSIGNED_REGION
province:802,china__liaoning_2,802,Liaoning,,,146266.181,,,,,,,,UNASSIGNED_REGION
province:3326,united_states_of_america__iowa,3326,Iowa,,,146249.957,,,,,,,,UNASSIGNED_REGION
province:3796,russia__vologda,3796,Vologda,,,145877.595,,,,,,,,UNASSIGNED_REGION
province:2242,united_states_of_america__florida_4,2242,Florida,,,145860.449,,,,,,,,UNASSIGNED_REGION
province:985,niger__diffa,985,Diffa,,,144945.458,,,,,,,,UNASSIGNED_REGION
province:2205,saudi_arabia__al_madinah,2205,Al Madinah,,,144323.291,,,,,,,,UNASSIGNED_REGION
province:418,russia__murmansk,418,Murmansk,,,143579.055,,,,,,,,UNASSIGNED_REGION
province:1432,iraq__al_anbar,1432,Al-Anbar,,,143155.639,,,,,,,,UNASSIGNED_REGION
province:3774,russia__bashkortostan,3774,Bashkortostan,,,142998.425,,,,,,,,UNASSIGNED_REGION
province:112,mongolia__govi_altay,112,Govi-Altay,,,142804.676,,,,,,,,UNASSIGNED_REGION
province:3622,argentina__la_pampa,3622,La Pampa,,,142487.315,,,,,,,,UNASSIGNED_REGION
province:1413,russia__omsk,1413,Omsk,,,141456.321,,,,,,,,UNASSIGNED_REGION
province:250,kazakhstan__zhambyl,250,Zhambyl,,,140843.763,,,,,,,,UNASSIGNED_REGION
province:1625,pakistan__sind_2,1625,Sind,,,140523.796,,,,,,,,UNASSIGNED_REGION
province:3589,china__anhui,3589,Anhui,,,140158.342,,,,,,,,UNASSIGNED_REGION
province:1701,sudan__south_kordufan,1701,South Kordufan,,,138941.827,,,,,,,,UNASSIGNED_REGION
province:3917,united_states_of_america__arkansas,3917,Arkansas,,,137946.033,,,,,,,,UNASSIGNED_REGION
province:1394,iran__razavi_khorasan,1394,Razavi Khorasan,,,136825.0,,,,,,,,UNASSIGNED_REGION
province:2414,canada__nunavut_20,2414,Nunavut,,,136741.755,,,,,,,,UNASSIGNED_REGION
province:3620,argentina__santiago_del_estero,3620,Santiago del Estero,,,134879.743,,,,,,,,UNASSIGNED_REGION
province:3864,india__chhattisgarh,3864,Chhattisgarh,,,134383.436,,,,,,,,UNASSIGNED_REGION
province:2238,united_states_of_america__alabama,2238,Alabama,,,133834.806,,,,,,,,UNASSIGNED_REGION
province:12,bolivia__la_paz,12,La Paz,,,133399.897,,,,,,,,UNASSIGNED_REGION
province:469,botswana__north_west,469,North-West,,,133244.702,,,,,,,,UNASSIGNED_REGION
province:3619,argentina__santa_fe,3619,Santa Fe,,,132610.901,,,,,,,,UNASSIGNED_REGION
province:1143,united_states_of_america__new_york,1143,New York,,,132517.631,,,,,,,,UNASSIGNED_REGION
province:2561,india__tamil_nadu,2561,Tamil Nadu,,,131045.049,,,,,,,,UNASSIGNED_REGION
province:908,south_africa__free_state,908,Free State,,,129751.436,,,,,,,,UNASSIGNED_REGION
province:1069,mozambique__niassa,1069,Niassa,,,129454.344,,,,,,,,UNASSIGNED_REGION
province:1852,south_africa__western_cape,1852,Western Cape,,,129395.956,,,,,,,,UNASSIGNED_REGION
province:1520,zambia__western,1520,Western,,,128743.828,,,,,,,,UNASSIGNED_REGION
province:1443,oman__dhofar,1443,Dhofar,,,128519.748,,,,,,,,UNASSIGNED_REGION
province:48,suriname__sipaliwini,48,Sipaliwini,,,128110.936,,,,,,,,UNASSIGNED_REGION
province:3861,iran__yazd,3861,Yazd,,,127522.684,,,,,,,,UNASSIGNED_REGION
province:2264,united_states_of_america__north_carolina_7,2264,North Carolina,,,127360.4,,,,,,,,UNASSIGNED_REGION
province:3579,democratic_republic_of_the_congo__maniema,3579,Maniema,,,127106.752,,,,,,,,UNASSIGNED_REGION
province:1465,kenya__north_eastern,1465,North-Eastern,,,126714.794,,,,,,,,UNASSIGNED_REGION
province:919,south_africa__limpopo,919,Limpopo,,,125710.796,,,,,,,,UNASSIGNED_REGION
province:3857,iran__fars,3857,Fars,,,125609.295,,,,,,,,UNASSIGNED_REGION
province:1523,zambia__north_western,1523,North-Western,,,125422.63,,,,,,,,UNASSIGNED_REGION
province:1419,russia__orenburg,1419,Orenburg,,,125122.953,,,,,,,,UNASSIGNED_REGION
province:1790,brazil__pernambuco,1790,Pernambuco,,,125088.968,,,,,,,,UNASSIGNED_REGION
province:1431,saudi_arabia__al_hudud_ash_shamaliyah,1431,Al Hudud ash Shamaliyah,,,124422.295,,,,,,,,UNASSIGNED_REGION
province:1263,argentina__catamarca,1263,Catamarca,,,124177.798,,,,,,,,UNASSIGNED_REGION
province:1415,kazakhstan__pavlodar,1415,Pavlodar,,,124115.848,,,,,,,,UNASSIGNED_REGION
province:2237,united_states_of_america__mississippi,2237,Mississippi,,,123640.617,,,,,,,,UNASSIGNED_REGION
province:443,mali__kayes,443,Kayes,,,122921.358,,,,,,,,UNASSIGNED_REGION
province:16,chile__antofagasta,16,Antofagasta,,,122913.655,,,,,,,,UNASSIGNED_REGION
province:106,mongolia__dornod,106,Dornod,,,122659.094,,,,,,,,UNASSIGNED_REGION
province:551,malaysia__sarawak_2,551,Sarawak,,,122267.172,,,,,,,,UNASSIGNED_REGION
province:3393,saudi_arabia__ha_il,3393,Ha'il,,,121204.465,,,,,,,,UNASSIGNED_REGION
province:3841,mexico__durango,3841,Durango,,,120877.509,,,,,,,,UNASSIGNED_REGION
province:950,s_sudan__jonglei,950,Jonglei,,,120717.861,,,,,,,,UNASSIGNED_REGION
province:3801,russia__kirov,3801,Kirov,,,120222.254,,,,,,,,UNASSIGNED_REGION
province:2191,china__fujian_4,2191,Fujian,,,119862.934,,,,,,,,UNASSIGNED_REGION
province:1454,chad__tibesti,1454,Tibesti,,,119783.451,,,,,,,,UNASSIGNED_REGION
province:2236,united_states_of_america__louisiana_5,2236,Louisiana,,,119233.051,,,,,,,,UNASSIGNED_REGION
province:1142,united_states_of_america__pennsylvania,1142,Pennsylvania,,,119192.11,,,,,,,,UNASSIGNED_REGION
province:1384,turkmenistan__balkan,1384,Balkan,,,118544.902,,,,,,,,UNASSIGNED_REGION
province:15,bolivia__potos,15,Potosí,,,117761.519,,,,,,,,UNASSIGNED_REGION
province:1434,saudi_arabia__al_jawf,1434,Al Jawf,,,117533.397,,,,,,,,UNASSIGNED_REGION
province:114,mongolia__bayanhongor,114,Bayanhongor,,,116382.456,,,,,,,,UNASSIGNED_REGION
province:1141,united_states_of_america__ohio,1141,Ohio,,,116217.874,,,,,,,,UNASSIGNED_REGION
province:1525,namibia__kunene,1525,Kunene,,,115968.821,,,,,,,,UNASSIGNED_REGION
province:253,kazakhstan__south_kazakhstan,253,South Kazakhstan,,,115496.712,,,,,,,,UNASSIGNED_REGION
province:1545,botswana__ghanzi,1545,Ghanzi,,,114856.893,,,,,,,,UNASSIGNED_REGION
province:3866,india__telangana,3866,Telangana,,,114754.817,,,,,,,,UNASSIGNED_REGION
province:111,mongolia__dornogovi,111,Dornogovi,,,114512.172,,,,,,,,UNASSIGNED_REGION
province:28,ethiopia__southern_nations_nationalities_and_peoples,28,"Southern Nations, Nationalities and Peoples",,,114113.798,,,,,,,,UNASSIGNED_REGION
province:1423,russia__volgograd,1423,Volgograd,,,113103.079,,,,,,,,UNASSIGNED_REGION
province:1424,kazakhstan__atyrau,1424,Atyrau,,,112331.817,,,,,,,,UNASSIGNED_REGION
province:3855,iran__esfahan,3855,Esfahan,,,110571.952,,,,,,,,UNASSIGNED_REGION
province:2623,russia__chukchi_autonomous_okrug_2,2623,Chukchi Autonomous Okrug,,,110530.656,,,,,,,,UNASSIGNED_REGION
province:1542,namibia__hardap,1542,Hardap,,,110285.848,,,,,,,,UNASSIGNED_REGION
province:1389,uzbekistan__navoi,1389,Navoi,,,110003.247,,,,,,,,UNASSIGNED_REGION
province:3918,united_states_of_america__tennessee,3918,Tennessee,,,109226.349,,,,,,,,UNASSIGNED_REGION
province:2487,canada__newfoundland_and_labrador_20,2487,Newfoundland and Labrador,,,109157.397,,,,,,,,UNASSIGNED_REGION
province:1244,colombia__amazonas,1244,Amazonas,,,109131.594,,,,,,,,UNASSIGNED_REGION
province:1559,cameroon__est,1559,Est,,,108822.813,,,,,,,,UNASSIGNED_REGION
province:2928,greenland__qeqqata_kommunia_3,2928,Qeqqata Kommunia,,,106357.573,,,,,,,,UNASSIGNED_REGION
province:922,botswana__kgalagadi,922,Kgalagadi,,,105477.824,,,,,,,,UNASSIGNED_REGION
province:1539,angola__lunda_norte,1539,Lunda Norte,,,105271.306,,,,,,,,UNASSIGNED_REGION
province:2325,china__jiangsu_2,2325,Jiangsu,,,105249.416,,,,,,,,UNASSIGNED_REGION
province:920,south_africa__north_west,920,North West,,,105001.043,,,,,,,,UNASSIGNED_REGION
province:983,niger__tahoua,983,Tahoua,,,104901.832,,,,,,,,UNASSIGNED_REGION
province:142,sweden__norrbotten_2,142,Norrbotten,,,104690.962,,,,,,,,UNASSIGNED_REGION
province:3916,united_states_of_america__kentucky,3916,Kentucky,,,104385.675,,,,,,,,UNASSIGNED_REGION
province:1543,namibia__otjozondjupa,1543,Otjozondjupa,,,104351.921,,,,,,,,UNASSIGNED_REGION
province:1257,peru__ucayali,1257,Ucayali,,,103551.564,,,,,,,,UNASSIGNED_REGION
province:1597,mozambique__zambezia,1597,Zambezia,,,102769.373,,,,,,,,UNASSIGNED_REGION
province:1399,pakistan__k_p,1399,K.P.,,,102327.904,,,,,,,,UNASSIGNED_REGION
province:1421,russia__saratov,1421,Saratov,,,102018.01,,,,,,,,UNASSIGNED_REGION
province:2266,united_states_of_america__virginia_2,2266,Virginia,,,101877.354,,,,,,,,UNASSIGNED_REGION
province:771,russia__rostov,771,Rostov,,,101503.306,,,,,,,,UNASSIGNED_REGION
province:57,morocco__guelmim_es_semara,57,Guelmim - Es-Semara,,,101388.412,,,,,,,,UNASSIGNED_REGION
province:1531,mozambique__tete,1531,Tete,,,100755.445,,,,,,,,UNASSIGNED_REGION
province:819,turkmenistan__ahal,819,Ahal,,,100487.269,,,,,,,,UNASSIGNED_REGION
province:783,mongolia__h_vsg_l,783,Hövsgöl,,,100328.433,,,,,,,,UNASSIGNED_REGION
province:2317,china__zhejiang_4,2317,Zhejiang,,,100039.463,,,,,,,,UNASSIGNED_REGION
province:651,argentina__chaco,651,Chaco,,,99384.635,,,,,,,,UNASSIGNED_REGION
province:1380,papua_new_guinea__western_3,1380,Western,,,98912.083,,,,,,,,UNASSIGNED_REGION
province:2204,saudi_arabia__tabuk,2204,Tabuk,,,98858.765,,,,,,,,UNASSIGNED_REGION
province:1410,kazakhstan__north_kazakhstan,1410,North Kazakhstan,,,98621.497,,,,,,,,UNASSIGNED_REGION
province:1368,colombia__vichada,1368,Vichada,,,98609.283,,,,,,,,UNASSIGNED_REGION
province:174,finland__lapland,174,Lapland,,,98288.451,,,,,,,,UNASSIGNED_REGION
province:851,myanmar__sagaing,851,Sagaing,,,96679.079,,,,,,,,UNASSIGNED_REGION
province:328,zambia__muchinga,328,Muchinga,,,95630.047,,,,,,,,UNASSIGNED_REGION
province:1575,zambia__central,1575,Central,,,95163.578,,,,,,,,UNASSIGNED_REGION
province:3842,mauritania__tagant,3842,Tagant,,,94723.112,,,,,,,,UNASSIGNED_REGION
province:1273,argentina__neuqu_n,1273,Neuquén,,,94691.855,,,,,,,,UNASSIGNED_REGION
province:1725,india__bihar,1725,Bihar,,,94675.348,,,,,,,,UNASSIGNED_REGION
province:662,brazil__santa_catarina,662,Santa Catarina,,,94409.927,,,,,,,,UNASSIGNED_REGION
province:3920,united_states_of_america__indiana,3920,Indiana,,,94303.391,,,,,,,,UNASSIGNED_REGION
province:360,ethiopia__afar,360,Afar,,,94190.435,,,,,,,,UNASSIGNED_REGION
province:906,south_africa__kwazulu_natal,906,KwaZulu-Natal,,,93908.812,,,,,,,,UNASSIGNED_REGION
province:1569,south_africa__mpumalanga,1569,Mpumalanga,,,93751.833,,,,,,,,UNASSIGNED_REGION
province:813,turkmenistan__chardzhou,813,Chardzhou,,,93249.086,,,,,,,,UNASSIGNED_REGION
province:116,russia__gorno_altay,116,Gorno-Altay,,,92895.12,,,,,,,,UNASSIGNED_REGION
province:503,india__west_bengal_5,503,West Bengal,,,92885.149,,,,,,,,UNASSIGNED_REGION
province:2301,mexico__oaxaca,2301,Oaxaca,,,92279.86,,,,,,,,UNASSIGNED_REGION
province:991,niger__tillab_ri,991,Tillabéri,,,92025.268,,,,,,,,UNASSIGNED_REGION
province:1041,mali__koulikoro,1041,Koulikoro,,,91854.515,,,,,,,,UNASSIGNED_REGION
province:1448,saudi_arabia__asir,1448,`Asir,,,91729.524,,,,,,,,UNASSIGNED_REGION
province:3594,chad__batha,3594,Batha,,,90850.713,,,,,,,,UNASSIGNED_REGION
province:3364,iran__semnan,3364,Semnan,,,90453.148,,,,,,,,UNASSIGNED_REGION
province:1265,argentina__la_rioja,1265,La Rioja,,,90422.256,,,,,,,,UNASSIGNED_REGION
province:3569,colombia__caquet,3569,Caquetá,,,90046.091,,,,,,,,UNASSIGNED_REGION
province:58,western_sahara__western_sahara,58,Western Sahara,,,89756.833,,,,,,,,UNASSIGNED_REGION
province:1446,saudi_arabia__najran,1446,Najran,,,89466.019,,,,,,,,UNASSIGNED_REGION
province:652,argentina__corrientes,652,Corrientes,,,89029.0,,,,,,,,UNASSIGNED_REGION
province:1417,russia__chelyabinsk,1417,Chelyabinsk,,,88565.561,,,,,,,,UNASSIGNED_REGION
province:644,paraguay__boquer_n,644,Boquerón,,,88284.923,,,,,,,,UNASSIGNED_REGION
province:850,myanmar__kachin,850,Kachin,,,87925.301,,,,,,,,UNASSIGNED_REGION
province:1266,argentina__san_juan,1266,San Juan,,,87856.009,,,,,,,,UNASSIGNED_REGION
province:352,s_sudan__western_bahr_el_ghazal,352,Western Bahr el Ghazal,,,87462.114,,,,,,,,UNASSIGNED_REGION
province:1897,indonesia__papua_barat_2,1897,Papua Barat,,,87071.526,,,,,,,,UNASSIGNED_REGION
province:1290,chile__ais_n_del_general_carlos_ib_ez_del_campo_7,1290,Aisén del General Carlos Ibáñez del Campo,,,86620.888,,,,,,,,UNASSIGNED_REGION
province:1147,canada__qu_bec_4,1147,Québec,,,86327.773,,,,,,,,UNASSIGNED_REGION
province:3574,colombia__meta,3574,Meta,,,86228.097,,,,,,,,UNASSIGNED_REGION
province:351,central_african_republic__haute_kotto,351,Haute-Kotto,,,85700.989,,,,,,,,UNASSIGNED_REGION
province:2298,mexico__jalisco,2298,Jalisco,,,85690.475,,,,,,,,UNASSIGNED_REGION
province:816,turkmenistan__mary,816,Mary,,,85272.087,,,,,,,,UNASSIGNED_REGION
province:1540,angola__malanje,1540,Malanje,,,85132.979,,,,,,,,UNASSIGNED_REGION
province:424,russia__leningrad,424,Leningrad,,,85048.251,,,,,,,,UNASSIGNED_REGION
province:927,zambia__southern,927,Southern,,,85015.847,,,,,,,,UNASSIGNED_REGION
province:1980,indonesia__sumatera_selatan,1980,Sumatera Selatan,,,84716.497,,,,,,,,UNASSIGNED_REGION
province:3798,russia__tver,3798,Tver',,,84631.589,,,,,,,,UNASSIGNED_REGION
province:2649,canada__northwest_territories_5,2649,Northwest Territories,,,83715.321,,,,,,,,UNASSIGNED_REGION
province:1168,united_states_of_america__maine_8,1168,Maine,,,83569.279,,,,,,,,UNASSIGNED_REGION
province:1544,namibia__omaheke,1544,Omaheke,,,83324.97,,,,,,,,UNASSIGNED_REGION
province:47,france__guyane_fran_aise,47,Guyane française,,,83204.001,,,,,,,,UNASSIGNED_REGION
province:1395,iran__south_khorasan,1395,South Khorasan,,,83158.915,,,,,,,,UNASSIGNED_REGION
province:214,russia__krasnodar,214,Krasnodar,,,83064.793,,,,,,,,UNASSIGNED_REGION
province:278,peru__madre_de_dios,278,Madre de Dios,,,82524.385,,,,,,,,UNASSIGNED_REGION
province:1496,kenya__coast,1496,Coast,,,82070.273,,,,,,,,UNASSIGNED_REGION
province:110,mongolia__s_hbaatar,110,Sühbaatar,,,82047.767,,,,,,,,UNASSIGNED_REGION
province:1016,mali__mopti,1016,Mopti,,,82011.796,,,,,,,,UNASSIGNED_REGION
province:789,mongolia__dzavhan,789,Dzavhan,,,81878.352,,,,,,,,UNASSIGNED_REGION
province:1950,indonesia__riau_2,1950,Riau,,,81667.492,,,,,,,,UNASSIGNED_REGION
province:354,s_sudan__western_equatoria,354,Western Equatoria,,,81210.143,,,,,,,,UNASSIGNED_REGION
province:790,mongolia__hentiy,790,Hentiy,,,81018.673,,,,,,,,UNASSIGNED_REGION
province:44,india__arunachal_pradesh,44,Arunachal Pradesh,,,80601.856,,,,,,,,UNASSIGNED_REGION
province:3840,mexico__zacatecas,3840,Zacatecas,,,80273.762,,,,,,,,UNASSIGNED_REGION
province:2257,united_states_of_america__south_carolina_2,2257,South Carolina,,,80137.424,,,,,,,,UNASSIGNED_REGION
province:99,belarus__vitebsk,99,Vitebsk,,,79940.676,,,,,,,,UNASSIGNED_REGION
province:1194,mexico__tamaulipas_2,1194,Tamaulipas,,,79579.698,,,,,,,,UNASSIGNED_REGION
province:506,india__assam,506,Assam,,,79560.057,,,,,,,,UNASSIGNED_REGION
province:656,paraguay__alto_paraguay,656,Alto Paraguay,,,79407.986,,,,,,,,UNASSIGNED_REGION
province:1264,chile__atacama,1264,Atacama,,,79270.239,,,,,,,,UNASSIGNED_REGION
province:3626,angola__hu_la,3626,Huíla,,,78694.778,,,,,,,,UNASSIGNED_REGION
province:350,sudan__southern_darfur,350,Southern Darfur,,,78628.212,,,,,,,,UNASSIGNED_REGION
province:2492,japan__hokkaid,2492,Hokkaidō,,,78401.32,,,,,,,,UNASSIGNED_REGION
province:0,argentina__entre_r_os,0,Entre Ríos,,,78190.952,,,,,,,,UNASSIGNED_REGION
province:1856,mozambique__nampula_2,1856,Nampula,,,78002.28,,,,,,,,UNASSIGNED_REGION
province:996,ghana__northern,996,Northern,,,77973.275,,,,,,,,UNASSIGNED_REGION
province:3316,india__jharkhand,3316,Jharkhand,,,77921.329,,,,,,,,UNASSIGNED_REGION
province:3830,mongolia__t_v,3830,Töv,,,77909.574,,,,,,,,UNASSIGNED_REGION
province:1067,mozambique__cabo_delgado,1067,Cabo Delgado,,,77865.213,,,,,,,,UNASSIGNED_REGION
province:451,nigeria__niger,451,Niger,,,77842.626,,,,,,,,UNASSIGNED_REGION
province:1541,angola__lunda_sul,1541,Lunda Sul,,,77585.973,,,,,,,,UNASSIGNED_REGION
province:836,iran__khuzestan,836,Khuzestan,,,77232.337,,,,,,,,UNASSIGNED_REGION
province:3621,argentina__san_luis,3621,San Luis,,,77232.325,,,,,,,,UNASSIGNED_REGION
province:1526,angola__cunene,1526,Cunene,,,77104.535,,,,,,,,UNASSIGNED_REGION
province:3756,united_republic_of_tanzania__tabora,3756,Tabora,,,76633.235,,,,,,,,UNASSIGNED_REGION
province:470,zimbabwe__matabeleland_north,470,Matabeleland North,,,76549.146,,,,,,,,UNASSIGNED_REGION
province:1535,mozambique__gaza,1535,Gaza,,,76236.054,,,,,,,,UNASSIGNED_REGION
province:948,s_sudan__upper_nile,948,Upper Nile,,,75993.41,,,,,,,,UNASSIGNED_REGION
province:645,argentina__formosa,645,Formosa,,,75867.441,,,,,,,,UNASSIGNED_REGION
province:109,mongolia__hovd,109,Hovd,,,75734.105,,,,,,,,UNASSIGNED_REGION
province:60,morocco__oued_el_dahab,60,Oued el Dahab,,,75517.582,,,,,,,,UNASSIGNED_REGION
province:2562,russia__sakhalin,2562,Sakhalin,,,75476.507,,,,,,,,UNASSIGNED_REGION
province:3639,algeria__gharda_a,3639,Ghardaïa,,,75464.69,,,,,,,,UNASSIGNED_REGION
province:1365,venezuela__apure,1365,Apure,,,75077.011,,,,,,,,UNASSIGNED_REGION
province:3792,russia__nizhegorod,3792,Nizhegorod,,,75070.509,,,,,,,,UNASSIGNED_REGION
province:3832,mongolia__dundgovi,3832,Dundgovi,,,74899.379,,,,,,,,UNASSIGNED_REGION
province:3467,peru__cusco,3467,Cusco,,,74220.815,,,,,,,,UNASSIGNED_REGION
province:646,paraguay__presidente_hayes,646,Presidente Hayes,,,73905.185,,,,,,,,UNASSIGNED_REGION
province:1768,united_kingdom__northumberland_7,1768,Northumberland,,,73897.85,,,,,,,,UNASSIGNED_REGION
province:59,morocco__la_youne_boujdour_sakia_el_hamra,59,Laâyoune - Boujdour - Sakia El Hamra,,,73516.41,,,,,,,,UNASSIGNED_REGION
province:1204,mexico__chiapas,1204,Chiapas,,,73423.172,,,,,,,,UNASSIGNED_REGION
province:3007,russia__kalmyk,3007,Kalmyk,,,73287.479,,,,,,,,UNASSIGNED_REGION
province:1390,turkmenistan__tashauz,1390,Tashauz,,,73145.154,,,,,,,,UNASSIGNED_REGION
province:7,malaysia__sabah_3,7,Sabah,,,72716.051,,,,,,,,UNASSIGNED_REGION
province:1169,canada__new_brunswick,1169,New Brunswick,,,72372.013,,,,,,,,UNASSIGNED_REGION
province:1412,russia__kurgan,1412,Kurgan,,,72168.167,,,,,,,,UNASSIGNED_REGION
province:3624,angola__bi,3624,Bié,,,72096.488,,,,,,,,UNASSIGNED_REGION
province:1468,morocco__souss_massa_dra,1468,Souss - Massa - Draâ,,,71958.042,,,,,,,,UNASSIGNED_REGION
province:1262,peru__puno,1262,Puno,,,71763.89,,,,,,,,UNASSIGNED_REGION
province:1178,mexico__baja_california,1178,Baja California,,,71364.331,,,,,,,,UNASSIGNED_REGION
province:1242,colombia__guain_a,1242,Guainía,,,71259.189,,,,,,,,UNASSIGNED_REGION
province:529,nigeria__borno,529,Borno,,,71066.302,,,,,,,,UNASSIGNED_REGION
province:2296,mexico__veracruz,2296,Veracruz,,,70960.248,,,,,,,,UNASSIGNED_REGION
province:1023,mali__sikasso,1023,Sikasso,,,70865.619,,,,,,,,UNASSIGNED_REGION
province:2198,mexico__baja_california_sur_5,2198,Baja California Sur,,,70862.54,,,,,,,,UNASSIGNED_REGION
province:1513,mauritania__trarza,1513,Trarza,,,70702.889,,,,,,,,UNASSIGNED_REGION
province:2651,canada__northwest_territories_7,2651,Northwest Territories,,,70565.359,,,,,,,,UNASSIGNED_REGION
province:46,somalia__bari,46,Bari,,,70127.986,,,,,,,,UNASSIGNED_REGION
province:121,germany__bayern,121,Bayern,,,70040.826,,,,,,,,UNASSIGNED_REGION
province:952,chad__salamat,952,Salamat,,,69954.511,,,,,,,,UNASSIGNED_REGION
province:393,zambia__northern,393,Northern,,,69150.371,,,,,,,,UNASSIGNED_REGION
province:786,mongolia__uvs,786,Uvs,,,69114.407,,,,,,,,UNASSIGNED_REGION
province:1833,madagascar__atsimo_andrefana,1833,Atsimo-Andrefana,,,69031.723,,,,,,,,UNASSIGNED_REGION
province:3361,united_republic_of_tanzania__morogoro,3361,Morogoro,,,68705.835,,,,,,,,UNASSIGNED_REGION
province:3596,cameroon__centre,3596,Centre,,,68609.868,,,,,,,,UNASSIGNED_REGION
province:3635,algeria__el_bayadh,3635,El Bayadh,,,68290.181,,,,,,,,UNASSIGNED_REGION
province:1459,chad__kanem,1459,Kanem,,,67998.527,,,,,,,,UNASSIGNED_REGION
province:3780,russia__tatarstan,3780,Tatarstan,,,67951.124,,,,,,,,UNASSIGNED_REGION
province:1853,mozambique__inhambane,1853,Inhambane,,,67944.654,,,,,,,,UNASSIGNED_REGION
province:29,s_sudan__eastern_equatoria,29,Eastern Equatoria,,,67763.908,,,,,,,,UNASSIGNED_REGION
province:1989,indonesia__sumatera_utara,1989,Sumatera Utara,,,67725.742,,,,,,,,UNASSIGNED_REGION
province:1854,mozambique__sofala,1854,Sofala,,,67237.277,,,,,,,,UNASSIGNED_REGION
province:63,republic_of_the_congo__likouala,63,Likouala,,,67046.983,,,,,,,,UNASSIGNED_REGION
province:974,cameroon__nord,974,Nord,,,66695.938,,,,,,,,UNASSIGNED_REGION
province:3806,russia__stavropol,3806,Stavropol',,,66690.89,,,,,,,,UNASSIGNED_REGION
province:1857,united_republic_of_tanzania__lindi,1857,Lindi,,,66363.501,,,,,,,,UNASSIGNED_REGION
province:2327,iran__hormozgan,2327,Hormozgan,,,65509.703,,,,,,,,UNASSIGNED_REGION
province:70,democratic_republic_of_the_congo__bas_congo,70,Bas-Congo,,,65236.526,,,,,,,,UNASSIGNED_REGION
province:473,pakistan__northern_areas,473,Northern Areas,,,65187.942,,,,,,,,UNASSIGNED_REGION
province:1445,oman__al_wusta,1445,Al Wusta,,,65039.294,,,,,,,,UNASSIGNED_REGION
province:1195,mexico__nuevo_le_n,1195,Nuevo León,,,64934.105,,,,,,,,UNASSIGNED_REGION
province:3287,venezuela__gu_rico,3287,Guárico,,,64874.959,,,,,,,,UNASSIGNED_REGION
province:2300,mexico__guerrero,2300,Guerrero,,,64760.276,,,,,,,,UNASSIGNED_REGION
province:4009,latvia__jekabpils,4009,Jekabpils,,,64542.591,,,,,,,,UNASSIGNED_REGION
province:3100,australia__tasmania,3100,Tasmania,,,64372.635,,,,,,,,UNASSIGNED_REGION
province:20,india__ladakh,20,Ladakh,,,64283.566,,,,,,,,UNASSIGNED_REGION
province:3839,mexico__san_luis_potos,3839,San Luis Potosí,,,64100.621,,,,,,,,UNASSIGNED_REGION
province:1851,namibia__erongo,1851,Erongo,,,64052.81,,,,,,,,UNASSIGNED_REGION
province:41,united_republic_of_tanzania__ruvuma,41,Ruvuma,,,63984.868,,,,,,,,UNASSIGNED_REGION
province:1258,bolivia__pando,1258,Pando,,,63773.902,,,,,,,,UNASSIGNED_REGION
province:1533,mozambique__manica,1533,Manica,,,63730.677,,,,,,,,UNASSIGNED_REGION
province:1444,yemen__al_mahrah,1444,Al Mahrah,,,63705.391,,,,,,,,UNASSIGNED_REGION
province:322,tajikistan__gorno_badakhshan,322,Gorno-Badakhshan,,,63540.4,,,,,,,,UNASSIGNED_REGION
province:362,democratic_republic_of_the_congo__sud_kivu,362,Sud-Kivu,,,63399.053,,,,,,,,UNASSIGNED_REGION
province:2067,colombia__antioquia,2067,Antioquia,,,63350.013,,,,,,,,UNASSIGNED_REGION
province:1966,peru__arequipa,1966,Arequipa,,,62879.898,,,,,,,,UNASSIGNED_REGION
province:3833,mongolia__v_rhangay,3833,Övörhangay,,,62781.353,,,,,,,,UNASSIGNED_REGION
province:3919,united_states_of_america__west_virginia,3919,West Virginia,,,62680.599,,,,,,,,UNASSIGNED_REGION
province:429,united_arab_emirates__abu_dhabi,429,Abu Dhabi,,,62175.436,,,,,,,,UNASSIGNED_REGION
province:1537,angola__u_ge,1537,Uíge,,,61956.455,,,,,,,,UNASSIGNED_REGION
province:3593,chad__gu_ra,3593,Guéra,,,61872.886,,,,,,,,UNASSIGNED_REGION
province:976,cameroon__adamaoua,976,Adamaoua,,,61794.045,,,,,,,,UNASSIGNED_REGION
province:2133,mauritania__inchiri_4,2133,Inchiri,,,61451.653,,,,,,,,UNASSIGNED_REGION
province:1021,mali__s_gou,1021,Ségou,,,61393.617,,,,,,,,UNASSIGNED_REGION
province:977,nigeria__taraba,977,Taraba,,,60458.472,,,,,,,,UNASSIGNED_REGION
province:3787,russia__kostroma,3787,Kostroma,,,60182.793,,,,,,,,UNASSIGNED_REGION
province:931,central_african_republic__mbomou,931,Mbomou,,,59868.26,,,,,,,,UNASSIGNED_REGION
province:941,democratic_republic_of_the_congo__nord_kivu,941,Nord-Kivu,,,59637.35,,,,,,,,UNASSIGNED_REGION
province:1319,chile__magallanes_y_ant_rtica_chilena_3,1319,Magallanes y Antártica Chilena,,,59543.485,,,,,,,,UNASSIGNED_REGION
province:32,somalia__mudug,32,Mudug,,,59201.229,,,,,,,,UNASSIGNED_REGION
province:1467,morocco__mekn_s_tafilalet,1467,Meknès - Tafilalet,,,58893.807,,,,,,,,UNASSIGNED_REGION
province:2299,mexico__michoac_n,2299,Michoacán,,,58816.573,,,,,,,,UNASSIGNED_REGION
province:158,sweden__v_sterbotten,158,Västerbotten,,,58729.125,,,,,,,,UNASSIGNED_REGION
province:943,sudan__gedarif,943,Gedarif,,,58620.968,,,,,,,,UNASSIGNED_REGION
province:39,united_republic_of_tanzania__mbeya,39,Mbeya,,,58557.168,,,,,,,,UNASSIGNED_REGION
province:496,morocco__oriental,496,Oriental,,,58112.447,,,,,,,,UNASSIGNED_REGION
province:953,central_african_republic__bamingui_bangoran,953,Bamingui-Bangoran,,,58011.946,,,,,,,,UNASSIGNED_REGION
province:1524,angola__namibe,1524,Namibe,,,57949.138,,,,,,,,UNASSIGNED_REGION
province:2230,mexico__sinaloa,2230,Sinaloa,,,57731.614,,,,,,,,UNASSIGNED_REGION
province:961,republic_of_the_congo__sangha,961,Sangha,,,57615.734,,,,,,,,UNASSIGNED_REGION
province:925,zimbabwe__mashonaland_west,925,Mashonaland West,,,57328.324,,,,,,,,UNASSIGNED_REGION
province:1409,afghanistan__hilmand,1409,Hilmand,,,57271.627,,,,,,,,UNASSIGNED_REGION
province:1905,indonesia__sulawesi_tengah,1905,Sulawesi Tengah,,,57141.893,,,,,,,,UNASSIGNED_REGION
province:1711,sudan__eastern_darfur,1711,Eastern Darfur,,,57050.872,,,,,,,,UNASSIGNED_REGION
province:1202,mexico__campeche,1202,Campeche,,,56987.953,,,,,,,,UNASSIGNED_REGION
province:3590,chad__barh_el_gazel,3590,Barh El Gazel,,,56617.121,,,,,,,,UNASSIGNED_REGION
province:1789,brazil__para_ba,1789,Paraíba,,,56458.517,,,,,,,,UNASSIGNED_REGION
province:3604,bolivia__cochabamba,3604,Cochabamba,,,56205.553,,,,,,,,UNASSIGNED_REGION
province:923,zimbabwe__masvingo,923,Masvingo,,,55873.216,,,,,,,,UNASSIGNED_REGION
province:128,russia__pskov,128,Pskov,,,55867.216,,,,,,,,UNASSIGNED_REGION
province:353,central_african_republic__haut_mbomou,353,Haut-Mbomou,,,55593.505,,,,,,,,UNASSIGNED_REGION
province:818,afghanistan__hirat,818,Hirat,,,55432.491,,,,,,,,UNASSIGNED_REGION
province:1714,india__himachal_pradesh,1714,Himachal Pradesh,,,55363.219,,,,,,,,UNASSIGNED_REGION
province:256,guyana__upper_demerara_berbice,256,Upper Demerara-Berbice,,,55290.004,,,,,,,,UNASSIGNED_REGION
province:3831,mongolia__arhangay,3831,Arhangay,,,55240.668,,,,,,,,UNASSIGNED_REGION
province:1849,angola__cuanza_sul,1849,Cuanza Sul,,,55239.263,,,,,,,,UNASSIGNED_REGION
province:3797,russia__novgorod,3797,Novgorod,,,55176.235,,,,,,,,UNASSIGNED_REGION
province:13,bolivia__oruro,13,Oruro,,,54991.255,,,,,,,,UNASSIGNED_REGION
province:3571,colombia__guaviare,3571,Guaviare,,,54969.831,,,,,,,,UNASSIGNED_REGION
province:1485,chad__wadi_fira,1485,Wadi Fira,,,54892.759,,,,,,,,UNASSIGNED_REGION
province:472,zimbabwe__matabeleland_south,472,Matabeleland South,,,54521.524,,,,,,,,UNASSIGNED_REGION
province:3392,saudi_arabia__al_quassim,3392,Al Quassim,,,54348.832,,,,,,,,UNASSIGNED_REGION
province:159,sweden__j_mtland,159,Jämtland,,,54025.889,,,,,,,,UNASSIGNED_REGION
province:1994,indonesia__aceh,1994,Aceh,,,53751.59,,,,,,,,UNASSIGNED_REGION
province:19,argentina__jujuy,19,Jujuy,,,53550.38,,,,,,,,UNASSIGNED_REGION
province:1408,afghanistan__kandahar,1408,Kandahar,,,53504.444,,,,,,,,UNASSIGNED_REGION
province:955,central_african_republic__ouham,955,Ouham,,,53341.189,,,,,,,,UNASSIGNED_REGION
province:3805,russia__samara,3805,Samara,,,53248.923,,,,,,,,UNASSIGNED_REGION
province:1788,brazil__rio_grande_do_norte,1788,Rio Grande do Norte,,,52757.293,,,,,,,,UNASSIGNED_REGION
province:3471,peru__san_mart_n,3471,San Martín,,,52727.556,,,,,,,,UNASSIGNED_REGION
province:613,india__uttarakhand,613,Uttarakhand,,,52651.784,,,,,,,,UNASSIGNED_REGION
province:533,iraq__al_muthannia,533,Al-Muthannia,,,52426.731,,,,,,,,UNASSIGNED_REGION
province:770,russia__voronezh,770,Voronezh,,,52249.273,,,,,,,,UNASSIGNED_REGION
province:1243,colombia__vaup_s,1243,Vaupés,,,51723.081,,,,,,,,UNASSIGNED_REGION
province:1256,bolivia__chuquisaca,1256,Chuquisaca,,,51659.482,,,,,,,,UNASSIGNED_REGION
province:1824,madagascar__sofia,1824,Sofia,,,50978.474,,,,,,,,UNASSIGNED_REGION
province:1979,indonesia__jambi,1979,Jambi,,,50896.783,,,,,,,,UNASSIGNED_REGION
province:1615,sudan__kassala,1615,Kassala,,,50631.015,,,,,,,,UNASSIGNED_REGION
province:1622,india__punjab,1622,Punjab,,,50471.584,,,,,,,,UNASSIGNED_REGION
province:762,russia__smolensk,762,Smolensk,,,50314.098,,,,,,,,UNASSIGNED_REGION
province:330,zambia__eastern,330,Eastern,,,50238.508,,,,,,,,UNASSIGNED_REGION
province:1518,mauritania__hodh_el_gharbi,1518,Hodh el Gharbi,,,50182.283,,,,,,,,UNASSIGNED_REGION
province:33,somalia__galguduud,33,Galguduud,,,50156.868,,,,,,,,UNASSIGNED_REGION
province:87,syria__homs_hims,87,Homs (Hims),,,50047.491,,,,,,,,UNASSIGNED_REGION
province:226,russia__dagestan,226,Dagestan,,,50033.701,,,,,,,,UNASSIGNED_REGION
province:1834,madagascar__menabe,1834,Menabe,,,49665.707,,,,,,,,UNASSIGNED_REGION
province:945,ethiopia__benshangul_gumaz,945,Benshangul-Gumaz,,,49444.305,,,,,,,,UNASSIGNED_REGION
province:1398,afghanistan__farah,1398,Farah,,,49346.492,,,,,,,,UNASSIGNED_REGION
province:1573,zambia__luapula,1573,Luapula,,,49330.913,,,,,,,,UNASSIGNED_REGION
province:929,central_african_republic__ouaka,929,Ouaka,,,49206.994,,,,,,,,UNASSIGNED_REGION
province:944,ethiopia__tigray,944,Tigray,,,49139.215,,,,,,,,UNASSIGNED_REGION
province:785,mongolia__bulgan,785,Bulgan,,,49017.12,,,,,,,,UNASSIGNED_REGION
province:3740,nigeria__bauchi,3740,Bauchi,,,48998.809,,,,,,,,UNASSIGNED_REGION
province:3755,united_republic_of_tanzania__singida,3755,Singida,,,48956.705,,,,,,,,UNASSIGNED_REGION
province:3261,zimbabwe__midlands,3261,Midlands,,,48910.337,,,,,,,,UNASSIGNED_REGION
province:1495,somalia__jubbada_hoose,1495,Jubbada Hoose,,,48530.417,,,,,,,,UNASSIGNED_REGION
province:254,guyana__pomeroon_supenaam,254,Pomeroon-Supenaam,,,47943.852,,,,,,,,UNASSIGNED_REGION
province:395,germany__niedersachsen,395,Niedersachsen,,,47838.344,,,,,,,,UNASSIGNED_REGION
province:365,united_republic_of_tanzania__katavi,365,Katavi,,,47657.148,,,,,,,,UNASSIGNED_REGION
province:363,united_republic_of_tanzania__kigoma,363,Kigoma,,,47443.865,,,,,,,,UNASSIGNED_REGION
province:959,cameroon__sud,959,Sud,,,47435.823,,,,,,,,UNASSIGNED_REGION
province:2938,greenland__kommune_kujalleq_10,2938,Kommune Kujalleq,,,47232.366,,,,,,,,UNASSIGNED_REGION
province:356,s_sudan__central_equatoria,356,Central Equatoria,,,47009.682,,,,,,,,UNASSIGNED_REGION
province:3799,russia__moskovskaya,3799,Moskovskaya,,,46829.251,,,,,,,,UNASSIGNED_REGION
province:1226,colombia__choc_2,1226,Chocó,,,46676.964,,,,,,,,UNASSIGNED_REGION
province:2081,venezuela__anzo_tegui,2081,Anzoátegui,,,46552.11,,,,,,,,UNASSIGNED_REGION
province:773,iran__east_azarbaijan,773,East Azarbaijan,,,46418.722,,,,,,,,UNASSIGNED_REGION
province:1473,algeria__el_oued,1473,El Oued,,,46348.096,,,,,,,,UNASSIGNED_REGION
province:1483,sudan__western_darfur,1483,Western Darfur,,,46288.394,,,,,,,,UNASSIGNED_REGION
province:36,somalia__gedo,36,Gedo,,,46235.838,,,,,,,,UNASSIGNED_REGION
province:971,chad__chari_baguirmi,971,Chari-Baguirmi,,,46152.248,,,,,,,,UNASSIGNED_REGION
province:108,mongolia__bayan_lgiy,108,Bayan-Ölgiy,,,45996.903,,,,,,,,UNASSIGNED_REGION
province:1422,russia__astrakhan,1422,Astrakhan',,,45960.834,,,,,,,,UNASSIGNED_REGION
province:987,nigeria__yobe,987,Yobe,,,45920.932,,,,,,,,UNASSIGNED_REGION
province:3903,myanmar__magway,3903,Magway,,,45884.493,,,,,,,,UNASSIGNED_REGION
province:3248,new_zealand__canterbury,3248,Canterbury,,,45843.125,,,,,,,,UNASSIGNED_REGION
province:176,norway__finnmark_2,176,Finnmark,,,45799.783,,,,,,,,UNASSIGNED_REGION
province:1884,indonesia__sulawesi_selatan,1884,Sulawesi Selatan,,,45736.251,,,,,,,,UNASSIGNED_REGION
province:787,mongolia__selenge,787,Selenge,,,45479.023,,,,,,,,UNASSIGNED_REGION
province:3865,india__haryana,3865,Haryana,,,45379.878,,,,,,,,UNASSIGNED_REGION
province:244,kyrgyzstan__naryn,244,Naryn,,,45378.724,,,,,,,,UNASSIGNED_REGION
province:348,central_african_republic__vakaga,348,Vakaga,,,45372.759,,,,,,,,UNASSIGNED_REGION
province:3363,united_republic_of_tanzania__manyara,3363,Manyara,,,45114.051,,,,,,,,UNASSIGNED_REGION
province:65,republic_of_the_congo__cuvette,65,Cuvette,,,44931.225,,,,,,,,UNASSIGNED_REGION
province:2461,canada__nunavut_67,2461,Nunavut,,,44917.357,,,,,,,,UNASSIGNED_REGION
province:3825,nigeria__kaduna,3825,Kaduna,,,44482.339,,,,,,,,UNASSIGNED_REGION
province:946,sudan__blue_nile,946,Blue Nile,,,44351.639,,,,,,,,UNASSIGNED_REGION
province:2489,canada__nova_scotia_2,2489,Nova Scotia,,,44220.102,,,,,,,,UNASSIGNED_REGION
province:3468,peru__ayacucho,3468,Ayacucho,,,44132.003,,,,,,,,UNASSIGNED_REGION
province:3474,peru__jun_n,3474,Junín,,,44008.894,,,,,,,,UNASSIGNED_REGION
province:3773,somalia__bay,3773,Bay,,,43808.045,,,,,,,,UNASSIGNED_REGION
province:3573,colombia__casanare,3573,Casanare,,,43679.273,,,,,,,,UNASSIGNED_REGION
province:589,afghanistan__badakhshan,589,Badakhshan,,,43651.587,,,,,,,,UNASSIGNED_REGION
province:3835,mexico__puebla,3835,Puebla,,,43404.403,,,,,,,,UNASSIGNED_REGION
province:3782,russia__penza,3782,Penza,,,43389.162,,,,,,,,UNASSIGNED_REGION
province:1200,mexico__quintana_roo,1200,Quintana Roo,,,43359.809,,,,,,,,UNASSIGNED_REGION
province:1529,namibia__kavango,1529,Kavango,,,43193.176,,,,,,,,UNASSIGNED_REGION
province:2435,canada__nunavut_41,2435,Nunavut,,,43082.712,,,,,,,,UNASSIGNED_REGION
province:962,gabon__ogoou_ivindo,962,Ogooué-Ivindo,,,42775.46,,,,,,,,UNASSIGNED_REGION
province:1722,india__jammu_and_kashmir,1722,Jammu and Kashmir,,,42508.372,,,,,,,,UNASSIGNED_REGION
province:243,kyrgyzstan__ysyk_k_l,243,Ysyk-Köl,,,42431.5,,,,,,,,UNASSIGNED_REGION
province:3362,united_republic_of_tanzania__dodoma,3362,Dodoma,,,42344.812,,,,,,,,UNASSIGNED_REGION
province:1923,papua_new_guinea__east_sepik,1923,East Sepik,,,42279.017,,,,,,,,UNASSIGNED_REGION
province:1396,afghanistan__nimroz,1396,Nimroz,,,42063.405,,,,,,,,UNASSIGNED_REGION
province:1860,indonesia__jawa_timur,1860,Jawa Timur,,,41949.22,,,,,,,,UNASSIGNED_REGION
province:3802,russia__udmurt,3802,Udmurt,,,41943.548,,,,,,,,UNASSIGNED_REGION
province:954,chad__moyen_chari,954,Moyen-Chari,,,41846.825,,,,,,,,UNASSIGNED_REGION
province:1835,madagascar__melaky,1835,Melaky,,,41646.409,,,,,,,,UNASSIGNED_REGION
province:3369,switzerland__appenzell_innerrhoden,3369,Appenzell Innerrhoden,,,41370.874,,,,,,,,UNASSIGNED_REGION
province:14,chile__tarapac,14,Tarapacá,,,41291.179,,,,,,,,UNASSIGNED_REGION
province:1254,peru__piura,1254,Piura,,,40724.704,,,,,,,,UNASSIGNED_REGION
province:77,belarus__gomel,77,Gomel,,,40705.911,,,,,,,,UNASSIGNED_REGION
province:1249,peru__amazonas,1249,Amazonas,,,40668.6,,,,,,,,UNASSIGNED_REGION
province:3712,turkey__konya,3712,Konya,,,40226.541,,,,,,,,UNASSIGNED_REGION
province:1391,uzbekistan__bukhoro,1391,Bukhoro,,,40206.682,,,,,,,,UNASSIGNED_REGION
province:1009,ivory_coast__savanes,1009,Savanes,,,40047.888,,,,,,,,UNASSIGNED_REGION
province:3854,iran__markazi,3854,Markazi,,,39788.312,,,,,,,,UNASSIGNED_REGION
province:66,republic_of_the_congo__plateaux,66,Plateaux,,,39768.885,,,,,,,,UNASSIGNED_REGION
province:1003,ghana__brong_ahafo,1003,Brong Ahafo,,,39752.713,,,,,,,,UNASSIGNED_REGION
province:445,senegal__tambacounda,445,Tambacounda,,,39724.373,,,,,,,,UNASSIGNED_REGION
province:1850,angola__benguela,1850,Benguela,,,39702.919,,,,,,,,UNASSIGNED_REGION
province:279,tunisia__tataouine,279,Tataouine,,,39637.696,,,,,,,,UNASSIGNED_REGION
province:3790,russia__ryazan,3790,Ryazan',,,39502.75,,,,,,,,UNASSIGNED_REGION
province:1451,yemen__al_jawf,1451,Al Jawf,,,38734.548,,,,,,,,UNASSIGNED_REGION
province:1279,chile__los_lagos,1279,Los Lagos,,,38732.978,,,,,,,,UNASSIGNED_REGION
province:261,brazil__par_5,261,Pará,,,38674.741,,,,,,,,UNASSIGNED_REGION
province:3757,united_republic_of_tanzania__iringa,3757,Iringa,,,38592.813,,,,,,,,UNASSIGNED_REGION
province:1498,united_republic_of_tanzania__arusha,1498,Arusha,,,38531.227,,,,,,,,UNASSIGNED_REGION
province:3829,namibia__oshikoto,3829,Oshikoto,,,38507.703,,,,,,,,UNASSIGNED_REGION
province:1700,sudan__white_nile,1700,White Nile,,,38474.589,,,,,,,,UNASSIGNED_REGION
province:2295,mexico__yucat_n,2295,Yucatán,,,38430.064,,,,,,,,UNASSIGNED_REGION
province:3377,s_sudan__lakes,3377,Lakes,,,38280.272,,,,,,,,UNASSIGNED_REGION
province:2211,yemen__shabwah,2211,Shabwah,,,38186.976,,,,,,,,UNASSIGNED_REGION
province:960,gabon__wouleu_ntem,960,Wouleu-Ntem,,,37958.968,,,,,,,,UNASSIGNED_REGION
province:1710,s_sudan__northern_bahr_el_ghazal,1710,Northern Bahr el Ghazal,,,37893.106,,,,,,,,UNASSIGNED_REGION
province:1888,indonesia__jawa_barat,1888,Jawa Barat,,,37890.325,,,,,,,,UNASSIGNED_REGION
province:2560,india__kerala,2560,Kerala,,,37884.814,,,,,,,,UNASSIGNED_REGION
province:1002,ivory_coast__zanzan,1002,Zanzan,,,37824.024,,,,,,,,UNASSIGNED_REGION
province:1439,iraq__ninawa,1439,Ninawa,,,37794.32,,,,,,,,UNASSIGNED_REGION
province:1359,venezuela__zulia,1359,Zulia,,,37603.124,,,,,,,,UNASSIGNED_REGION
province:3550,egypt__al_jizah,3550,Al Jizah,,,37493.078,,,,,,,,UNASSIGNED_REGION
province:966,gabon__ngouni,966,Ngounié,,,37425.496,,,,,,,,UNASSIGNED_REGION
province:1267,chile__coquimbo,1267,Coquimbo,,,37412.224,,,,,,,,UNASSIGNED_REGION
province:951,chad__sila,951,Sila,,,37363.928,,,,,,,,UNASSIGNED_REGION
province:349,sudan__central_darfur,349,Central Darfur,,,37353.887,,,,,,,,UNASSIGNED_REGION
province:3781,russia__ul_yanovsk,3781,Ul'yanovsk,,,37209.103,,,,,,,,UNASSIGNED_REGION
province:578,myanmar__chin,578,Chin,,,37202.708,,,,,,,,UNASSIGNED_REGION
province:3603,botswana__kweneng,3603,Kweneng,,,37180.962,,,,,,,,UNASSIGNED_REGION
province:386,iran__west_azarbaijan,386,West Azarbaijan,,,37176.765,,,,,,,,UNASSIGNED_REGION
province:1377,papua_new_guinea__sandaun,1377,Sandaun,,,37111.155,,,,,,,,UNASSIGNED_REGION
province:1886,indonesia__jawa_tengah,1886,Jawa Tengah,,,36990.282,,,,,,,,UNASSIGNED_REGION
province:3289,venezuela__barinas,3289,Barinas,,,36837.525,,,,,,,,UNASSIGNED_REGION
province:2106,angola__bengo,2106,Bengo,,,36782.1,,,,,,,,UNASSIGNED_REGION
province:3904,myanmar__mandalay,3904,Mandalay,,,36737.695,,,,,,,,UNASSIGNED_REGION
province:420,finland__northern_ostrobothnia,420,Northern Ostrobothnia,,,36671.976,,,,,,,,UNASSIGNED_REGION
province:643,bolivia__tarija,643,Tarija,,,36646.749,,,,,,,,UNASSIGNED_REGION
province:3828,namibia__khomas,3828,Khomas,,,36611.538,,,,,,,,UNASSIGNED_REGION
province:3472,peru__hu_nuco,3472,Huánuco,,,36438.493,,,,,,,,UNASSIGNED_REGION
province:335,sierra_leone__northern,335,Northern,,,36379.725,,,,,,,,UNASSIGNED_REGION
province:1998,indonesia__kalimantan_selatan,1998,Kalimantan Selatan,,,36329.389,,,,,,,,UNASSIGNED_REGION
province:49,guyana__mahaica_berbice,49,Mahaica-Berbice,,,36303.659,,,,,,,,UNASSIGNED_REGION
province:1536,angola__zaire,1536,Zaire,,,36294.01,,,,,,,,UNASSIGNED_REGION
province:2506,myanmar__bago,2506,Bago,,,36281.468,,,,,,,,UNASSIGNED_REGION
province:449,nigeria__kebbi,449,Kebbi,,,36263.515,,,,,,,,UNASSIGNED_REGION
province:947,sudan__sennar,947,Sennar,,,36170.045,,,,,,,,UNASSIGNED_REGION
province:670,germany__baden_w_rttemberg,670,Baden-Württemberg,,,36110.561,,,,,,,,UNASSIGNED_REGION
province:3664,afghanistan__ghor,3664,Ghor,,,36041.958,,,,,,,,UNASSIGNED_REGION
province:1197,guatemala__pet_n,1197,Petén,,,36039.558,,,,,,,,UNASSIGNED_REGION
province:3788,russia__yaroslavl,3788,Yaroslavl',,,35962.778,,,,,,,,UNASSIGNED_REGION
province:2516,malaysia__pahang,2516,Pahang,,,35888.862,,,,,,,,UNASSIGNED_REGION
province:1969,peru__ncash,1969,Áncash,,,35862.066,,,,,,,,UNASSIGNED_REGION
province:866,myanmar__tanintharyi_2,866,Tanintharyi,,,35852.4,,,,,,,,UNASSIGNED_REGION
province:1519,mauritania__assaba,1519,Assaba,,,35826.667,,,,,,,,UNASSIGNED_REGION
province:1984,indonesia__sumatera_barat,1984,Sumatera Barat,,,35701.285,,,,,,,,UNASSIGNED_REGION
province:453,nigeria__kwara,453,Kwara,,,35659.426,,,,,,,,UNASSIGNED_REGION
province:1702,s_sudan__unity,1702,Unity,,,35549.232,,,,,,,,UNASSIGNED_REGION
province:2765,russia__arkhangel_sk_7,2765,Arkhangel'sk,,,35500.045,,,,,,,,UNASSIGNED_REGION
province:1968,peru__lima,1968,Lima,,,35268.544,,,,,,,,UNASSIGNED_REGION
province:764,russia__bryansk,764,Bryansk,,,35230.556,,,,,,,,UNASSIGNED_REGION
province:3651,algeria__djelfa,3651,Djelfa,,,35108.067,,,,,,,,UNASSIGNED_REGION
province:1527,namibia__omusati,1527,Omusati,,,35096.822,,,,,,,,UNASSIGNED_REGION
province:3807,poland__masovian,3807,Masovian,,,35026.276,,,,,,,,UNASSIGNED_REGION
province:970,cameroon__extr_me_nord,970,Extrême-Nord,,,34741.044,,,,,,,,UNASSIGNED_REGION
province:1534,zimbabwe__manicaland,1534,Manicaland,,,34738.551,,,,,,,,UNASSIGNED_REGION
province:3378,s_sudan__warrap,3378,Warrap,,,34613.338,,,,,,,,UNASSIGNED_REGION
province:401,germany__nordrhein_westfalen,401,Nordrhein-Westfalen,,,34516.528,,,,,,,,UNASSIGNED_REGION
province:34,somalia__hiiraan,34,Hiiraan,,,34479.452,,,,,,,,UNASSIGNED_REGION
province:3778,russia__tambov,3778,Tambov,,,34466.36,,,,,,,,UNASSIGNED_REGION
province:1937,papua_new_guinea__gulf,1937,Gulf,,,34429.525,,,,,,,,UNASSIGNED_REGION
province:986,nigeria__zamfara,986,Zamfara,,,34360.858,,,,,,,,UNASSIGNED_REGION
province:1251,peru__cajamarca,1251,Cajamarca,,,34149.066,,,,,,,,UNASSIGNED_REGION
province:2180,china__hainan,2180,Hainan,,,33870.353,,,,,,,,UNASSIGNED_REGION
province:300,kyrgyzstan__jalal_abad,300,Jalal-Abad,,,33842.025,,,,,,,,UNASSIGNED_REGION
province:1275,chile__la_araucan_a,1275,La Araucanía,,,33823.304,,,,,,,,UNASSIGNED_REGION
province:1610,eritrea__debub,1610,Debub,,,33786.013,,,,,,,,UNASSIGNED_REGION
province:964,gabon__haut_ogoou,964,Haut-Ogooué,,,33760.509,,,,,,,,UNASSIGNED_REGION
province:1614,eritrea__gash_barka,1614,Gash Barka,,,33622.399,,,,,,,,UNASSIGNED_REGION
province:1232,venezuela__delta_amacuro_3,1232,Delta Amacuro,,,33600.025,,,,,,,,UNASSIGNED_REGION
province:975,nigeria__adamawa,975,Adamawa,,,33577.408,,,,,,,,UNASSIGNED_REGION
province:1532,zimbabwe__mashonaland_east,1532,Mashonaland East,,,33483.92,,,,,,,,UNASSIGNED_REGION
province:1927,papua_new_guinea__morobe,1927,Morobe,,,33479.462,,,,,,,,UNASSIGNED_REGION
province:2449,canada__nunavut_55,2449,Nunavut,,,33401.473,,,,,,,,UNASSIGNED_REGION
province:570,myanmar__rakhine,570,Rakhine,,,33356.339,,,,,,,,UNASSIGNED_REGION
province:750,ukraine__odessa_2,750,Odessa,,,33191.718,,,,,,,,UNASSIGNED_REGION
province:1511,mauritania__brakna,1511,Brakna,,,33186.796,,,,,,,,UNASSIGNED_REGION
province:3627,angola__huambo,3627,Huambo,,,33083.948,,,,,,,,UNASSIGNED_REGION
province:2764,russia__arkhangel_sk_6,2764,Arkhangel'sk,,,33069.604,,,,,,,,UNASSIGNED_REGION
province:1981,indonesia__lampung,1981,Lampung,,,32912.11,,,,,,,,UNASSIGNED_REGION
province:3247,new_zealand__otago,3247,Otago,,,32897.12,,,,,,,,UNASSIGNED_REGION
province:79,belarus__brest,79,Brest,,,32893.26,,,,,,,,UNASSIGNED_REGION
province:1435,jordan__ma_an,1435,Ma`an,,,32865.75,,,,,,,,UNASSIGNED_REGION
province:1858,united_republic_of_tanzania__pwani,1858,Pwani,,,32776.076,,,,,,,,UNASSIGNED_REGION
province:2504,myanmar__ayeyarwady_3,2504,Ayeyarwady,,,32729.073,,,,,,,,UNASSIGNED_REGION
province:2269,united_states_of_america__maryland_3,2269,Maryland,,,32527.022,,,,,,,,UNASSIGNED_REGION
province:627,nicaragua__atl_ntico_norte,627,Atlántico Norte,,,32391.712,,,,,,,,UNASSIGNED_REGION
province:2129,morocco__marrakech_tensift_al_haouz,2129,Marrakech - Tensift - Al Haouz,,,32088.945,,,,,,,,UNASSIGNED_REGION
province:932,central_african_republic__ombella_m_poko,932,Ombella-M'Poko,,,31866.119,,,,,,,,UNASSIGNED_REGION
province:958,central_african_republic__ouham_pend,958,Ouham-Pendé,,,31819.337,,,,,,,,UNASSIGNED_REGION
province:1128,canada__british_columbia_51,1128,British Columbia,,,31776.64,,,,,,,,UNASSIGNED_REGION
province:76,ukraine__chernihiv,76,Chernihiv,,,31770.079,,,,,,,,UNASSIGNED_REGION
province:3295,ukraine__dnipropetrovs_k,3295,Dnipropetrovs'k,,,31713.433,,,,,,,,UNASSIGNED_REGION
province:3823,oman__ad_dakhliyah,3823,Ad Dakhliyah,,,31482.537,,,,,,,,UNASSIGNED_REGION
province:980,nigeria__benue,980,Benue,,,31471.499,,,,,,,,UNASSIGNED_REGION
province:145,norway__nordland_3,145,Nordland,,,31443.85,,,,,,,,UNASSIGNED_REGION
province:984,niger__dosso,984,Dosso,,,31440.38,,,,,,,,UNASSIGNED_REGION
province:768,ukraine__kharkiv,768,Kharkiv,,,31368.061,,,,,,,,UNASSIGNED_REGION
province:982,nigeria__sokoto,982,Sokoto,,,31337.632,,,,,,,,UNASSIGNED_REGION
province:1574,zambia__copperbelt,1574,Copperbelt,,,31149.845,,,,,,,,UNASSIGNED_REGION
province:1484,chad__ouadda,1484,Ouaddaï,,,31020.692,,,,,,,,UNASSIGNED_REGION
province:708,germany__brandenburg,708,Brandenburg,,,30882.46,,,,,,,,UNASSIGNED_REGION
province:638,colombia__nari_o,638,Nariño,,,30744.695,,,,,,,,UNASSIGNED_REGION
province:1712,algeria__na_ma,1712,Naâma,,,30721.168,,,,,,,,UNASSIGNED_REGION
province:3575,colombia__santander,3575,Santander,,,30698.607,,,,,,,,UNASSIGNED_REGION
province:3492,madagascar__betsiboka,3492,Betsiboka,,,30634.292,,,,,,,,UNASSIGNED_REGION
province:1962,colombia__cauca,1962,Cauca,,,30529.283,,,,,,,,UNASSIGNED_REGION
province:1831,madagascar__anosy,1831,Anosy,,,30502.491,,,,,,,,UNASSIGNED_REGION
province:1062,bangladesh__dhaka_3,1062,Dhaka,,,30458.997,,,,,,,,UNASSIGNED_REGION
province:3838,mexico__guanajuato,3838,Guanajuato,,,30410.509,,,,,,,,UNASSIGNED_REGION
province:969,chad__hadjer_lamis,969,Hadjer-Lamis,,,30327.091,,,,,,,,UNASSIGNED_REGION
province:1823,madagascar__boeny,1823,Boeny,,,30276.608,,,,,,,,UNASSIGNED_REGION
province:168,sweden__dalarna,168,Dalarna,,,30223.328,,,,,,,,UNASSIGNED_REGION
province:1515,senegal__matam,1515,Matam,,,30121.408,,,,,,,,UNASSIGNED_REGION
province:1561,central_african_republic__mamb_r_kad,1561,Mambéré-Kadéï,,,30089.138,,,,,,,,UNASSIGNED_REGION
province:766,russia__kursk,766,Kursk,,,30077.612,,,,,,,,UNASSIGNED_REGION
province:934,united_republic_of_tanzania__kagera,934,Kagera,,,29938.432,,,,,,,,UNASSIGNED_REGION
province:81,ukraine__zhytomyr,81,Zhytomyr,,,29745.151,,,,,,,,UNASSIGNED_REGION
province:31,somalia__nugaal,31,Nugaal,,,29744.222,,,,,,,,UNASSIGNED_REGION
province:830,iran__kordestan,830,Kordestan,,,29652.708,,,,,,,,UNASSIGNED_REGION
province:1936,papua_new_guinea__central,1936,Central,,,29583.687,,,,,,,,UNASSIGNED_REGION
province:3810,poland__greater_poland,3810,Greater Poland,,,29571.41,,,,,,,,UNASSIGNED_REGION
province:3789,russia__vladimir,3789,Vladimir,,,29480.951,,,,,,,,UNASSIGNED_REGION
province:648,argentina__misiones,648,Misiones,,,29388.556,,,,,,,,UNASSIGNED_REGION
province:3786,russia__kaluga,3786,Kaluga,,,29369.853,,,,,,,,UNASSIGNED_REGION
province:859,myanmar__kayin,859,Kayin,,,29358.375,,,,,,,,UNASSIGNED_REGION
province:1433,iraq__an_najaf,1433,An-Najaf,,,29282.182,,,,,,,,UNASSIGNED_REGION
province:1247,ecuador__pastaza,1247,Pastaza,,,29131.478,,,,,,,,UNASSIGNED_REGION
province:807,uzbekistan__kashkadarya,807,Kashkadarya,,,29122.071,,,,,,,,UNASSIGNED_REGION
province:3860,iran__lorestan,3860,Lorestan,,,29070.306,,,,,,,,UNASSIGNED_REGION
province:3745,nigeria__kogi,3745,Kogi,,,28985.288,,,,,,,,UNASSIGNED_REGION
province:173,sweden__v_stra_g_taland_2,173,Västra Götaland,,,28976.2,,,,,,,,UNASSIGNED_REGION
province:245,kyrgyzstan__osh,245,Osh,,,28965.64,,,,,,,,UNASSIGNED_REGION
province:431,oman__al_dhahira,431,Al Dhahira,,,28960.728,,,,,,,,UNASSIGNED_REGION
province:965,gabon__ogoou_lolo,965,Ogooué-Lolo,,,28926.813,,,,,,,,UNASSIGNED_REGION
province:1271,chile__maule,1271,Maule,,,28909.422,,,,,,,,UNASSIGNED_REGION
province:921,botswana__southern,921,Southern,,,28893.949,,,,,,,,UNASSIGNED_REGION
province:2203,egypt__janub_sina,2203,Janub Sina',,,28854.272,,,,,,,,UNASSIGNED_REGION
province:68,republic_of_the_congo__pool,68,Pool,,,28851.587,,,,,,,,UNASSIGNED_REGION
province:763,belarus__mogilev,763,Mogilev,,,28718.695,,,,,,,,UNASSIGNED_REGION
province:321,tajikistan__tadzhikistan_territories,321,Tadzhikistan Territories,,,28701.222,,,,,,,,UNASSIGNED_REGION
province:82,ukraine__kiev,82,Kiev,,,28619.665,,,,,,,,UNASSIGNED_REGION
province:1924,papua_new_guinea__madang,1924,Madang,,,28612.839,,,,,,,,UNASSIGNED_REGION
province:1497,united_republic_of_tanzania__mara,1497,Mara,,,28591.576,,,,,,,,UNASSIGNED_REGION
province:3241,new_zealand__southland_2,3241,Southland,,,28524.617,,,,,,,,UNASSIGNED_REGION
province:3292,ukraine__poltava,3292,Poltava,,,28345.231,,,,,,,,UNASSIGNED_REGION
province:3512,ivory_coast__vall_e_du_bandama,3512,Vallée du Bandama,,,28320.343,,,,,,,,UNASSIGNED_REGION
province:576,bangladesh__chittagong_3,576,Chittagong,,,28191.639,,,,,,,,UNASSIGNED_REGION
province:366,united_republic_of_tanzania__rukwa,366,Rukwa,,,28176.437,,,,,,,,UNASSIGNED_REGION
province:2076,venezuela__falc_n,2076,Falcón,,,28168.611,,,,,,,,UNASSIGNED_REGION
province:72,republic_of_the_congo__niari,72,Niari,,,28127.368,,,,,,,,UNASSIGNED_REGION
province:3358,turkey__sivas,3358,Sivas,,,28108.114,,,,,,,,UNASSIGNED_REGION
province:1500,united_republic_of_tanzania__tanga,1500,Tanga,,,27915.921,,,,,,,,UNASSIGNED_REGION
province:2084,venezuela__monagas,2084,Monagas,,,27795.631,,,,,,,,UNASSIGNED_REGION
province:767,russia__belgorod,767,Belgorod,,,27773.492,,,,,,,,UNASSIGNED_REGION
province:926,zimbabwe__mashonaland_central,926,Mashonaland Central,,,27705.379,,,,,,,,UNASSIGNED_REGION
province:3496,madagascar__alaotra_mangoro,3496,Alaotra-Mangoro,,,27669.641,,,,,,,,UNASSIGNED_REGION
province:3741,nigeria__plateau,3741,Plateau,,,27550.39,,,,,,,,UNASSIGNED_REGION
province:457,nigeria__oyo,457,Oyo,,,27488.519,,,,,,,,UNASSIGNED_REGION
province:167,norway__hedmark,167,Hedmark,,,27479.858,,,,,,,,UNASSIGNED_REGION
province:1428,egypt__shamal_sina,1428,Shamal Sina',,,27241.497,,,,,,,,UNASSIGNED_REGION
province:1560,central_african_republic__nana_mamb_r,1560,Nana-Mambéré,,,27220.788,,,,,,,,UNASSIGNED_REGION
province:2586,ukraine__zaporizhzhya,2586,Zaporizhzhya,,,27153.936,,,,,,,,UNASSIGNED_REGION
province:1723,russia__crimea,1723,Crimea,,,27150.445,,,,,,,,UNASSIGNED_REGION
province:3640,algeria__laghouat,3640,Laghouat,,,27095.88,,,,,,,,UNASSIGNED_REGION
province:1425,jordan__mafraq,1425,Mafraq,,,27043.173,,,,,,,,UNASSIGNED_REGION
province:2181,mexico__nayarit,2181,Nayarit,,,26931.45,,,,,,,,UNASSIGNED_REGION
province:3758,united_republic_of_tanzania__mwanza,3758,Mwanza,,,26823.939,,,,,,,,UNASSIGNED_REGION
province:2629,iceland__su_urland,2629,Suðurland,,,26783.862,,,,,,,,UNASSIGNED_REGION
province:1440,syria__dayr_az_zawr,1440,Dayr Az Zawr,,,26714.31,,,,,,,,UNASSIGNED_REGION
province:752,ukraine__vinnytsya,752,Vinnytsya,,,26655.956,,,,,,,,UNASSIGNED_REGION
province:450,benin__alibori,450,Alibori,,,26646.055,,,,,,,,UNASSIGNED_REGION
province:772,ukraine__donets_k,772,Donets'k,,,26585.94,,,,,,,,UNASSIGNED_REGION
province:1322,chile__magallanes_y_ant_rtica_chilena_6,1322,Magallanes y Antártica Chilena,,,26513.048,,,,,,,,UNASSIGNED_REGION
province:2070,colombia__bol_var,2070,Bolívar,,,26411.499,,,,,,,,UNASSIGNED_REGION
province:769,ukraine__luhans_k,769,Luhans'k,,,26276.508,,,,,,,,UNASSIGNED_REGION
province:1029,ivory_coast__bas_sassandra,1029,Bas-Sassandra,,,26165.161,,,,,,,,UNASSIGNED_REGION
province:3742,nigeria__nassarawa,3742,Nassarawa,,,26144.27,,,,,,,,UNASSIGNED_REGION
province:1724,ukraine__kherson,1724,Kherson,,,26076.322,,,,,,,,UNASSIGNED_REGION
province:35,somalia__bakool,35,Bakool,,,26014.671,,,,,,,,UNASSIGNED_REGION
province:3785,russia__mordovia,3785,Mordovia,,,25935.892,,,,,,,,UNASSIGNED_REGION
province:2201,somalia__shabeellaha_hoose,2201,Shabeellaha Hoose,,,25713.046,,,,,,,,UNASSIGNED_REGION
province:98,tajikistan__leninabad_2,98,Leninabad,,,25669.749,,,,,,,,UNASSIGNED_REGION
province:2289,nicaragua__atl_ntico_sur_2,2289,Atlántico Sur,,,25659.893,,,,,,,,UNASSIGNED_REGION
province:3311,turkey__ankara,3311,Ankara,,,25641.14,,,,,,,,UNASSIGNED_REGION
province:3475,paraguay__san_pedro,3475,San Pedro,,,25595.767,,,,,,,,UNASSIGNED_REGION
province:452,benin__borgou,452,Borgou,,,25583.973,,,,,,,,UNASSIGNED_REGION
province:3793,russia__tula,3793,Tula,,,25494.901,,,,,,,,UNASSIGNED_REGION
province:1890,indonesia__sulawesi_tenggara,1890,Sulawesi Tenggara,,,25479.348,,,,,,,,UNASSIGNED_REGION
province:1777,iraq__sala_ad_din,1777,Sala ad-Din,,,25450.593,,,,,,,,UNASSIGNED_REGION
province:963,republic_of_the_congo__cuvette_ouest,963,Cuvette-Ouest,,,25424.019,,,,,,,,UNASSIGNED_REGION
province:642,colombia__putumayo,642,Putumayo,,,25368.301,,,,,,,,UNASSIGNED_REGION
province:3305,papua_new_guinea__southern_highlands,3305,Southern Highlands,,,25302.136,,,,,,,,UNASSIGNED_REGION
province:2134,senegal__louga,2134,Louga,,,25192.371,,,,,,,,UNASSIGNED_REGION
province:102,belarus__grodno,102,Grodno,,,25162.918,,,,,,,,UNASSIGNED_REGION
province:2068,colombia__c_rdoba,2068,Córdoba,,,25155.229,,,,,,,,UNASSIGNED_REGION
province:1392,iran__north_khorasan,1392,North Khorasan,,,25118.151,,,,,,,,UNASSIGNED_REGION
province:1005,ghana__western,1005,Western,,,25092.595,,,,,,,,UNASSIGNED_REGION
province:3375,sudan__gezira,3375,Gezira,,,25077.475,,,,,,,,UNASSIGNED_REGION
province:3540,ghana__ashanti,3540,Ashanti,,,24868.734,,,,,,,,UNASSIGNED_REGION
province:3420,norway__oppland,3420,Oppland,,,24852.811,,,,,,,,UNASSIGNED_REGION
province:979,cameroon__sud_ouest,979,Sud-Ouest,,,24836.171,,,,,,,,UNASSIGNED_REGION
province:2406,canada__nunavut_12,2406,Nunavut,,,24734.648,,,,,,,,UNASSIGNED_REGION
province:3783,russia__orel,3783,Orel,,,24731.787,,,,,,,,UNASSIGNED_REGION
province:3011,iran__mazandaran,3011,Mazandaran,,,24722.699,,,,,,,,UNASSIGNED_REGION
province:1159,united_states_of_america__vermont,1159,Vermont,,,24680.295,,,,,,,,UNASSIGNED_REGION
province:758,poland__lublin,758,Lublin,,,24662.711,,,,,,,,UNASSIGNED_REGION
province:392,poland__warmian_masurian,392,Warmian-Masurian,,,24652.053,,,,,,,,UNASSIGNED_REGION
province:4018,madagascar__ihorombe,4018,Ihorombe,,,24506.486,,,,,,,,UNASSIGNED_REGION
province:3759,united_republic_of_tanzania__simiyu,3759,Simiyu,,,24490.738,,,,,,,,UNASSIGNED_REGION
province:3297,ukraine__kirovohrad,3297,Kirovohrad,,,24488.723,,,,,,,,UNASSIGNED_REGION
province:421,finland__kainuu,421,Kainuu,,,24470.376,,,,,,,,UNASSIGNED_REGION
province:1970,peru__la_libertad,1970,La Libertad,,,24355.414,,,,,,,,UNASSIGNED_REGION
province:3777,russia__lipetsk,3777,Lipetsk,,,24316.688,,,,,,,,UNASSIGNED_REGION
province:3577,colombia__cundinamarca,3577,Cundinamarca,,,24283.973,,,,,,,,UNASSIGNED_REGION
province:1160,united_states_of_america__new_hampshire,1160,New Hampshire,,,24258.651,,,,,,,,UNASSIGNED_REGION
province:160,norway__nord_tr_ndelag,160,Nord-Trøndelag,,,24241.861,,,,,,,,UNASSIGNED_REGION
province:3250,new_zealand__waikato,3250,Waikato,,,24202.232,,,,,,,,UNASSIGNED_REGION
province:1276,chile__b_o_b_o,1276,Bío-Bío,,,24201.457,,,,,,,,UNASSIGNED_REGION
province:809,tajikistan__khatlon,809,Khatlon,,,24123.285,,,,,,,,UNASSIGNED_REGION
province:990,nigeria__jigawa,990,Jigawa,,,24080.364,,,,,,,,UNASSIGNED_REGION
province:1203,mexico__tabasco,1203,Tabasco,,,24069.886,,,,,,,,UNASSIGNED_REGION
province:561,mozambique__maputo,561,Maputo,,,24061.203,,,,,,,,UNASSIGNED_REGION
province:3576,colombia__tolima,3576,Tolima,,,23984.028,,,,,,,,UNASSIGNED_REGION
province:1826,madagascar__sava,1826,Sava,,,23928.488,,,,,,,,UNASSIGNED_REGION
province:628,honduras__olancho,628,Olancho,,,23901.127,,,,,,,,UNASSIGNED_REGION
province:989,nigeria__katsina,989,Katsina,,,23895.569,,,,,,,,UNASSIGNED_REGION
province:3731,turkey__erzurum,3731,Erzurum,,,23774.448,,,,,,,,UNASSIGNED_REGION
province:3760,united_republic_of_tanzania__geita,3760,Geita,,,23748.553,,,,,,,,UNASSIGNED_REGION
province:3473,peru__pasco,3473,Pasco,,,23742.939,,,,,,,,UNASSIGNED_REGION
province:1366,colombia__arauca,1366,Arauca,,,23739.546,,,,,,,,UNASSIGNED_REGION
province:2326,iran__bushehr,2326,Bushehr,,,23704.647,,,,,,,,UNASSIGNED_REGION
province:3625,angola__cuanza_norte,3625,Cuanza Norte,,,23691.727,,,,,,,,UNASSIGNED_REGION
province:709,poland__west_pomeranian,709,West Pomeranian,,,23642.114,,,,,,,,UNASSIGNED_REGION
province:3791,russia__ivanovo,3791,Ivanovo,,,23637.535,,,,,,,,UNASSIGNED_REGION
province:890,laos__vientiane,890,Vientiane,,,23590.112,,,,,,,,UNASSIGNED_REGION
province:831,iran__kermanshah,831,Kermanshah,,,23466.607,,,,,,,,UNASSIGNED_REGION
province:1248,ecuador__morona_santiago,1248,Morona Santiago,,,23445.456,,,,,,,,UNASSIGNED_REGION
province:765,ukraine__sumy,765,Sumy,,,23420.984,,,,,,,,UNASSIGNED_REGION
province:3800,russia__mariy_el,3800,Mariy-El,,,23383.848,,,,,,,,UNASSIGNED_REGION
province:2587,ukraine__mykolayiv,2587,Mykolayiv,,,23380.038,,,,,,,,UNASSIGNED_REGION
province:3834,mexico__m_xico,3834,México,,,23186.507,,,,,,,,UNASSIGNED_REGION
province:1059,india__meghalaya,1059,Meghalaya,,,23081.339,,,,,,,,UNASSIGNED_REGION
province:2073,colombia__magdalena,2073,Magdalena,,,23002.235,,,,,,,,UNASSIGNED_REGION
province:1929,papua_new_guinea__northern,1929,Northern,,,22989.659,,,,,,,,UNASSIGNED_REGION
province:957,chad__logone_oriental,957,Logone Oriental,,,22956.432,,,,,,,,UNASSIGNED_REGION
province:1367,colombia__boyac,1367,Boyacá,,,22906.795,,,,,,,,UNASSIGNED_REGION
province:2696,sweden__v_sternorrland_2,2696,Västernorrland,,,22819.629,,,,,,,,UNASSIGNED_REGION
province:857,thailand__chiang_mai,857,Chiang Mai,,,22767.8,,,,,,,,UNASSIGNED_REGION
province:2674,russia__sakha_yakutia_16,2674,Sakha (Yakutia),,,22749.749,,,,,,,,UNASSIGNED_REGION
province:1974,colombia__valle_del_cauca,1974,Valle del Cauca,,,22736.018,,,,,,,,UNASSIGNED_REGION
province:202,germany__rheinland_pfalz,202,Rheinland-Pfalz,,,22709.004,,,,,,,,UNASSIGNED_REGION
province:2653,canada__northwest_territories_9,2653,Northwest Territories,,,22623.615,,,,,,,,UNASSIGNED_REGION
province:1472,tunisia__kebili,1472,Kebili,,,22553.005,,,,,,,,UNASSIGNED_REGION
province:3514,ivory_coast__worodougou,3514,Worodougou,,,22551.25,,,,,,,,UNASSIGNED_REGION
province:3541,ghana__eastern,3541,Eastern,,,22415.683,,,,,,,,UNASSIGNED_REGION
province:368,eritrea__debubawi_keyih_bahri,368,Debubawi Keyih Bahri,,,22383.229,,,,,,,,UNASSIGNED_REGION
province:682,bosnia_and_herzegovina__banja_luka,682,Banja Luka,,,22376.448,,,,,,,,UNASSIGNED_REGION
province:3246,new_zealand__west_coast,3246,West Coast,,,22353.858,,,,,,,,UNASSIGNED_REGION
province:1613,eritrea__semenawi_keyih_bahri,1613,Semenawi Keyih Bahri,,,22352.597,,,,,,,,UNASSIGNED_REGION
province:820,syria__hasaka_al_haksa,820,Hasaka (Al Haksa),,,22348.003,,,,,,,,UNASSIGNED_REGION
province:2633,iceland__nor_urland_eystra,2633,Norðurland eystra,,,22306.912,,,,,,,,UNASSIGNED_REGION
province:2124,morocco__taza_al_hoceima_taounate,2124,Taza - Al Hoceima - Taounate,,,22234.984,,,,,,,,UNASSIGNED_REGION
province:169,sweden__v_rmland,169,Värmland,,,22220.73,,,,,,,,UNASSIGNED_REGION
province:3365,iran__zanjan,3365,Zanjan,,,22176.95,,,,,,,,UNASSIGNED_REGION
province:1828,madagascar__atsinanana,1828,Atsinanana,,,22164.048,,,,,,,,UNASSIGNED_REGION
province:3252,new_zealand__manawatu_wanganui,3252,Manawatu-Wanganui,,,22162.656,,,,,,,,UNASSIGNED_REGION
province:3470,peru__huancavelica,3470,Huancavelica,,,22116.779,,,,,,,,UNASSIGNED_REGION
province:1362,colombia__cesar,1362,Cesar,,,22100.965,,,,,,,,UNASSIGNED_REGION
province:3654,afghanistan__ghazni,3654,Ghazni,,,22038.393,,,,,,,,UNASSIGNED_REGION
province:676,spain__badajoz,676,Badajoz,region:iberia:extremadura,macroregion:iberia,22025.051,P4,4200,5,,,,5,OK
province:1827,madagascar__analanjirofo,1827,Analanjirofo,,,21983.247,,,,,,,,UNASSIGNED_REGION
province:40,united_republic_of_tanzania__njombe,40,Njombe,,,21960.639,,,,,,,,UNASSIGNED_REGION
province:1363,colombia__norte_de_santander,1363,Norte de Santander,,,21912.917,,,,,,,,UNASSIGNED_REGION
province:759,ukraine__l_viv,759,L'viv,,,21850.687,,,,,,,,UNASSIGNED_REGION
province:710,germany__mecklenburg_vorpommern,710,Mecklenburg-Vorpommern,,,21846.314,,,,,,,,UNASSIGNED_REGION
province:924,zambia__lusaka,924,Lusaka,,,21776.175,,,,,,,,UNASSIGNED_REGION
province:1066,bangladesh__khulna_2,1066,Khulna,,,21757.599,,,,,,,,UNASSIGNED_REGION
province:853,india__manipur,853,Manipur,,,21684.102,,,,,,,,UNASSIGNED_REGION
province:4019,madagascar__haute_matsiatra,4019,Haute Matsiatra,,,21446.1,,,,,,,,UNASSIGNED_REGION
province:2628,iceland__austurland,2628,Austurland,,,21401.096,,,,,,,,UNASSIGNED_REGION
province:1829,madagascar__vatovavy_fitovinany,1829,Vatovavy-Fitovinany,,,21391.899,,,,,,,,UNASSIGNED_REGION
province:805,uzbekistan__jizzakh,805,Jizzakh,,,21385.876,,,,,,,,UNASSIGNED_REGION
province:422,finland__north_karelia,422,North Karelia,,,21368.472,,,,,,,,UNASSIGNED_REGION
province:3837,mexico__hidalgo,3837,Hidalgo,,,21329.501,,,,,,,,UNASSIGNED_REGION
province:2104,gabon__ogoou_maritime,2104,Ogooué-Maritime,,,21300.984,,,,,,,,UNASSIGNED_REGION
province:3296,ukraine__cherkasy,3296,Cherkasy,,,21279.819,,,,,,,,UNASSIGNED_REGION
province:854,india__mizoram,854,Mizoram,,,21270.302,,,,,,,,UNASSIGNED_REGION
province:404,ivory_coast__dengu_l,404,Denguélé,,,21258.39,,,,,,,,UNASSIGNED_REGION
province:2755,turkey__antalya,2755,Antalya,,,21232.799,,,,,,,,UNASSIGNED_REGION
province:993,benin__atakora,993,Atakora,,,21224.972,,,,,,,,UNASSIGNED_REGION
province:1246,ecuador__orellana,1246,Orellana,,,21210.688,,,,,,,,UNASSIGNED_REGION
province:840,nepal__karnali,840,Karnali,,,21163.772,,,,,,,,UNASSIGNED_REGION
province:886,laos__savannakh_t,886,Savannakhét,,,21108.916,,,,,,,,UNASSIGNED_REGION
province:391,poland__podlachian,391,Podlachian,,,21072.144,,,,,,,,UNASSIGNED_REGION
province:3542,germany__hessen,3542,Hessen,,,20985.023,,,,,,,,UNASSIGNED_REGION
province:981,nigeria__cross_river,981,Cross River,,,20983.28,,,,,,,,UNASSIGNED_REGION
province:1967,peru__ica,1967,Ica,,,20893.621,,,,,,,,UNASSIGNED_REGION
province:967,republic_of_the_congo__l_koumou,967,Lékoumou,,,20867.492,,,,,,,,UNASSIGNED_REGION
province:2286,united_states_of_america__massachusetts_3,2286,Massachusetts,,,20859.221,,,,,,,,UNASSIGNED_REGION
province:3469,peru__apur_mac,3469,Apurímac,,,20792.844,,,,,,,,UNASSIGNED_REGION
province:3333,thailand__nakhon_ratchasima,3333,Nakhon Ratchasima,,,20757.838,,,,,,,,UNASSIGNED_REGION
province:3650,algeria__biskra,3650,Biskra,,,20756.954,,,,,,,,UNASSIGNED_REGION
province:1393,iran__golestan,1393,Golestan,,,20750.967,,,,,,,,UNASSIGNED_REGION
province:518,malaysia__perak,518,Perak,,,20728.64,,,,,,,,UNASSIGNED_REGION
province:815,afghanistan__faryab,815,Faryab,,,20712.721,,,,,,,,UNASSIGNED_REGION
province:3544,germany__sachsen_anhalt,3544,Sachsen-Anhalt,,,20618.643,,,,,,,,UNASSIGNED_REGION
province:135,norway__troms_2,135,Troms,,,20598.309,,,,,,,,UNASSIGNED_REGION
province:817,afghanistan__badghis,817,Badghis,,,20584.931,,,,,,,,UNASSIGNED_REGION
province:255,guyana__potaro_siparuni,255,Potaro-Siparuni,,,20550.376,,,,,,,,UNASSIGNED_REGION
province:1982,indonesia__bengkulu,1982,Bengkulu,,,20547.106,,,,,,,,UNASSIGNED_REGION
province:1357,argentina__tierra_del_fuego_2,1357,Tierra del Fuego,,,20542.459,,,,,,,,UNASSIGNED_REGION
province:1361,colombia__la_guajira,1361,La Guajira,,,20514.189,,,,,,,,UNASSIGNED_REGION
province:3155,papua_new_guinea__west_new_britain,3155,West New Britain,,,20505.168,,,,,,,,UNASSIGNED_REGION
province:3859,iran__hamadan,3859,Hamadan,,,20453.655,,,,,,,,UNASSIGNED_REGION
province:832,iraq__diyala,832,Diyala,,,20451.353,,,,,,,,UNASSIGNED_REGION
province:3293,ukraine__khmel_nyts_kyy,3293,Khmel'nyts'kyy,,,20432.039,,,,,,,,UNASSIGNED_REGION
province:528,chad__lac,528,Lac,,,20349.406,,,,,,,,UNASSIGNED_REGION
province:80,ukraine__rivne,80,Rivne,,,20283.583,,,,,,,,UNASSIGNED_REGION
province:3642,algeria__tiaret,3642,Tiaret,,,20262.698,,,,,,,,UNASSIGNED_REGION
province:776,iran__ardebil,776,Ardebil,,,20174.08,,,,,,,,UNASSIGNED_REGION
province:1745,spain__c_ceres,1745,Cáceres,region:iberia:extremadura,macroregion:iberia,20096.543,P4,4200,5,,,,5,OK
province:3761,united_republic_of_tanzania__shinyanga,3761,Shinyanga,,,20079.392,,,,,,,,UNASSIGNED_REGION
province:3826,nigeria__kano,3826,Kano,,,20060.671,,,,,,,,UNASSIGNED_REGION
province:968,gabon__nyanga,968,Nyanga,,,20057.524,,,,,,,,UNASSIGNED_REGION
province:2555,south_korea__north_gyeongsang,2555,North Gyeongsang,,,20045.024,,,,,,,,UNASSIGNED_REGION
province:1000,ghana__volta,1000,Volta,,,19989.241,,,,,,,,UNASSIGNED_REGION
province:1530,namibia__caprivi,1530,Caprivi,,,19985.169,,,,,,,,UNASSIGNED_REGION
province:3873,finland__northern_savonia,3873,Northern Savonia,,,19943.433,,,,,,,,UNASSIGNED_REGION
province:2103,cameroon__littoral,2103,Littoral,,,19937.532,,,,,,,,UNASSIGNED_REGION
province:823,turkey__sanliurfa,823,Sanliurfa,,,19926.453,,,,,,,,UNASSIGNED_REGION
province:861,thailand__kanchanaburi,861,Kanchanaburi,,,19892.852,,,,,,,,UNASSIGNED_REGION
province:78,ukraine__volyn,78,Volyn,,,19828.027,,,,,,,,UNASSIGNED_REGION
province:1229,guyana__barima_waini,1229,Barima-Waini,,,19808.317,,,,,,,,UNASSIGNED_REGION
province:3486,morocco__f_s_boulemane,3486,Fès - Boulemane,,,19802.746,,,,,,,,UNASSIGNED_REGION
province:893,laos__louangphrabang,893,Louangphrabang,,,19780.764,,,,,,,,UNASSIGNED_REGION
province:3739,nigeria__edo,3739,Edo,,,19748.982,,,,,,,,UNASSIGNED_REGION
province:251,kyrgyzstan__chuy,251,Chuy,,,19741.056,,,,,,,,UNASSIGNED_REGION
province:3610,central_african_republic__nana_gr_bizi,3610,Nana-Grébizi,,,19676.889,,,,,,,,UNASSIGNED_REGION
province:315,poland__lower_silesian,315,Lower Silesian,,,19651.666,,,,,,,,UNASSIGNED_REGION
province:590,greece__kentriki_makedonia,590,Kentriki Makedonia,,,19621.422,,,,,,,,UNASSIGNED_REGION
province:2272,united_states_of_america__new_jersey_3,2272,New Jersey,,,19610.99,,,,,,,,UNASSIGNED_REGION
province:1510,gabon__estuaire,1510,Estuaire,,,19602.147,,,,,,,,UNASSIGNED_REGION
province:369,austria__nieder_sterreich,369,Niederösterreich,,,19489.145,,,,,,,,UNASSIGNED_REGION
province:2697,sweden__g_vleborg,2697,Gävleborg,,,19474.564,,,,,,,,UNASSIGNED_REGION
province:4011,spain__ciudad_real,4011,Ciudad Real,region:iberia:la_mancha,macroregion:iberia,19455.553,P4,4300,5,,,,5,OK
province:389,turkey__van,389,Van,,,19443.406,,,,,,,,UNASSIGNED_REGION
province:3509,ivory_coast__n_zi_como,3509,N'zi-Comoé,,,19432.02,,,,,,,,UNASSIGNED_REGION
province:808,uzbekistan__surkhandarya,808,Surkhandarya,,,19400.896,,,,,,,,UNASSIGNED_REGION
province:3875,finland__central_finland,3875,Central Finland,,,19347.749,,,,,,,,UNASSIGNED_REGION
province:345,sierra_leone__southern_2,345,Southern,,,19298.665,,,,,,,,UNASSIGNED_REGION
province:1973,ecuador__manabi,1973,Manabi,,,19244.834,,,,,,,,UNASSIGNED_REGION
province:444,senegal__k_dougou,444,Kédougou,,,19215.254,,,,,,,,UNASSIGNED_REGION
province:3874,finland__southern_savonia,3874,Southern Savonia,,,19161.347,,,,,,,,UNASSIGNED_REGION
province:50,south_korea__gangwon,50,Gangwon,,,19150.772,,,,,,,,UNASSIGNED_REGION
province:2515,malaysia__johor,2515,Johor,,,19091.241,,,,,,,,UNASSIGNED_REGION
province:1825,madagascar__diana,1825,Diana,,,19026.16,,,,,,,,UNASSIGNED_REGION
province:1512,senegal__saint_louis,1512,Saint-Louis,,,19010.915,,,,,,,,UNASSIGNED_REGION
province:3570,colombia__huila,3570,Huila,,,18983.527,,,,,,,,UNASSIGNED_REGION
province:2200,somalia__jubbada_dhexe,2200,Jubbada Dhexe,,,18930.559,,,,,,,,UNASSIGNED_REGION
province:824,syria__aleppo,824,Aleppo,,,18869.384,,,,,,,,UNASSIGNED_REGION
province:1064,bangladesh__rajshahi,1064,Rajshahi,,,18821.308,,,,,,,,UNASSIGNED_REGION
province:3290,venezuela__lara,3290,Lara,,,18815.013,,,,,,,,UNASSIGNED_REGION
province:1406,afghanistan__paktika,1406,Paktika,,,18809.715,,,,,,,,UNASSIGNED_REGION
province:2202,somalia__shabeellaha_dhexe,2202,Shabeellaha Dhexe,,,18767.254,,,,,,,,UNASSIGNED_REGION
province:833,iran__ilam,833,Ilam,,,18764.245,,,,,,,,UNASSIGNED_REGION
province:933,central_african_republic__lobaye,933,Lobaye,,,18698.613,,,,,,,,UNASSIGNED_REGION
province:1369,poland__pomeranian,1369,Pomeranian,,,18659.887,,,,,,,,UNASSIGNED_REGION
province:657,paraguay__concepci_n,657,Concepción,,,18612.465,,,,,,,,UNASSIGNED_REGION
province:3808,poland__d,3808,Łódź,,,18524.144,,,,,,,,UNASSIGNED_REGION
province:1584,ghana__upper_west,1584,Upper West,,,18499.986,,,,,,,,UNASSIGNED_REGION
province:2556,north_korea__hamgy_ng_namdo,2556,Hamgyŏng-namdo,,,18494.322,,,,,,,,UNASSIGNED_REGION
province:3795,russia__chuvash,3795,Chuvash,,,18369.64,,,,,,,,UNASSIGNED_REGION
province:822,syria__ar_raqqah,822,Ar Raqqah,,,18312.423,,,,,,,,UNASSIGNED_REGION
province:88,syria__rif_dimashq,88,Rif Dimashq,,,18279.544,,,,,,,,UNASSIGNED_REGION
province:1916,indonesia__maluku_utara_7,1916,Maluku Utara,,,18244.753,,,,,,,,UNASSIGNED_REGION
province:118,germany__sachsen,118,Sachsen,,,18150.281,,,,,,,,UNASSIGNED_REGION
province:3743,nigeria__gombe,3743,Gombe,,,18132.937,,,,,,,,UNASSIGNED_REGION
province:798,north_korea__hamgy_ng_bukto,798,Hamgyŏng-bukto,,,18096.902,,,,,,,,UNASSIGNED_REGION
province:3493,madagascar__bongolava,3493,Bongolava,,,18056.089,,,,,,,,UNASSIGNED_REGION
province:641,ecuador__sucumbios,641,Sucumbios,,,18043.381,,,,,,,,UNASSIGNED_REGION
province:972,chad__mayo_kebbi_est,972,Mayo-Kebbi Est,,,18039.844,,,,,,,,UNASSIGNED_REGION
province:309,poland__subcarpathian,309,Subcarpathian,,,18005.468,,,,,,,,UNASSIGNED_REGION
province:1558,central_african_republic__sangha_mba_r,1558,Sangha-Mbaéré,,,17983.409,,,,,,,,UNASSIGNED_REGION
province:3545,gabon__moyen_ogoou,3545,Moyen-Ogooué,,,17882.681,,,,,,,,UNASSIGNED_REGION
province:3665,afghanistan__baghlan,3665,Baghlan,,,17826.641,,,,,,,,UNASSIGNED_REGION
province:3809,poland__kuyavian_pomeranian,3809,Kuyavian-Pomeranian,,,17763.261,,,,,,,,UNASSIGNED_REGION
province:1068,united_republic_of_tanzania__mtwara,1068,Mtwara,,,17742.483,,,,,,,,UNASSIGNED_REGION
province:3661,afghanistan__bamyan,3661,Bamyan,,,17697.968,,,,,,,,UNASSIGNED_REGION
province:1040,guinea__siguiri,1040,Siguiri,,,17653.556,,,,,,,,UNASSIGNED_REGION
province:3291,venezuela__portuguesa,3291,Portuguesa,,,17649.996,,,,,,,,UNASSIGNED_REGION
province:3643,algeria__m_sila,3643,M'Sila,,,17624.731,,,,,,,,UNASSIGNED_REGION
province:834,iraq__wasit,834,Wasit,,,17616.542,,,,,,,,UNASSIGNED_REGION
province:2725,norway__sogn_og_fjordane,2725,Sogn og Fjordane,,,17565.892,,,,,,,,UNASSIGNED_REGION
province:3715,turkey__kayseri,3715,Kayseri,,,17551.017,,,,,,,,UNASSIGNED_REGION
province:1880,indonesia__maluku_18,1880,Maluku,,,17356.574,,,,,,,,UNASSIGNED_REGION
province:3494,madagascar__vakinankaratra,3494,Vakinankaratra,,,17328.796,,,,,,,,UNASSIGNED_REGION
province:2714,norway__buskerud,2714,Buskerud,,,17324.707,,,,,,,,UNASSIGNED_REGION
province:2127,morocco__chaouia_ouardigha,2127,Chaouia - Ouardigha,,,17312.367,,,,,,,,UNASSIGNED_REGION
province:3379,spain__zaragoza,3379,Zaragoza,region:iberia:aragon,macroregion:iberia,17309.765,P4,3200,5,,,,5,OK
province:999,togo__plateaux,999,Plateaux,,,17241.254,,,,,,,,UNASSIGNED_REGION
province:3591,chad__tandjil,3591,Tandjilé,,,17237.201,,,,,,,,UNASSIGNED_REGION
province:956,chad__mandoul,956,Mandoul,,,17221.627,,,,,,,,UNASSIGNED_REGION
province:894,laos__houaphan,894,Houaphan,,,17203.191,,,,,,,,UNASSIGNED_REGION
province:829,iraq__as_sulaymaniyah,829,As-Sulaymaniyah,,,17190.114,,,,,,,,UNASSIGNED_REGION
province:3667,afghanistan__uruzgan_2,3667,Uruzgan,,,17165.553,,,,,,,,UNASSIGNED_REGION
province:3384,spain__cuenca,3384,Cuenca,region:iberia:new_castile,macroregion:iberia,17131.62,P3,2400,7,,,,7,OK
province:1407,afghanistan__zabul,1407,Zabul,,,17110.228,,,,,,,,UNASSIGNED_REGION
province:3262,yemen__ma_rib,3262,Ma'rib,,,17095.239,,,,,,,,UNASSIGNED_REGION
province:532,iraq__al_basrah,532,Al-Basrah,,,17080.71,,,,,,,,UNASSIGNED_REGION
province:978,cameroon__nord_ouest,978,Nord-Ouest,,,17051.964,,,,,,,,UNASSIGNED_REGION
province:897,vietnam__ngh_an,897,Nghệ An,,,17047.976,,,,,,,,UNASSIGNED_REGION
province:3495,madagascar__amoron_i_mania,3495,Amoron'i Mania,,,17035.561,,,,,,,,UNASSIGNED_REGION
province:2210,yemen__abyan,2210,Abyan,,,17016.92,,,,,,,,UNASSIGNED_REGION
province:405,guinea__kankan,405,Kankan,,,16973.244,,,,,,,,UNASSIGNED_REGION
province:304,kyrgyzstan__batken,304,Batken,,,16914.175,,,,,,,,UNASSIGNED_REGION
province:930,central_african_republic__basse_kotto,930,Basse-Kotto,,,16748.089,,,,,,,,UNASSIGNED_REGION
province:2212,oman__ash_sharqiyah_south,2212,Ash Sharqiyah South,,,16731.613,,,,,,,,UNASSIGNED_REGION
province:409,ivory_coast__dix_huit_montagnes,409,Dix-Huit Montagnes,,,16619.934,,,,,,,,UNASSIGNED_REGION
province:875,laos__xaignabouri,875,Xaignabouri,,,16615.824,,,,,,,,UNASSIGNED_REGION
province:1272,chile__libertador_general_bernardo_o_higgins,1272,Libertador General Bernardo O'Higgins,,,16611.654,,,,,,,,UNASSIGNED_REGION
province:1961,indonesia__sulawesi_barat,1961,Sulawesi Barat,,,16584.681,,,,,,,,UNASSIGNED_REGION
province:23,israel__hadarom,23,HaDarom,,,16556.698,,,,,,,,UNASSIGNED_REGION
province:1270,chile__valpara_so,1270,Valparaíso,,,16525.087,,,,,,,,UNASSIGNED_REGION
province:2088,guyana__upper_takutu_upper_essequibo,2088,Upper Takutu-Upper Essequibo,,,16500.289,,,,,,,,UNASSIGNED_REGION
province:806,uzbekistan__samarkand,806,Samarkand,,,16497.381,,,,,,,,UNASSIGNED_REGION
province:3487,morocco__tadla_azilal,3487,Tadla - Azilal,,,16482.779,,,,,,,,UNASSIGNED_REGION
province:679,austria__steiermark,679,Steiermark,,,16418.274,,,,,,,,UNASSIGNED_REGION
province:3491,madagascar__analamanga,3491,Analamanga,,,16377.853,,,,,,,,UNASSIGNED_REGION
province:860,thailand__tak,860,Tak,,,16375.071,,,,,,,,UNASSIGNED_REGION
province:928,central_african_republic__k_mo,928,Kémo,,,16360.572,,,,,,,,UNASSIGNED_REGION
province:11,chile__arica_y_parinacota,11,Arica y Parinacota,,,16295.005,,,,,,,,UNASSIGNED_REGION
province:2097,nigeria__delta,2097,Delta,,,16261.021,,,,,,,,UNASSIGNED_REGION
province:852,india__nagaland,852,Nagaland,,,16241.525,,,,,,,,UNASSIGNED_REGION
province:454,nigeria__ogun,454,Ogun,,,16224.857,,,,,,,,UNASSIGNED_REGION
province:224,russia__chechnya,224,Chechnya,,,16191.783,,,,,,,,UNASSIGNED_REGION
province:1277,chile__los_r_os,1277,Los Ríos,,,16183.608,,,,,,,,UNASSIGNED_REGION
province:835,iraq__maysan,835,Maysan,,,16181.437,,,,,,,,UNASSIGNED_REGION
province:1830,madagascar__atsimo_atsinanana,1830,Atsimo-Atsinanana,,,16158.83,,,,,,,,UNASSIGNED_REGION
province:3663,afghanistan__sari_pul,3663,Sari Pul,,,16125.632,,,,,,,,UNASSIGNED_REGION
province:1269,chile__regi_n_metropolitana_de_santiago,1269,Región Metropolitana de Santiago,,,16116.087,,,,,,,,UNASSIGNED_REGION
province:629,honduras__gracias_a_dios,629,Gracias a Dios,,,16115.694,,,,,,,,UNASSIGNED_REGION
province:3543,germany__th_ringen,3543,Thüringen,,,16080.716,,,,,,,,UNASSIGNED_REGION
province:187,vietnam__gia_lai,187,Gia Lai,,,16017.917,,,,,,,,UNASSIGNED_REGION
province:812,afghanistan__balkh,812,Balkh,,,16008.392,,,,,,,,UNASSIGNED_REGION
province:2214,oman__ash_sharqiyah_north,2214,Ash Sharqiyah North,,,15990.918,,,,,,,,UNASSIGNED_REGION
province:3532,guinea__kouroussa,3532,Kouroussa,,,15968.864,,,,,,,,UNASSIGNED_REGION
province:885,laos__khammouan,885,Khammouan,,,15935.278,,,,,,,,UNASSIGNED_REGION
province:3282,uruguay__tacuaremb,3282,Tacuarembó,,,15916.944,,,,,,,,UNASSIGNED_REGION
province:17,peru__tacna,17,Tacna,,,15915.738,,,,,,,,UNASSIGNED_REGION
province:2777,greece__peloponnisos_2,2777,Peloponnisos,,,15884.335,,,,,,,,UNASSIGNED_REGION
province:1832,madagascar__androy,1832,Androy,,,15837.158,,,,,,,,UNASSIGNED_REGION
province:800,north_korea__chagang_do,800,Chagang-do,,,15770.914,,,,,,,,UNASSIGNED_REGION
province:274,germany__schleswig_holstein,274,Schleswig-Holstein,,,15745.9,,,,,,,,UNASSIGNED_REGION
province:636,ecuador__esmeraldas,636,Esmeraldas,,,15738.622,,,,,,,,UNASSIGNED_REGION
province:3386,spain__le_n,3386,León,region:iberia:leon,macroregion:iberia,15671.625,P4,3000,5,,,,5,OK
province:3366,iran__qazvin,3366,Qazvin,,,15637.847,,,,,,,,UNASSIGNED_REGION
province:3385,spain__toledo,3385,Toledo,region:iberia:new_castile,macroregion:iberia,15612.687,P3,2400,7,,,,7,OK
province:307,poland__lesser_poland,307,Lesser Poland,,,15598.405,,,,,,,,UNASSIGNED_REGION
province:582,spain__huesca,582,Huesca,region:iberia:aragon,macroregion:iberia,15525.309,P4,3200,5,,,,5,OK
province:649,paraguay__itap_a,649,Itapúa,,,15449.172,,,,,,,,UNASSIGNED_REGION
province:2373,japan__iwate,2373,Iwate,,,15448.455,,,,,,,,UNASSIGNED_REGION
province:882,laos__bolikhamxai,882,Bolikhamxai,,,15440.579,,,,,,,,UNASSIGNED_REGION
province:3156,papua_new_guinea__east_new_britain,3156,East New Britain,,,15419.48,,,,,,,,UNASSIGNED_REGION
province:164,norway__s_r_tr_ndelag,164,Sør-Trøndelag,,,15401.801,,,,,,,,UNASSIGNED_REGION
province:1063,bangladesh__rangpur,1063,Rangpur,,,15371.266,,,,,,,,UNASSIGNED_REGION
province:2757,turkey__adana,2757,Adana,,,15359.436,,,,,,,,UNASSIGNED_REGION
province:2756,turkey__mersin,2756,Mersin,,,15313.702,,,,,,,,UNASSIGNED_REGION
province:1010,burkina_faso__komo,1010,Komoé,,,15285.489,,,,,,,,UNASSIGNED_REGION
province:342,sierra_leone__eastern,342,Eastern,,,15280.794,,,,,,,,UNASSIGNED_REGION
province:239,laos__ph_ngsali,239,Phôngsali,,,15270.281,,,,,,,,UNASSIGNED_REGION
province:1965,peru__moquegua,1965,Moquegua,,,15206.246,,,,,,,,UNASSIGNED_REGION
province:3856,iran__chahar_mahall_and_bakhtiari,3856,Chahar Mahall and Bakhtiari,,,15197.236,,,,,,,,UNASSIGNED_REGION
province:2715,norway__telemark,2715,Telemark,,,15194.715,,,,,,,,UNASSIGNED_REGION
province:2332,egypt__al_isma_iliyah,2332,Al Isma`iliyah,,,15189.339,,,,,,,,UNASSIGNED_REGION
province:3507,ivory_coast__haut_sassandra,3507,Haut-Sassandra,,,15166.484,,,,,,,,UNASSIGNED_REGION
province:301,uzbekistan__tashkent,301,Tashkent,,,15155.139,,,,,,,,UNASSIGNED_REGION
province:3383,spain__teruel,3383,Teruel,region:iberia:aragon,macroregion:iberia,15146.565,P4,3200,5,,,,5,OK
province:3750,turkey__diyarbakir,3750,Diyarbakir,,,15110.713,,,,,,,,UNASSIGNED_REGION
province:891,laos__champasak,891,Champasak,,,15093.523,,,,,,,,UNASSIGNED_REGION
province:516,malaysia__kelantan,516,Kelantan,,,15087.732,,,,,,,,UNASSIGNED_REGION
province:3877,finland__pirkanmaa,3877,Pirkanmaa,,,15057.607,,,,,,,,UNASSIGNED_REGION
province:3382,spain__albacete,3382,Albacete,region:iberia:la_mancha,macroregion:iberia,14889.371,P4,4300,3,,,,3,OK
province:2839,spain__sevilla,2839,Sevilla,region:iberia:lower_andalusia,macroregion:iberia,14879.257,P2,1700,9,,,,9,OK
province:659,paraguay__canindey,659,Canindeyú,,,14844.124,,,,,,,,UNASSIGNED_REGION
province:3727,turkey__afyonkarahisar,3727,Afyonkarahisar,,,14747.695,,,,,,,,UNASSIGNED_REGION
province:2986,cuba__camag_ey,2986,Camagüey,,,14678.025,,,,,,,,UNASSIGNED_REGION
province:895,vietnam__son_la,895,Son La,,,14629.519,,,,,,,,UNASSIGNED_REGION
province:3257,new_zealand__hawke_s_bay,3257,Hawke's Bay,,,14614.206,,,,,,,,UNASSIGNED_REGION
province:483,thailand__ubon_ratchathani,483,Ubon Ratchathani,,,14548.154,,,,,,,,UNASSIGNED_REGION
province:2096,nigeria__ondo,2096,Ondo,,,14520.445,,,,,,,,UNASSIGNED_REGION
province:1883,indonesia__nusa_tenggara_barat_3,1883,Nusa Tenggara Barat,,,14490.566,,,,,,,,UNASSIGNED_REGION
province:216,russia__karachay_cherkess,216,Karachay-Cherkess,,,14471.976,,,,,,,,UNASSIGNED_REGION
province:375,iraq__arbil,375,Arbil,,,14456.959,,,,,,,,UNASSIGNED_REGION
province:1027,ivory_coast__cavally,1027,Cavally,,,14448.828,,,,,,,,UNASSIGNED_REGION
province:781,iran__gilan,781,Gilan,,,14443.389,,,,,,,,UNASSIGNED_REGION
province:2751,turkey__balikesir,2751,Balikesir,,,14416.776,,,,,,,,UNASSIGNED_REGION
province:3729,turkey__k_maras,3729,K. Maras,,,14406.794,,,,,,,,UNASSIGNED_REGION
province:3862,iran__tehran,3862,Tehran,,,14394.565,,,,,,,,UNASSIGNED_REGION
province:456,benin__collines,456,Collines,,,14364.676,,,,,,,,UNASSIGNED_REGION
province:2207,yemen__al_hudaydah,2207,Al Hudaydah,,,14341.41,,,,,,,,UNASSIGNED_REGION
province:1731,uruguay__salto,1731,Salto,,,14306.977,,,,,,,,UNASSIGNED_REGION
province:541,indonesia__nusa_tenggara_timur_5,541,Nusa Tenggara Timur,,,14289.469,,,,,,,,UNASSIGNED_REGION
province:992,burkina_faso__tapoa,992,Tapoa,,,14246.454,,,,,,,,UNASSIGNED_REGION
province:3388,spain__burgos,3388,Burgos,region:iberia:old_castile,macroregion:iberia,14214.779,P4,2800,5,,,,5,OK
province:2128,morocco__doukkala_abda,2128,Doukkala - Abda,,,14082.458,,,,,,,,UNASSIGNED_REGION
province:3595,cameroon__ouest,3595,Ouest,,,14071.708,,,,,,,,UNASSIGNED_REGION
province:484,cambodia__siemr_ab,484,Siemréab,,,14054.931,,,,,,,,UNASSIGNED_REGION
province:2334,egypt__al_buhayrah,2334,Al Buhayrah,,,14051.434,,,,,,,,UNASSIGNED_REGION
province:1,uruguay__paysand,1,Paysandú,,,14037.648,,,,,,,,UNASSIGNED_REGION
province:647,paraguay__alto_paran,647,Alto Paraná,,,14006.595,,,,,,,,UNASSIGNED_REGION
province:3294,ukraine__ternopil,3294,Ternopil',,,13991.055,,,,,,,,UNASSIGNED_REGION
province:447,senegal__kolda,447,Kolda,,,13990.924,,,,,,,,UNASSIGNED_REGION
province:2375,japan__fukushima,2375,Fukushima,,,13981.771,,,,,,,,UNASSIGNED_REGION
province:707,poland__lubusz,707,Lubusz,,,13969.874,,,,,,,,UNASSIGNED_REGION
province:3876,finland__southern_ostrobothnia,3876,Southern Ostrobothnia,,,13959.114,,,,,,,,UNASSIGNED_REGION
province:1904,ecuador__guayas_2,1904,Guayas,,,13934.895,,,,,,,,UNASSIGNED_REGION
province:2771,greece__thessalia,2771,Thessalia,,,13915.394,,,,,,,,UNASSIGNED_REGION
province:799,north_korea__ryanggang,799,Ryanggang,,,13894.842,,,,,,,,UNASSIGNED_REGION
province:748,ukraine__ivano_frankivs_k,748,Ivano-Frankivs'k,,,13886.744,,,,,,,,UNASSIGNED_REGION
province:3288,venezuela__cojedes,3288,Cojedes,,,13856.591,,,,,,,,UNASSIGNED_REGION
province:537,indonesia__nusa_tenggara_timur,537,Nusa Tenggara Timur,,,13855.359,,,,,,,,UNASSIGNED_REGION
province:489,cambodia__ka_h_kong_2,489,Kaôh Kong,,,13765.105,,,,,,,,UNASSIGNED_REGION
province:1735,uruguay__cerro_largo,1735,Cerro Largo,,,13755.303,,,,,,,,UNASSIGNED_REGION
province:3313,turkey__eskisehir,3313,Eskisehir,,,13750.849,,,,,,,,UNASSIGNED_REGION
province:3722,turkey__yozgat,3722,Yozgat,,,13749.776,,,,,,,,UNASSIGNED_REGION
province:4012,spain__c_rdoba,4012,Córdoba,region:iberia:upper_andalusia,macroregion:iberia,13736.516,P3,2300,6,,,,6,OK
province:1514,mauritania__gorgol,1514,Gorgol,,,13702.102,,,,,,,,UNASSIGNED_REGION
province:3500,japan__nagano,3500,Nagano,,,13680.44,,,,,,,,UNASSIGNED_REGION
province:3853,iraq__dhi_qar,3853,Dhi-Qar,,,13676.699,,,,,,,,UNASSIGNED_REGION
province:460,republic_of_the_congo__kouilou,460,Kouilou,,,13668.958,,,,,,,,UNASSIGNED_REGION
province:3488,montenegro__danilovgrad,3488,Danilovgrad,,,13649.927,,,,,,,,UNASSIGNED_REGION
province:4014,spain__ja_n,4014,Jaén,region:iberia:upper_andalusia,macroregion:iberia,13630.701,P3,2300,6,,,,6,OK
province:1971,peru__lambayeque,1971,Lambayeque,,,13596.202,,,,,,,,UNASSIGNED_REGION
province:481,cambodia__preah_vih_ar,481,Preah Vihéar,,,13568.201,,,,,,,,UNASSIGNED_REGION
province:1274,chile__uble,1274,Ñuble,,,13552.267,,,,,,,,UNASSIGNED_REGION
province:858,thailand__mae_hong_son,858,Mae Hong Son,,,13540.575,,,,,,,,UNASSIGNED_REGION
province:336,guinea__faranah,336,Faranah,,,13461.584,,,,,,,,UNASSIGNED_REGION
province:1475,algeria__t_bessa,1475,Tébessa,,,13451.375,,,,,,,,UNASSIGNED_REGION
province:732,greece__anatoliki_makedonia_kai_thraki,732,Anatoliki Makedonia kai Thraki,,,13448.317,,,,,,,,UNASSIGNED_REGION
province:1447,yemen__sa_dah,1447,Sa`dah,,,13443.895,,,,,,,,UNASSIGNED_REGION
province:494,cambodia__batd_mb_ng,494,Batdâmbâng,,,13403.86,,,,,,,,UNASSIGNED_REGION
province:185,cambodia__m_nd_l_kiri,185,Môndól Kiri,,,13396.686,,,,,,,,UNASSIGNED_REGION
province:2721,norway__hordaland,2721,Hordaland,,,13388.341,,,,,,,,UNASSIGNED_REGION
province:3414,slovenia__dolenjske_toplice,3414,Dolenjske Toplice,,,13363.222,,,,,,,,UNASSIGNED_REGION
province:760,russia__kaliningrad,760,Kaliningrad,,,13302.199,,,,,,,,UNASSIGNED_REGION
province:3598,cambodia__k_mp_ng_thum,3598,Kâmpóng Thum,,,13298.611,,,,,,,,UNASSIGNED_REGION
province:973,chad__mayo_kebbi_ouest,973,Mayo-Kebbi Ouest,,,13275.77,,,,,,,,UNASSIGNED_REGION
province:2151,ivory_coast__lagunes,2151,Lagunes,,,13262.986,,,,,,,,UNASSIGNED_REGION
province:2411,canada__nunavut_17,2411,Nunavut,,,13239.23,,,,,,,,UNASSIGNED_REGION
province:998,togo__centre,998,Centre,,,13209.575,,,,,,,,UNASSIGNED_REGION
province:3666,afghanistan__samangan,3666,Samangan,,,13170.447,,,,,,,,UNASSIGNED_REGION
province:3350,thailand__chaiyaphum,3350,Chaiyaphum,,,13130.178,,,,,,,,UNASSIGNED_REGION
province:1957,indonesia__sulawesi_utara,1957,Sulawesi Utara,,,13126.53,,,,,,,,UNASSIGNED_REGION
province:2744,turkey__kastamonu,2744,Kastamonu,,,13118.18,,,,,,,,UNASSIGNED_REGION
province:2521,thailand__surat_thani,2521,Surat Thani,,,13114.645,,,,,,,,UNASSIGNED_REGION
province:1499,united_republic_of_tanzania__kilimanjaro,1499,Kilimanjaro,,,13058.891,,,,,,,,UNASSIGNED_REGION
province:2733,norway__m_re_og_romsdal_7,2733,Møre og Romsdal,,,13052.84,,,,,,,,UNASSIGNED_REGION
province:2878,denmark__midtjylland,2878,Midtjylland,,,13030.531,,,,,,,,UNASSIGNED_REGION
province:186,vietnam__k_l_k,186,Đắk Lắk,,,13023.819,,,,,,,,UNASSIGNED_REGION
province:2517,malaysia__terengganu,2517,Terengganu,,,13022.117,,,,,,,,UNASSIGNED_REGION
province:333,ukraine__transcarpathia,333,Transcarpathia,,,12966.599,,,,,,,,UNASSIGNED_REGION
province:1044,guinea__dinguiraye,1044,Dinguiraye,,,12931.015,,,,,,,,UNASSIGNED_REGION
province:2752,turkey__izmir,2752,Izmir,,,12914.032,,,,,,,,UNASSIGNED_REGION
province:2754,turkey__mugla,2754,Mugla,,,12907.197,,,,,,,,UNASSIGNED_REGION
province:1228,panama__dari_n,1228,Darién,,,12897.698,,,,,,,,UNASSIGNED_REGION
province:2209,yemen__lahij,2209,Lahij,,,12889.32,,,,,,,,UNASSIGNED_REGION
province:3717,turkey__manisa,3717,Manisa,,,12884.946,,,,,,,,UNASSIGNED_REGION
province:1015,burkina_faso__soum,1015,Soum,,,12779.916,,,,,,,,UNASSIGNED_REGION
province:2279,united_states_of_america__connecticut,2279,Connecticut,,,12730.137,,,,,,,,UNASSIGNED_REGION
province:3303,papua_new_guinea__enga,3303,Enga,,,12718.51,,,,,,,,UNASSIGNED_REGION
province:842,nepal__seti,842,Seti,,,12709.082,,,,,,,,UNASSIGNED_REGION
province:2837,spain__granada,2837,Granada,region:iberia:upper_andalusia,macroregion:iberia,12670.483,P3,2300,6,,,,6,OK
province:407,guinea__beyla,407,Beyla,,,12617.858,,,,,,,,UNASSIGNED_REGION
province:493,cambodia__pouthisat,493,Pouthisat,,,12574.71,,,,,,,,UNASSIGNED_REGION
province:2632,iceland__nor_urland_vestra,2632,Norðurland vestra,,,12570.227,,,,,,,,UNASSIGNED_REGION
province:1748,spain__salamanca,1748,Salamanca,region:iberia:leon,macroregion:iberia,12568.356,P4,3000,4,,,,4,OK
province:3556,ecuador__tungurahua,3556,Tungurahua,,,12544.624,,,,,,,,UNASSIGNED_REGION
province:217,russia__kabardin_balkar,217,Kabardin-Balkar,,,12537.303,,,,,,,,UNASSIGNED_REGION
province:3359,turkey__orum,3359,Çorum,,,12499.089,,,,,,,,UNASSIGNED_REGION
province:3345,thailand__lampang,3345,Lampang,,,12493.76,,,,,,,,UNASSIGNED_REGION
province:2460,canada__nunavut_66,2460,Nunavut,,,12485.227,,,,,,,,UNASSIGNED_REGION
province:3476,paraguay__caaguaz,3476,Caaguazú,,,12477.225,,,,,,,,UNASSIGNED_REGION
province:71,republic_of_the_congo__bouenza,71,Bouenza,,,12467.362,,,,,,,,UNASSIGNED_REGION
province:3348,thailand__phetchabun,3348,Phetchabun,,,12438.869,,,,,,,,UNASSIGNED_REGION
province:898,laos__xiangkhoang,898,Xiangkhoang,,,12425.74,,,,,,,,UNASSIGNED_REGION
province:3255,new_zealand__bay_of_plenty,3255,Bay of Plenty,,,12415.309,,,,,,,,UNASSIGNED_REGION
province:2542,north_korea__p_y_ngan_namdo,2542,P'yŏngan-namdo,,,12344.276,,,,,,,,UNASSIGNED_REGION
province:896,vietnam__thanh_h_a,896,Thanh Hóa,,,12297.316,,,,,,,,UNASSIGNED_REGION
province:306,poland__silesian,306,Silesian,,,12265.595,,,,,,,,UNASSIGNED_REGION
province:3254,new_zealand__northland,3254,Northland,,,12264.499,,,,,,,,UNASSIGNED_REGION
province:4013,spain__guadalajara,4013,Guadalajara,region:iberia:new_castile,macroregion:iberia,12256.842,P3,2400,5,,,,5,OK
province:658,paraguay__amambay,658,Amambay,,,12242.004,,,,,,,,UNASSIGNED_REGION
province:810,afghanistan__takhar,810,Takhar,,,12185.926,,,,,,,,UNASSIGNED_REGION
province:803,north_korea__p_y_ngan_bukto,803,P'yŏngan-bukto,,,12145.238,,,,,,,,UNASSIGNED_REGION
province:105,uruguay__artigas,105,Artigas,,,12140.867,,,,,,,,UNASSIGNED_REGION
province:183,cambodia__r_t_n_kiri,183,Rôtânôkiri,,,12125.693,,,,,,,,UNASSIGNED_REGION
province:3367,syria__hamah,3367,Hamah,,,12097.385,,,,,,,,UNASSIGNED_REGION
province:3711,turkey__k_tahya,3711,Kütahya,,,12062.515,,,,,,,,UNASSIGNED_REGION
province:584,spain__l_rida,584,Lérida,region:iberia:catalonia,macroregion:iberia,12058.402,P2,1300,9,,,,9,OK
province:3644,algeria__batna,3644,Batna,,,12029.081,,,,,,,,UNASSIGNED_REGION
province:3263,yemen__sana_a,3263,Sana'a,,,12007.585,,,,,,,,UNASSIGNED_REGION
province:844,nepal__gandaki,844,Gandaki,,,11983.784,,,,,,,,UNASSIGNED_REGION
province:3283,uruguay__durazno,3283,Durazno,,,11980.421,,,,,,,,UNASSIGNED_REGION
province:189,cambodia__kr_ch_h,189,Krâchéh,,,11956.471,,,,,,,,UNASSIGNED_REGION
province:1058,bangladesh__sylhet,1058,Sylhet,,,11941.733,,,,,,,,UNASSIGNED_REGION
province:1956,indonesia__gorontalo,1956,Gorontalo,,,11901.162,,,,,,,,UNASSIGNED_REGION
province:371,austria__ober_sterreich,371,Oberösterreich,,,11876.689,,,,,,,,UNASSIGNED_REGION
province:2708,sweden__sterg_tland,2708,Östergötland,,,11872.955,,,,,,,,UNASSIGNED_REGION
province:3732,turkey__malatya,3732,Malatya,,,11802.472,,,,,,,,UNASSIGNED_REGION
province:650,paraguay__eembuc,650,Ñeembucú,,,11800.836,,,,,,,,UNASSIGNED_REGION
province:2371,japan__akita,2371,Akita,,,11722.652,,,,,,,,UNASSIGNED_REGION
province:3836,mexico__quer_taro,3836,Querétaro,,,11719.939,,,,,,,,UNASSIGNED_REGION
province:3161,indonesia__bangka_belitung_2,3161,Bangka-Belitung,,,11713.154,,,,,,,,UNASSIGNED_REGION
province:892,vietnam__i_n_bi_n,892,Điện Biên,,,11712.803,,,,,,,,UNASSIGNED_REGION
province:238,morocco__tanger_t_touan,238,Tanger - Tétouan,,,11704.129,,,,,,,,UNASSIGNED_REGION
province:877,thailand__nan,877,Nan,,,11679.351,,,,,,,,UNASSIGNED_REGION
province:904,vietnam__qu_ng_nam,904,Quàng Nam,,,11676.431,,,,,,,,UNASSIGNED_REGION
province:2998,cuba__matanzas,2998,Matanzas,,,11636.92,,,,,,,,UNASSIGNED_REGION
province:241,laos__oud_mxai,241,Oudômxai,,,11621.065,,,,,,,,UNASSIGNED_REGION
province:1371,indonesia__papua_2,1371,Papua,,,11621.02,,,,,,,,UNASSIGNED_REGION
province:2772,greece__stere_ell_da,2772,Stereá Elláda,,,11620.929,,,,,,,,UNASSIGNED_REGION
province:997,togo__kara,997,Kara,,,11608.351,,,,,,,,UNASSIGNED_REGION
province:2074,venezuela__m_rida,2074,Mérida,,,11604.128,,,,,,,,UNASSIGNED_REGION
province:2750,turkey__bursa,2750,Bursa,,,11580.253,,,,,,,,UNASSIGNED_REGION
province:252,kyrgyzstan__talas,252,Talas,,,11564.913,,,,,,,,UNASSIGNED_REGION
province:2368,japan__niigata,2368,Niigata,,,11560.95,,,,,,,,UNASSIGNED_REGION
province:3478,paraguay__paraguar,3478,Paraguarí,,,11550.029,,,,,,,,UNASSIGNED_REGION
province:2712,sweden__sk_ne,2712,Skåne,,,11473.282,,,,,,,,UNASSIGNED_REGION
province:1252,ecuador__loja,1252,Loja,,,11466.727,,,,,,,,UNASSIGNED_REGION
province:530,kuwait__al_jahrah,530,Al Jahrah,,,11454.321,,,,,,,,UNASSIGNED_REGION
province:1024,burkina_faso__houet,1024,Houet,,,11443.747,,,,,,,,UNASSIGNED_REGION
province:3922,czech_republic__st_edo_esk,3922,Středočeský,,,11398.514,,,,,,,,UNASSIGNED_REGION
province:1210,costa_rica__guanacaste_2,1210,Guanacaste,,,11377.574,,,,,,,,UNASSIGNED_REGION
province:1045,cambodia__st_ng_tr_ng,1045,Stœng Trêng,,,11358.099,,,,,,,,UNASSIGNED_REGION
province:3725,turkey__erzincan,3725,Erzincan,,,11347.466,,,,,,,,UNASSIGNED_REGION
province:1975,panama__panama,1975,Panama,,,11338.095,,,,,,,,UNASSIGNED_REGION
province:2835,spain__murcia_2,2835,Murcia,region:iberia:murcia,macroregion:iberia,11322.697,P3,2200,5,,,,5,OK
province:1026,liberia__nimba,1026,Nimba,,,11297.617,,,,,,,,UNASSIGNED_REGION
province:855,thailand__chiang_rai,855,Chiang Rai,,,11279.879,,,,,,,,UNASSIGNED_REGION
province:3653,afghanistan__uruzgan,3653,Uruzgan,,,11258.851,,,,,,,,UNASSIGNED_REGION
province:51,north_korea__kangw_n_do,51,Kangwŏn-do,,,11255.535,,,,,,,,UNASSIGNED_REGION
province:3306,papua_new_guinea__eastern_highlands,3306,Eastern Highlands,,,11250.86,,,,,,,,UNASSIGNED_REGION
province:814,afghanistan__jawzjan,814,Jawzjan,,,11244.907,,,,,,,,UNASSIGNED_REGION
province:3371,sweden__j_nk_ping,3371,Jönköping,,,11193.14,,,,,,,,UNASSIGNED_REGION
province:2520,thailand__nakhon_si_thammarat,2520,Nakhon Si Thammarat,,,11172.857,,,,,,,,UNASSIGNED_REGION
province:225,georgia__kakheti,225,Kakheti,,,11168.548,,,,,,,,UNASSIGNED_REGION
province:2448,canada__nunavut_54,2448,Nunavut,,,11162.582,,,,,,,,UNASSIGNED_REGION
province:3811,poland__wi_tokrzyskie,3811,Świętokrzyskie,,,11149.566,,,,,,,,UNASSIGNED_REGION
province:3893,burkina_faso__gourma,3893,Gourma,,,11135.763,,,,,,,,UNASSIGNED_REGION
province:2150,ivory_coast__sud_bandama,2150,Sud-Bandama,,,11125.869,,,,,,,,UNASSIGNED_REGION
province:3461,qatar__umm_salal,3461,Umm Salal,,,11116.176,,,,,,,,UNASSIGNED_REGION
province:3718,turkey__denizli,3718,Denizli,,,11102.851,,,,,,,,UNASSIGNED_REGION
province:406,guinea__mandiana,406,Mandiana,,,11063.007,,,,,,,,UNASSIGNED_REGION
province:3232,cuba__pinar_del_r_o,3232,Pinar del Río,,,11052.997,,,,,,,,UNASSIGNED_REGION
province:1036,guinea__gaoual,1036,Gaoual,,,11051.385,,,,,,,,UNASSIGNED_REGION
province:2977,jamaica__saint_mary,2977,Saint Mary,,,11040.135,,,,,,,,UNASSIGNED_REGION
province:1547,senegal__kaffrine,1547,Kaffrine,,,11024.504,,,,,,,,UNASSIGNED_REGION
province:1028,liberia__grand_gedeh,1028,Grand Gedeh,,,11016.337,,,,,,,,UNASSIGNED_REGION
province:329,malawi__mzimba,329,Mzimba,,,10998.088,,,,,,,,UNASSIGNED_REGION
province:1578,benin__donga,1578,Donga,,,10974.023,,,,,,,,UNASSIGNED_REGION
province:182,vietnam__kon_tum,182,Kon Tum,,,10949.483,,,,,,,,UNASSIGNED_REGION
province:3242,new_zealand__marlborough_district,3242,Marlborough District,,,10948.506,,,,,,,,UNASSIGNED_REGION
province:2069,colombia__sucre,2069,Sucre,,,10904.96,,,,,,,,UNASSIGNED_REGION
province:1528,namibia__ohangwena,1528,Ohangwena,,,10894.097,,,,,,,,UNASSIGNED_REGION
province:3572,colombia__caldas,3572,Caldas,,,10889.461,,,,,,,,UNASSIGNED_REGION
province:3341,thailand__udon_thani,3341,Udon Thani,,,10858.956,,,,,,,,UNASSIGNED_REGION
province:1733,uruguay__rocha,1733,Rocha,,,10856.867,,,,,,,,UNASSIGNED_REGION
province:687,bosnia_and_herzegovina__doboj,687,Doboj,,,10817.618,,,,,,,,UNASSIGNED_REGION
province:538,indonesia__nusa_tenggara_timur_2,538,Nusa Tenggara Timur,,,10805.683,,,,,,,,UNASSIGNED_REGION
province:1038,guinea__boke,1038,Boke,,,10795.913,,,,,,,,UNASSIGNED_REGION
province:1730,nepal__bheri,1730,Bheri,,,10795.708,,,,,,,,UNASSIGNED_REGION
province:2083,venezuela__sucre_2,2083,Sucre,,,10789.866,,,,,,,,UNASSIGNED_REGION
province:3551,egypt__al_fayyum,3551,Al Fayyum,,,10750.555,,,,,,,,UNASSIGNED_REGION
province:1057,india__tripura,1057,Tripura,,,10736.594,,,,,,,,UNASSIGNED_REGION
province:1750,spain__zamora,1750,Zamora,region:iberia:leon,macroregion:iberia,10678.322,P4,3000,4,,,,4,OK
province:3328,thailand__khon_kaen,3328,Khon Kaen,,,10674.025,,,,,,,,UNASSIGNED_REGION
province:3502,japan__gifu,3502,Gifu,,,10662.528,,,,,,,,UNASSIGNED_REGION
province:847,nepal__sagarmatha,847,Sagarmatha,,,10650.0,,,,,,,,UNASSIGNED_REGION
province:2850,spain__asturias,2850,Asturias,region:iberia:asturias,macroregion:iberia,10639.358,P3,1800,6,,,,6,OK
province:384,austria__tirol,384,Tirol,,,10630.186,,,,,,,,UNASSIGNED_REGION
province:1729,nepal__rapti,1729,Rapti,,,10610.266,,,,,,,,UNASSIGNED_REGION
province:43,malawi__nkhata_bay,43,Nkhata Bay,,,10607.869,,,,,,,,UNASSIGNED_REGION
province:2491,canada__nova_scotia_4,2491,Nova Scotia,,,10585.25,,,,,,,,UNASSIGNED_REGION
province:2080,venezuela__miranda,2080,Miranda,,,10577.898,,,,,,,,UNASSIGNED_REGION
province:52,south_korea__gyeonggi,52,Gyeonggi,,,10531.35,,,,,,,,UNASSIGNED_REGION
province:1778,iraq__at_ta_mim,1778,At-Ta'mim,,,10508.427,,,,,,,,UNASSIGNED_REGION
province:3107,united_states_of_america__hawaii,3107,Hawaii,,,10501.051,,,,,,,,UNASSIGNED_REGION
province:774,turkey__kars,774,Kars,,,10492.26,,,,,,,,UNASSIGNED_REGION
province:879,thailand__phitsanulok,879,Phitsanulok,,,10489.395,,,,,,,,UNASSIGNED_REGION
province:2003,panama__veraguas_2,2003,Veraguas,,,10481.654,,,,,,,,UNASSIGNED_REGION
province:2832,spain__valencia,2832,Valencia,region:iberia:valencia,macroregion:iberia,10415.304,P2,1450,7,,,,7,OK
province:3285,uruguay__florida,3285,Florida,,,10413.295,,,,,,,,UNASSIGNED_REGION
province:1516,mauritania__guidimaka,1516,Guidimaka,,,10406.207,,,,,,,,UNASSIGNED_REGION
province:880,thailand__loei,880,Loei,,,10396.85,,,,,,,,UNASSIGNED_REGION
province:2208,yemen__ta_izz,2208,Ta`izz,,,10339.17,,,,,,,,UNASSIGNED_REGION
province:2177,philippines__isabela,2177,Isabela,,,10338.605,,,,,,,,UNASSIGNED_REGION
province:448,guinea__mali,448,Mali,,,10322.272,,,,,,,,UNASSIGNED_REGION
province:2548,south_korea__south_jeolla_4,2548,South Jeolla,,,10270.892,,,,,,,,UNASSIGNED_REGION
province:1250,ecuador__zamora_chinchipe,1250,Zamora Chinchipe,,,10259.32,,,,,,,,UNASSIGNED_REGION
province:3387,spain__soria,3387,Soria,region:iberia:old_castile,macroregion:iberia,10233.214,P4,2800,4,,,,4,OK
province:1757,portugal__beja,1757,Beja,region:iberia:alentejo,macroregion:iberia,10223.557,P4,4000,3,,,,3,OK
province:512,malaysia__kedah,512,Kedah,,,10221.313,,,,,,,,UNASSIGNED_REGION
province:1436,jordan__amman,1436,Amman,,,10208.576,,,,,,,,UNASSIGNED_REGION
province:1364,venezuela__t_chira,1364,Táchira,,,10194.113,,,,,,,,UNASSIGNED_REGION
province:3660,afghanistan__wardak,3660,Wardak,,,10155.97,,,,,,,,UNASSIGNED_REGION
province:487,thailand__buri_ram,487,Buri Ram,,,10153.335,,,,,,,,UNASSIGNED_REGION
province:564,rwanda__eastern,564,Eastern,,,10151.676,,,,,,,,UNASSIGNED_REGION
province:2854,france__gironde,2854,Gironde,,,10143.806,,,,,,,,UNASSIGNED_REGION
province:3286,uruguay__lavalleja,3286,Lavalleja,,,10116.747,,,,,,,,UNASSIGNED_REGION
province:821,turkey__mardin,821,Mardin,,,10096.697,,,,,,,,UNASSIGNED_REGION
province:3464,philippines__bukidnon,3464,Bukidnon,,,10044.53,,,,,,,,UNASSIGNED_REGION
province:580,spain__navarra,580,Navarra,region:iberia:navarre,macroregion:iberia,10035.327,P3,1900,5,,,,5,OK
province:3374,suriname__para,3374,Para,,,10026.27,,,,,,,,UNASSIGNED_REGION
province:2458,canada__nunavut_64,2458,Nunavut,,,10014.476,,,,,,,,UNASSIGNED_REGION
province:388,turkey__agri,388,Agri,,,9994.995,,,,,,,,UNASSIGNED_REGION
province:1220,costa_rica__puntarenas,1220,Puntarenas,,,9982.836,,,,,,,,UNASSIGNED_REGION
province:889,laos__saravan,889,Saravan,,,9975.425,,,,,,,,UNASSIGNED_REGION
province:123,czech_republic__jiho_esk,123,Jihočeský,,,9966.092,,,,,,,,UNASSIGNED_REGION
province:1013,burkina_faso__oudalan,1013,Oudalan,,,9958.081,,,,,,,,UNASSIGNED_REGION
province:1208,guatemala__alta_verapaz,1208,Alta Verapaz,,,9897.362,,,,,,,,UNASSIGNED_REGION
province:3280,vietnam__l_m_ng,3280,Lâm Đồng,,,9881.085,,,,,,,,UNASSIGNED_REGION
province:2098,nigeria__bayelsa,2098,Bayelsa,,,9879.648,,,,,,,,UNASSIGNED_REGION
province:2849,spain__lugo,2849,Lugo,region:iberia:galicia,macroregion:iberia,9869.089,P3,2100,5,,,,5,OK
province:3645,algeria__khenchela,3645,Khenchela,,,9857.864,,,,,,,,UNASSIGNED_REGION
province:2152,ghana__central,2152,Central,,,9851.64,,,,,,,,UNASSIGNED_REGION
province:346,liberia__gbapolu,346,Gbapolu,,,9829.653,,,,,,,,UNASSIGNED_REGION
province:3372,sweden__orebro,3372,Orebro,,,9820.1,,,,,,,,UNASSIGNED_REGION
province:2594,united_kingdom__north_yorkshire,2594,North Yorkshire,,,9803.581,,,,,,,,UNASSIGNED_REGION
province:101,lithuania__vilniaus,101,Vilniaus,,,9799.391,,,,,,,,UNASSIGNED_REGION
province:2709,sweden__kalmar,2709,Kalmar,,,9763.826,,,,,,,,UNASSIGNED_REGION
province:323,greece__dytiki_makedonia,323,Dytiki Makedonia,,,9739.498,,,,,,,,UNASSIGNED_REGION
province:2372,japan__aomori,2372,Aomori,,,9722.398,,,,,,,,UNASSIGNED_REGION
province:3347,thailand__nakhon_sawan,3347,Nakhon Sawan,,,9706.074,,,,,,,,UNASSIGNED_REGION
province:242,laos__louang_namtha,242,Louang Namtha,,,9691.202,,,,,,,,UNASSIGNED_REGION
province:846,nepal__janakpur,846,Janakpur,,,9685.498,,,,,,,,UNASSIGNED_REGION
province:62,nicaragua__rio_san_juan,62,Rio San Juan,,,9685.169,,,,,,,,UNASSIGNED_REGION
province:2505,myanmar__yangon,2505,Yangon,,,9684.203,,,,,,,,UNASSIGNED_REGION
province:3245,new_zealand__tasman_district,3245,Tasman District,,,9649.34,,,,,,,,UNASSIGNED_REGION
province:1754,spain__huelva,1754,Huelva,region:iberia:lower_andalusia,macroregion:iberia,9643.796,P2,1700,6,,,,6,OK
province:557,austria__k_rnten,557,Kärnten,,,9635.396,,,,,,,,UNASSIGNED_REGION
province:2630,iceland__vesturland,2630,Vesturland,,,9618.696,,,,,,,,UNASSIGNED_REGION
province:1734,uruguay__treinta_y_tres,1734,Treinta y Tres,,,9616.155,,,,,,,,UNASSIGNED_REGION
province:2438,canada__nunavut_44,2438,Nunavut,,,9600.438,,,,,,,,UNASSIGNED_REGION
province:2553,south_korea__south_gyeongsang_4,2553,South Gyeongsang,,,9597.428,,,,,,,,UNASSIGNED_REGION
province:1713,algeria__tlemcen,1713,Tlemcen,,,9581.835,,,,,,,,UNASSIGNED_REGION
province:1616,eritrea__maekel,1616,Maekel,,,9544.648,,,,,,,,UNASSIGNED_REGION
province:3329,thailand__sakon_nakhon,3329,Sakon Nakhon,,,9537.796,,,,,,,,UNASSIGNED_REGION
province:2631,iceland__vestfir_ir,2631,Vestfirðir,,,9536.716,,,,,,,,UNASSIGNED_REGION
province:3269,yemen__dhamar,3269,Dhamar,,,9535.978,,,,,,,,UNASSIGNED_REGION
province:2126,morocco__rabat_sal_zemmour_zaer,2126,Rabat - Salé - Zemmour - Zaer,,,9535.573,,,,,,,,UNASSIGNED_REGION
province:61,costa_rica__alajuela,61,Alajuela,,,9520.734,,,,,,,,UNASSIGNED_REGION
province:607,bosnia_and_herzegovina__trebinje,607,Trebinje,,,9505.916,,,,,,,,UNASSIGNED_REGION
province:1803,uruguay__r_o_negro,1803,Río Negro,,,9492.506,,,,,,,,UNASSIGNED_REGION
province:2742,turkey__samsun,2742,Samsun,,,9468.83,,,,,,,,UNASSIGNED_REGION
province:848,nepal__bhojpur,848,Bhojpur,,,9451.511,,,,,,,,UNASSIGNED_REGION
province:630,nicaragua__jinotega,630,Jinotega,,,9437.395,,,,,,,,UNASSIGNED_REGION
province:702,slovakia__banskobystrick,702,Banskobystrický,,,9431.162,,,,,,,,UNASSIGNED_REGION
province:1804,new_caledonia__nord,1804,Nord,,,9405.013,,,,,,,,UNASSIGNED_REGION
province:1667,united_states_of_america__alaska_41,1667,Alaska,,,9399.018,,,,,,,,UNASSIGNED_REGION
province:3357,turkey__tokat,3357,Tokat,,,9397.722,,,,,,,,UNASSIGNED_REGION
province:1889,indonesia__banten,1889,Banten,,,9392.721,,,,,,,,UNASSIGNED_REGION
province:2853,france__landes,2853,Landes,,,9385.706,,,,,,,,UNASSIGNED_REGION
province:3373,sweden__kronoberg,3373,Kronoberg,,,9378.299,,,,,,,,UNASSIGNED_REGION
province:1219,costa_rica__lim_n,1219,Limón,,,9366.981,,,,,,,,UNASSIGNED_REGION
province:1732,uruguay__rivera,1732,Rivera,,,9346.981,,,,,,,,UNASSIGNED_REGION
province:347,liberia__lofa,347,Lofa,,,9331.138,,,,,,,,UNASSIGNED_REGION
province:3636,algeria__sa_da,3636,Saïda,,,9324.646,,,,,,,,UNASSIGNED_REGION
province:3562,ecuador__pichincha,3562,Pichincha,,,9312.029,,,,,,,,UNASSIGNED_REGION
province:56,north_korea__hwanghae_bukto,56,Hwanghae-bukto,,,9302.558,,,,,,,,UNASSIGNED_REGION
province:191,cambodia__k_mp_ng_cham,191,Kâmpóng Cham,,,9290.778,,,,,,,,UNASSIGNED_REGION
province:3979,france__dordogne,3979,Dordogne,,,9275.991,,,,,,,,UNASSIGNED_REGION
province:3733,turkey__elazig,3733,Elazig,,,9259.51,,,,,,,,UNASSIGNED_REGION
province:3901,burkina_faso__sanmatenga,3901,Sanmatenga,,,9252.181,,,,,,,,UNASSIGNED_REGION
province:2370,japan__yamagata,2370,Yamagata,,,9239.347,,,,,,,,UNASSIGNED_REGION
province:3746,nigeria__osun,3746,Osun,,,9222.354,,,,,,,,UNASSIGNED_REGION
province:317,poland__opole,317,Opole,,,9217.644,,,,,,,,UNASSIGNED_REGION
province:2716,norway__aust_agder,2716,Aust-Agder,,,9179.95,,,,,,,,UNASSIGNED_REGION
province:2993,cuba__holgu_n_2,2993,Holguín,,,9148.204,,,,,,,,UNASSIGNED_REGION
province:905,laos__attapu,905,Attapu,,,9138.418,,,,,,,,UNASSIGNED_REGION
province:3264,yemen__al_bayda,3264,Al Bayda',,,9131.779,,,,,,,,UNASSIGNED_REGION
province:3508,ivory_coast__agn_by,3508,Agnéby,,,9112.354,,,,,,,,UNASSIGNED_REGION
province:2718,norway__rogaland,2718,Rogaland,,,9079.18,,,,,,,,UNASSIGNED_REGION
province:2148,liberia__sinoe,2148,Sinoe,,,9047.215,,,,,,,,UNASSIGNED_REGION
province:1802,uruguay__soriano,1802,Soriano,,,9046.373,,,,,,,,UNASSIGNED_REGION
province:3477,paraguay__caazap,3477,Caazapá,,,9042.751,,,,,,,,UNASSIGNED_REGION
province:3641,algeria__m_d_a,3641,Médéa,,,9042.375,,,,,,,,UNASSIGNED_REGION
province:845,nepal__bagmati,845,Bagmati,,,9038.681,,,,,,,,UNASSIGNED_REGION
province:3525,guinea__kissidougou,3525,Kissidougou,,,9023.26,,,,,,,,UNASSIGNED_REGION
province:1727,nepal__lumbini,1727,Lumbini,,,9020.661,,,,,,,,UNASSIGNED_REGION
province:2679,finland__uusimaa_2,2679,Uusimaa,,,9000.514,,,,,,,,UNASSIGNED_REGION
province:3713,turkey__karaman,3713,Karaman,,,8971.089,,,,,,,,UNASSIGNED_REGION
province:3734,turkey__bitlis,3734,Bitlis,,,8955.928,,,,,,,,UNASSIGNED_REGION
province:1449,yemen__hajjah,1449,Hajjah,,,8947.862,,,,,,,,UNASSIGNED_REGION
province:1032,guinea__macenta,1032,Macenta,,,8930.959,,,,,,,,UNASSIGNED_REGION
province:2125,morocco__gharb_chrarda_b_ni_hssen,2125,Gharb - Chrarda - Béni Hssen,,,8930.35,,,,,,,,UNASSIGNED_REGION
province:1726,nepal__narayani,1726,Narayani,,,8916.422,,,,,,,,UNASSIGNED_REGION
province:1502,uganda__kalangala,1502,Kalangala,,,8872.159,,,,,,,,UNASSIGNED_REGION
province:299,romania__timis,299,Timis,,,8842.018,,,,,,,,UNASSIGNED_REGION
province:746,romania__suceava,746,Suceava,,,8834.647,,,,,,,,UNASSIGNED_REGION
province:1401,afghanistan__nuristan,1401,Nuristan,,,8826.158,,,,,,,,UNASSIGNED_REGION
province:1034,liberia__bong,1034,Bong,,,8823.33,,,,,,,,UNASSIGNED_REGION
province:3999,france__c_te_d_or,3999,Côte-d'Or,,,8821.976,,,,,,,,UNASSIGNED_REGION
province:482,thailand__si_sa_ket,482,Si Sa Ket,,,8807.278,,,,,,,,UNASSIGNED_REGION
province:3968,france__aveyron,3968,Aveyron,,,8798.967,,,,,,,,UNASSIGNED_REGION
province:3513,ivory_coast__lacs,3513,Lacs,,,8782.723,,,,,,,,UNASSIGNED_REGION
province:3716,turkey__isparta,3716,Isparta,,,8770.885,,,,,,,,UNASSIGNED_REGION
province:2974,puerto_rico__puerto_rico_2,2974,Puerto Rico,,,8761.924,,,,,,,,UNASSIGNED_REGION
province:3592,chad__logone_occidental,3592,Logone Occidental,,,8761.685,,,,,,,,UNASSIGNED_REGION
province:3344,thailand__kamphaeng_phet,3344,Kamphaeng Phet,,,8756.651,,,,,,,,UNASSIGNED_REGION
province:1037,guinea_bissau__gab,1037,Gabú,,,8756.172,,,,,,,,UNASSIGNED_REGION
province:2836,spain__almer_a,2836,Almería,region:iberia:upper_andalusia,macroregion:iberia,8743.554,P3,2300,4,,,,4,OK
province:38,malawi__chitipa,38,Chitipa,,,8729.354,,,,,,,,UNASSIGNED_REGION
province:324,greece__ipeiros,324,Ipeiros,,,8721.599,,,,,,,,UNASSIGNED_REGION
province:3153,papua_new_guinea__north_solomons,3153,North Solomons,,,8721.157,,,,,,,,UNASSIGNED_REGION
province:308,slovakia__pre_ov,308,Prešov,,,8709.031,,,,,,,,UNASSIGNED_REGION
province:3304,papua_new_guinea__western_highlands,3304,Western Highlands,,,8703.03,,,,,,,,UNASSIGNED_REGION
province:4003,france__sa_ne_et_loire,4003,Saône-et-Loire,,,8689.896,,,,,,,,UNASSIGNED_REGION
province:653,paraguay__misiones,653,Misiones,,,8657.078,,,,,,,,UNASSIGNED_REGION
province:408,ivory_coast__bafing,408,Bafing,,,8656.229,,,,,,,,UNASSIGNED_REGION
province:2923,greenland__qaasuitsup_kommunia_11,2923,Qaasuitsup Kommunia,,,8654.399,,,,,,,,UNASSIGNED_REGION
province:825,turkey__gaziantep,825,Gaziantep,,,8649.701,,,,,,,,UNASSIGNED_REGION
province:995,togo__savanes,995,Savanes,,,8644.136,,,,,,,,UNASSIGNED_REGION
province:1588,malawi__mangochi,1588,Mangochi,,,8617.253,,,,,,,,UNASSIGNED_REGION
province:3894,burkina_faso__gnagna,3894,Gnagna,,,8615.275,,,,,,,,UNASSIGNED_REGION
province:3553,ecuador__azuay,3553,Azuay,,,8608.683,,,,,,,,UNASSIGNED_REGION
province:215,georgia__abkhazia,215,Abkhazia,,,8606.293,,,,,,,,UNASSIGNED_REGION
province:3480,nicaragua__matagalpa,3480,Matagalpa,,,8596.551,,,,,,,,UNASSIGNED_REGION
province:1212,guatemala__izabal,1212,Izabal,,,8592.721,,,,,,,,UNASSIGNED_REGION
province:1879,indonesia__maluku_17,1879,Maluku,,,8592.356,,,,,,,,UNASSIGNED_REGION
province:337,guinea__kindia,337,Kindia,,,8587.283,,,,,,,,UNASSIGNED_REGION
province:3510,ivory_coast__marahou,3510,Marahoué,,,8587.164,,,,,,,,UNASSIGNED_REGION
province:2687,finland__finland_proper_8,2687,Finland Proper,,,8572.691,,,,,,,,UNASSIGNED_REGION
province:133,lithuania__iauliai,133,Šiauliai,,,8571.914,,,,,,,,UNASSIGNED_REGION
province:3310,turkey__bolu,3310,Bolu,,,8566.273,,,,,,,,UNASSIGNED_REGION
province:3234,cuba__granma,3234,Granma,,,8551.754,,,,,,,,UNASSIGNED_REGION
province:480,thailand__surin,480,Surin,,,8539.937,,,,,,,,UNASSIGNED_REGION
province:3524,honduras__francisco_moraz_n,3524,Francisco Morazán,,,8523.27,,,,,,,,UNASSIGNED_REGION
province:2075,venezuela__trujillo,2075,Trujillo,,,8512.972,,,,,,,,UNASSIGNED_REGION
province:3852,iraq__al_q_disiyyah,3852,Al-Qādisiyyah,,,8504.384,,,,,,,,UNASSIGNED_REGION
province:3735,turkey__bing_l,3735,Bingöl,,,8416.802,,,,,,,,UNASSIGNED_REGION
province:730,romania__caras_severin,730,Caras-Severin,,,8402.219,,,,,,,,UNASSIGNED_REGION
province:331,malawi__kasungu,331,Kasungu,,,8400.051,,,,,,,,UNASSIGNED_REGION
province:1025,burkina_faso__k_n_dougou,1025,Kénédougou,,,8396.247,,,,,,,,UNASSIGNED_REGION
province:1477,tunisia__kass_rine,1477,Kassérine,,,8390.747,,,,,,,,UNASSIGNED_REGION
province:440,hungary__b_cs_kiskun,440,Bács-Kiskun,,,8384.837,,,,,,,,UNASSIGNED_REGION
province:2690,finland__satakunta_2,2690,Satakunta,,,8383.276,,,,,,,,UNASSIGNED_REGION
province:2514,malaysia__negeri_sembilan,2514,Negeri Sembilan,,,8381.741,,,,,,,,UNASSIGNED_REGION
province:3256,new_zealand__gisborne_district,3256,Gisborne District,,,8358.157,,,,,,,,UNASSIGNED_REGION
province:600,bulgaria__sofia,600,Sofia,,,8356.034,,,,,,,,UNASSIGNED_REGION
province:1508,equatorial_guinea__centro_sur,1508,Centro Sur,,,8346.733,,,,,,,,UNASSIGNED_REGION
province:3251,new_zealand__wellington,3251,Wellington,,,8345.013,,,,,,,,UNASSIGNED_REGION
province:2290,honduras__col_n,2290,Colón,,,8312.28,,,,,,,,UNASSIGNED_REGION
province:3037,greece__kriti,3037,Kriti,,,8300.007,,,,,,,,UNASSIGNED_REGION
province:900,vietnam__qu_ng_b_nh,900,Quảng Bình,,,8277.003,,,,,,,,UNASSIGNED_REGION
province:2176,philippines__cagayan,2176,Cagayan,,,8243.583,,,,,,,,UNASSIGNED_REGION
province:1930,papua_new_guinea__milne_bay,1930,Milne Bay,,,8241.222,,,,,,,,UNASSIGNED_REGION
province:2544,south_korea__north_jeolla,2544,North Jeolla,,,8234.914,,,,,,,,UNASSIGNED_REGION
province:3463,philippines__agusan_del_sur,3463,Agusan del Sur,,,8193.56,,,,,,,,UNASSIGNED_REGION
province:2358,south_korea__south_chungcheong_2,2358,South Chungcheong,,,8158.788,,,,,,,,UNASSIGNED_REGION
province:3425,lithuania__kauno,3425,Kauno,,,8158.376,,,,,,,,UNASSIGNED_REGION
province:2591,turkey__tekirdag,2591,Tekirdag,,,8145.697,,,,,,,,UNASSIGNED_REGION
province:1282,chile__los_lagos_4,1282,Los Lagos,,,8128.756,,,,,,,,UNASSIGNED_REGION
province:2392,japan__hiroshima_4,2392,Hiroshima,,,8128.252,,,,,,,,UNASSIGNED_REGION
province:276,denmark__syddanmark_2,276,Syddanmark,,,8127.1,,,,,,,,UNASSIGNED_REGION
province:412,italy__cuneo,412,Cuneo,,,8120.583,,,,,,,,UNASSIGNED_REGION
province:2101,nigeria__rivers_3,2101,Rivers,,,8110.316,,,,,,,,UNASSIGNED_REGION
province:3389,spain__vila,3389,Ávila,region:iberia:old_castile,macroregion:iberia,8105.085,P4,2800,3,,,,3,OK
province:2592,turkey__anakkale,2592,Çanakkale,,,8101.16,,,,,,,,UNASSIGNED_REGION
province:3978,france__marne,3978,Marne,,,8099.37,,,,,,,,UNASSIGNED_REGION
province:745,ukraine__chernivtsi,745,Chernivtsi,,,8097.134,,,,,,,,UNASSIGNED_REGION
province:2543,north_korea__hwanghae_namdo,2543,Hwanghae-namdo,,,8073.726,,,,,,,,UNASSIGNED_REGION
province:1011,burkina_faso__poni,1011,Poni,,,8054.658,,,,,,,,UNASSIGNED_REGION
province:903,laos__x_kong,903,Xékong,,,8047.689,,,,,,,,UNASSIGNED_REGION
province:4017,spain__valladolid,4017,Valladolid,region:iberia:old_castile,macroregion:iberia,8045.36,P4,2800,3,,,,3,OK
province:2997,cuba__villa_clara,2997,Villa Clara,,,8044.773,,,,,,,,UNASSIGNED_REGION
province:1158,canada__qu_bec_15,1158,Québec,,,8007.839,,,,,,,,UNASSIGNED_REGION
province:811,afghanistan__kunduz,811,Kunduz,,,7995.983,,,,,,,,UNASSIGNED_REGION
province:2513,malaysia__selangor,2513,Selangor,,,7988.761,,,,,,,,UNASSIGNED_REGION
province:2023,philippines__zamboanga_del_norte,2023,Zamboanga del Norte,,,7977.459,,,,,,,,UNASSIGNED_REGION
province:4010,spain__palencia,4010,Palencia,region:iberia:old_castile,macroregion:iberia,7965.63,P4,2800,3,,,,3,OK
province:4015,spain__madrid,4015,Madrid,region:iberia:new_castile,macroregion:iberia,7962.833,P3,2400,3,4,,major_metropolitan_core_madrid,4,OK
province:219,russia__north_ossetia,219,North Ossetia,,,7955.881,,,,,,,,UNASSIGNED_REGION
province:579,france__pyr_n_es_atlantiques,579,Pyrénées-Atlantiques,,,7952.383,,,,,,,,UNASSIGNED_REGION
province:1046,vietnam__h_giang,1046,Hà Giang,,,7942.755,,,,,,,,UNASSIGNED_REGION
province:338,guinea__mamou,338,Mamou,,,7933.473,,,,,,,,UNASSIGNED_REGION
province:2848,spain__la_coru_a,2848,La Coruña,region:iberia:galicia,macroregion:iberia,7932.267,P3,2100,4,,,,4,OK
province:3984,france__puy_de_d_me,3984,Puy-de-Dôme,,,7927.675,,,,,,,,UNASSIGNED_REGION
province:2753,turkey__aydin,2753,Aydin,,,7926.166,,,,,,,,UNASSIGNED_REGION
province:3726,turkey__tunceli,3726,Tunceli,,,7901.874,,,,,,,,UNASSIGNED_REGION
province:3966,france__is_re,3966,Isère,,,7899.208,,,,,,,,UNASSIGNED_REGION
province:1586,malawi__nkhotakota,1586,Nkhotakota,,,7890.297,,,,,,,,UNASSIGNED_REGION
province:1049,vietnam__l_o_cai,1049,Lào Cai,,,7889.151,,,,,,,,UNASSIGNED_REGION
province:122,czech_republic__plze_sk,122,Plzeňský,,,7862.504,,,,,,,,UNASSIGNED_REGION
province:235,turkey__artvin,235,Artvin,,,7857.763,,,,,,,,UNASSIGNED_REGION
province:2351,japan__miyazaki,2351,Miyazaki,,,7834.13,,,,,,,,UNASSIGNED_REGION
province:427,oman__al_batnah_north,427,Al Batnah North,,,7832.386,,,,,,,,UNASSIGNED_REGION
province:3265,yemen__amran,3265,Amran,,,7829.749,,,,,,,,UNASSIGNED_REGION
province:849,nepal__mechi,849,Mechi,,,7813.624,,,,,,,,UNASSIGNED_REGION
province:294,romania__arad,294,Arad,,,7812.58,,,,,,,,UNASSIGNED_REGION
province:2361,japan__hy_go,2361,Hyōgo,,,7800.242,,,,,,,,UNASSIGNED_REGION
province:843,nepal__dhawalagiri,843,Dhawalagiri,,,7795.477,,,,,,,,UNASSIGNED_REGION
province:2829,spain__barcelona,2829,Barcelona,region:iberia:catalonia,macroregion:iberia,7793.211,P2,1300,6,,,,6,OK
province:3720,turkey__aksaray,3720,Aksaray,,,7756.221,,,,,,,,UNASSIGNED_REGION
province:3523,honduras__yoro,3523,Yoro,,,7752.535,,,,,,,,UNASSIGNED_REGION
province:129,lithuania__panevezio,129,Panevezio,,,7740.892,,,,,,,,UNASSIGNED_REGION
province:3730,turkey__mus,3730,Mus,,,7731.666,,,,,,,,UNASSIGNED_REGION
province:3337,thailand__roi_et,3337,Roi Et,,,7716.91,,,,,,,,UNASSIGNED_REGION
province:751,romania__tulcea,751,Tulcea,,,7691.935,,,,,,,,UNASSIGNED_REGION
province:3744,nigeria__enugu,3744,Enugu,,,7688.092,,,,,,,,UNASSIGNED_REGION
province:2380,japan__shizuoka,2380,Shizuoka,,,7681.486,,,,,,,,UNASSIGNED_REGION
province:2146,liberia__grand_bassa,2146,Grand Bassa,,,7673.535,,,,,,,,UNASSIGNED_REGION
province:474,bulgaria__burgas,474,Burgas,,,7666.604,,,,,,,,UNASSIGNED_REGION
province:3314,turkey__ankiri,3314,Çankiri,,,7661.527,,,,,,,,UNASSIGNED_REGION
province:3794,south_korea__north_chungcheong,3794,North Chungcheong,,,7656.526,,,,,,,,UNASSIGNED_REGION
province:302,uzbekistan__namangan,302,Namangan,,,7649.98,,,,,,,,UNASSIGNED_REGION
province:1503,uganda__buvuma,1503,Buvuma,,,7647.511,,,,,,,,UNASSIGNED_REGION
province:878,thailand__uttaradit,878,Uttaradit,,,7647.146,,,,,,,,UNASSIGNED_REGION
province:280,tunisia__m_denine,280,Médenine,,,7646.927,,,,,,,,UNASSIGNED_REGION
province:3527,guinea__t_lim_l,3527,Télimélé,,,7631.369,,,,,,,,UNASSIGNED_REGION
province:296,romania__bihor,296,Bihor,,,7605.283,,,,,,,,UNASSIGNED_REGION
province:631,honduras__el_para_so,631,El Paraíso,,,7600.797,,,,,,,,UNASSIGNED_REGION
province:1051,vietnam__l_ng_s_n,1051,Lạng Sơn,,,7590.12,,,,,,,,UNASSIGNED_REGION
province:218,georgia__samegrelo_zemo_svaneti,218,Samegrelo-Zemo Svaneti,,,7567.021,,,,,,,,UNASSIGNED_REGION
province:3637,algeria__sidi_bel_abb_s,3637,Sidi Bel Abbès,,,7562.633,,,,,,,,UNASSIGNED_REGION
province:2533,vietnam__b_nh_thu_n,2533,Bình Thuận,,,7558.374,,,,,,,,UNASSIGNED_REGION
province:3173,philippines__negros_occidental,3173,Negros Occidental,,,7546.89,,,,,,,,UNASSIGNED_REGION
province:2156,philippines__quezon,2156,Quezon,,,7532.139,,,,,,,,UNASSIGNED_REGION
province:2374,japan__miyagi,2374,Miyagi,,,7506.652,,,,,,,,UNASSIGNED_REGION
province:374,turkey__hakkari,374,Hakkari,,,7485.522,,,,,,,,UNASSIGNED_REGION
province:208,france__aisne,208,Aisne,,,7481.902,,,,,,,,UNASSIGNED_REGION
province:3299,tunisia__sidi_bou_zid,3299,Sidi Bou Zid,,,7476.627,,,,,,,,UNASSIGNED_REGION
province:1759,united_kingdom__powys,1759,Powys,,,7476.09,,,,,,,,UNASSIGNED_REGION
province:2717,norway__vest_agder,2717,Vest-Agder,,,7475.386,,,,,,,,UNASSIGNED_REGION
province:4006,france__yonne,4006,Yonne,,,7456.019,,,,,,,,UNASSIGNED_REGION
province:1020,burkina_faso__kossi,1020,Kossi,,,7431.351,,,,,,,,UNASSIGNED_REGION
province:2880,denmark__nordjylland_2,2880,Nordjylland,,,7430.881,,,,,,,,UNASSIGNED_REGION
province:1360,venezuela__zulia_2,1360,Zulia,,,7428.53,,,,,,,,UNASSIGNED_REGION
province:3482,nicaragua__chontales,3482,Chontales,,,7400.991,,,,,,,,UNASSIGNED_REGION
province:3253,new_zealand__taranaki,3253,Taranaki,,,7395.551,,,,,,,,UNASSIGNED_REGION
province:382,italy__bozen,382,Bozen,,,7374.277,,,,,,,,UNASSIGNED_REGION
province:2838,spain__m_laga,2838,Málaga,region:iberia:lower_andalusia,macroregion:iberia,7370.209,P2,1700,4,,,,4,OK
province:2331,egypt__ash_sharqiyah,2331,Ash Sharqiyah,,,7362.454,,,,,,,,UNASSIGNED_REGION
province:1743,spain__orense,1743,Orense,region:iberia:galicia,macroregion:iberia,7354.842,P3,2100,4,,,,4,OK
province:3985,france__allier,3985,Allier,,,7348.003,,,,,,,,UNASSIGNED_REGION
province:1402,afghanistan__nangarhar,1402,Nangarhar,,,7342.475,,,,,,,,UNASSIGNED_REGION
province:423,finland__south_karelia,423,South Karelia,,,7327.395,,,,,,,,UNASSIGNED_REGION
province:3987,france__maine_et_loire,3987,Maine-et-Loire,,,7314.454,,,,,,,,UNASSIGNED_REGION
province:3992,france__cher,3992,Cher,,,7302.925,,,,,,,,UNASSIGNED_REGION
province:677,portugal__vora,677,Évora,region:iberia:alentejo,macroregion:iberia,7260.575,P4,4000,2,,,,2,OK
province:722,romania__constanta,722,Constanta,,,7254.826,,,,,,,,UNASSIGNED_REGION
province:2575,ireland__cork_2,2575,Cork,,,7238.059,,,,,,,,UNASSIGNED_REGION
province:1476,tunisia__gafsa,1476,Gafsa,,,7237.275,,,,,,,,UNASSIGNED_REGION
province:1506,equatorial_guinea__litoral,1506,Litoral,,,7229.02,,,,,,,,UNASSIGNED_REGION
province:3719,turkey__burdur,3719,Burdur,,,7222.672,,,,,,,,UNASSIGNED_REGION
province:188,vietnam__b_nh_ph_c,188,Bình Phước,,,7222.648,,,,,,,,UNASSIGNED_REGION
province:2135,senegal__thi_s,2135,Thiès,,,7218.947,,,,,,,,UNASSIGNED_REGION
province:1206,guatemala__huehuetenango,1206,Huehuetenango,,,7215.206,,,,,,,,UNASSIGNED_REGION
province:3769,sri_lanka__anur_dhapura,3769,Anurādhapura,,,7214.635,,,,,,,,UNASSIGNED_REGION
province:555,austria__salzburg,555,Salzburg,,,7188.8,,,,,,,,UNASSIGNED_REGION
province:701,hungary__borsod_aba_j_zempl_n,701,Borsod-Abaúj-Zemplén,,,7185.631,,,,,,,,UNASSIGNED_REGION
province:3749,turkey__adiyaman,3749,Adiyaman,,,7182.736,,,,,,,,UNASSIGNED_REGION
province:1018,burkina_faso__yatenga,1018,Yatenga,,,7182.506,,,,,,,,UNASSIGNED_REGION
province:2107,tunisia__gab_s,2107,Gabès,,,7178.238,,,,,,,,UNASSIGNED_REGION
province:841,nepal__mahakali,841,Mahakali,,,7173.535,,,,,,,,UNASSIGNED_REGION
province:3197,new_caledonia__sud_2,3197,Sud,,,7131.513,,,,,,,,UNASSIGNED_REGION
province:1562,uganda__kaabong,1562,Kaabong,,,7116.784,,,,,,,,UNASSIGNED_REGION
province:3561,ecuador__los_rios,3561,Los Rios,,,7097.268,,,,,,,,UNASSIGNED_REGION
province:2861,france__c_tes_d_armor,2861,Côtes-d'Armor,,,7094.305,,,,,,,,UNASSIGNED_REGION
province:486,thailand__sa_kaeo,486,Sa Kaeo,,,7090.242,,,,,,,,UNASSIGNED_REGION
province:370,czech_republic__jihomoravsk,370,Jihomoravský,,,7088.944,,,,,,,,UNASSIGNED_REGION
province:100,lithuania__utenos,100,Utenos,,,7045.074,,,,,,,,UNASSIGNED_REGION
province:2355,japan__k_chi,2355,Kōchi,,,7044.819,,,,,,,,UNASSIGNED_REGION
province:2453,canada__nunavut_59,2453,Nunavut,,,7039.985,,,,,,,,UNASSIGNED_REGION
province:994,burkina_faso__kompienga,994,Kompienga,,,7037.373,,,,,,,,UNASSIGNED_REGION
province:716,romania__dolj,716,Dolj,,,7035.928,,,,,,,,UNASSIGNED_REGION
province:3346,thailand__sukhothai,3346,Sukhothai,,,7029.59,,,,,,,,UNASSIGNED_REGION
province:3370,sweden__v_stmanland,3370,Västmanland,,,7028.632,,,,,,,,UNASSIGNED_REGION
province:2499,bangladesh__barisal_4,2499,Barisal,,,7025.229,,,,,,,,UNASSIGNED_REGION
province:1070,spain__c_diz,1070,Cádiz,region:iberia:lower_andalusia,macroregion:iberia,7009.282,P2,1700,4,,,,4,OK
province:2691,finland__ostrobothnia,2691,Ostrobothnia,,,7004.886,,,,,,,,UNASSIGNED_REGION
province:1207,guatemala__quich,1207,Quiché,,,6997.298,,,,,,,,UNASSIGNED_REGION
province:413,france__alpes_de_haute_provence,413,Alpes-de-Haute-Provence,,,6986.507,,,,,,,,UNASSIGNED_REGION
province:2596,united_kingdom__lincolnshire,2596,Lincolnshire,,,6985.866,,,,,,,,UNASSIGNED_REGION
province:1490,senegal__s_dhiou,1490,Sédhiou,,,6983.608,,,,,,,,UNASSIGNED_REGION
province:3401,romania__hunedoara,3401,Hunedoara,,,6977.961,,,,,,,,UNASSIGNED_REGION
province:3885,burkina_faso__mou_houn,3885,Mou Houn,,,6973.875,,,,,,,,UNASSIGNED_REGION
province:3368,slovenia__pivka,3368,Pivka,,,6970.947,,,,,,,,UNASSIGNED_REGION
province:4005,france__vienne,4005,Vienne,,,6963.493,,,,,,,,UNASSIGNED_REGION
province:2707,sweden__s_dermanland,2707,Södermanland,,,6956.796,,,,,,,,UNASSIGNED_REGION
province:415,italy__turin,415,Turin,,,6955.241,,,,,,,,UNASSIGNED_REGION
province:3921,czech_republic__vyso_ina,3921,Vysočina,,,6947.945,,,,,,,,UNASSIGNED_REGION
province:223,georgia__mtskheta_mtianeti,223,Mtskheta-Mtianeti,,,6941.14,,,,,,,,UNASSIGNED_REGION
province:2698,sweden__uppsala,2698,Uppsala,,,6938.346,,,,,,,,UNASSIGNED_REGION
province:706,hungary__pest,706,Pest,,,6932.395,,,,,,,,UNASSIGNED_REGION
province:1583,burkina_faso__sissili,1583,Sissili,,,6931.994,,,,,,,,UNASSIGNED_REGION
province:3971,france__indre,3971,Indre,,,6925.804,,,,,,,,UNASSIGNED_REGION
province:2108,tunisia__sfax,2108,Sfax,,,6913.95,,,,,,,,UNASSIGNED_REGION
province:869,thailand__prachuap_khiri_khan,869,Prachuap Khiri Khan,,,6912.442,,,,,,,,UNASSIGNED_REGION
province:3157,papua_new_guinea__new_ireland,3157,New Ireland,,,6911.958,,,,,,,,UNASSIGNED_REGION
province:2388,japan__okayama,2388,Okayama,,,6907.997,,,,,,,,UNASSIGNED_REGION
province:874,laos__bokeo,874,Bokeo,,,6901.964,,,,,,,,UNASSIGNED_REGION
province:475,turkey__kirklareli,475,Kirklareli,,,6898.905,,,,,,,,UNASSIGNED_REGION
province:4016,spain__segovia,4016,Segovia,region:iberia:old_castile,macroregion:iberia,6896.181,P4,2800,2,,,,2,OK
province:2801,italy__foggia,2801,Foggia,,,6888.672,,,,,,,,UNASSIGNED_REGION
province:2843,portugal__santar_m,2843,Santarém,region:iberia:estremadura_ribatejo,macroregion:iberia,6879.515,P2,1500,5,,,,5,OK
province:3998,france__ni_vre,3998,Nièvre,,,6872.363,,,,,,,,UNASSIGNED_REGION
province:2091,suriname__commewijne,2091,Commewijne,,,6839.085,,,,,,,,UNASSIGNED_REGION
province:1004,ivory_coast__comoe,1004,Comoe,,,6839.027,,,,,,,,UNASSIGNED_REGION
province:1772,united_kingdom__cumbria,1772,Cumbria,,,6835.249,,,,,,,,UNASSIGNED_REGION
province:359,djibouti__dikhil,359,Dikhil,,,6833.094,,,,,,,,UNASSIGNED_REGION
province:3336,thailand__kalasin,3336,Kalasin,,,6825.134,,,,,,,,UNASSIGNED_REGION
province:93,uzbekistan__ferghana,93,Ferghana,,,6816.692,,,,,,,,UNASSIGNED_REGION
province:334,slovakia__ko_ick,334,Košický,,,6808.537,,,,,,,,UNASSIGNED_REGION
province:3599,cambodia__k_mp_ng_sp,3599,Kâmpóng Spœ,,,6804.323,,,,,,,,UNASSIGNED_REGION
province:2740,turkey__giresun,2740,Giresun,,,6792.887,,,,,,,,UNASSIGNED_REGION
province:2868,france__pas_de_calais,2868,Pas-de-Calais,,,6761.19,,,,,,,,UNASSIGNED_REGION
province:1555,burkina_faso__s_no,1555,Séno,,,6757.329,,,,,,,,UNASSIGNED_REGION
province:2607,united_kingdom__devon,2607,Devon,,,6756.016,,,,,,,,UNASSIGNED_REGION
province:2079,venezuela__aragua,2079,Aragua,,,6753.923,,,,,,,,UNASSIGNED_REGION
province:2858,france__loire_atlantique,2858,Loire-Atlantique,,,6752.458,,,,,,,,UNASSIGNED_REGION
province:2862,france__ille_et_vilaine,2862,Ille-et-Vilaine,,,6729.431,,,,,,,,UNASSIGNED_REGION
province:2860,france__finist_re,2860,Finistère,,,6726.601,,,,,,,,UNASSIGNED_REGION
province:2808,italy__cosenza,2808,Cosenza,,,6713.968,,,,,,,,UNASSIGNED_REGION
province:3412,romania__bacau,3412,Bacau,,,6700.482,,,,,,,,UNASSIGNED_REGION
province:1474,tunisia__tozeur,1474,Tozeur,,,6699.95,,,,,,,,UNASSIGNED_REGION
province:604,bulgaria__blagoevgrad,604,Blagoevgrad,,,6697.82,,,,,,,,UNASSIGNED_REGION
province:3986,france__loiret,3986,Loiret,,,6688.134,,,,,,,,UNASSIGNED_REGION
province:2831,spain__castell_n,2831,Castellón,region:iberia:valencia,macroregion:iberia,6686.794,P2,1450,5,,,,5,OK
province:1577,burkina_faso__boulgou,1577,Boulgou,,,6677.877,,,,,,,,UNASSIGNED_REGION
province:459,angola__cabinda,459,Cabinda,,,6664.491,,,,,,,,UNASSIGNED_REGION
province:3511,ivory_coast__fromager,3511,Fromager,,,6663.222,,,,,,,,UNASSIGNED_REGION
province:2996,cuba__sancti_sp_ritus,2996,Sancti Spíritus,,,6661.951,,,,,,,,UNASSIGNED_REGION
province:1656,united_states_of_america__alaska_30,1656,Alaska,,,6660.082,,,,,,,,UNASSIGNED_REGION
province:42,malawi__rumphi,42,Rumphi,,,6659.421,,,,,,,,UNASSIGNED_REGION
province:3714,turkey__nigde,3714,Nigde,,,6655.107,,,,,,,,UNASSIGNED_REGION
province:247,georgia__kvemo_kartli,247,Kvemo Kartli,,,6653.708,,,,,,,,UNASSIGNED_REGION
province:511,thailand__songkhla,511,Songkhla,,,6652.797,,,,,,,,UNASSIGNED_REGION
province:3851,iraq__babil,3851,Babil,,,6652.399,,,,,,,,UNASSIGNED_REGION
province:3399,romania__arges,3399,Arges,,,6647.865,,,,,,,,UNASSIGNED_REGION
province:1426,syria__as_suwayda,1426,As Suwayda',,,6643.914,,,,,,,,UNASSIGNED_REGION
province:3300,tunisia__kairouan,3300,Kairouan,,,6640.578,,,,,,,,UNASSIGNED_REGION
province:3272,vietnam__y_n_b_i,3272,Yên Bái,,,6639.253,,,,,,,,UNASSIGNED_REGION
province:3967,france__dr_me,3967,Drôme,,,6637.075,,,,,,,,UNASSIGNED_REGION
province:361,djibouti__tadjourah,361,Tadjourah,,,6636.169,,,,,,,,UNASSIGNED_REGION
province:305,slovakia__ilinsk,305,Žilinský,,,6631.642,,,,,,,,UNASSIGNED_REGION
province:2812,italy__potenza,2812,Potenza,,,6631.475,,,,,,,,UNASSIGNED_REGION
province:2859,france__morbihan,2859,Morbihan,,,6629.192,,,,,,,,UNASSIGNED_REGION
province:3394,romania__cluj,3394,Cluj,,,6625.149,,,,,,,,UNASSIGNED_REGION
province:2102,nigeria__akwa_ibom,2102,Akwa Ibom,,,6621.796,,,,,,,,UNASSIGNED_REGION
province:4020,madagascar__itasy,4020,Itasy,,,6612.063,,,,,,,,UNASSIGNED_REGION
province:1223,panama__chiriqu_3,1223,Chiriquí,,,6589.583,,,,,,,,UNASSIGNED_REGION
province:3014,french_southern_and_antarctic_lands__archipel_des_kerguelen_2,3014,Archipel des Kerguelen,,,6586.414,,,,,,,,UNASSIGNED_REGION
province:2335,japan__ita,2335,Ōita,,,6577.134,,,,,,,,UNASSIGNED_REGION
province:3351,thailand__phrae,3351,Phrae,,,6567.581,,,,,,,,UNASSIGNED_REGION
province:2356,japan__shimane,2356,Shimane,,,6556.471,,,,,,,,UNASSIGNED_REGION
province:3410,romania__harghita,3410,Harghita,,,6547.939,,,,,,,,UNASSIGNED_REGION
province:3229,cuba__las_tunas,3229,Las Tunas,,,6539.859,,,,,,,,UNASSIGNED_REGION
province:870,thailand__phetchaburi,870,Phetchaburi,,,6538.007,,,,,,,,UNASSIGNED_REGION
province:372,iraq__dihok,372,Dihok,,,6523.187,,,,,,,,UNASSIGNED_REGION
province:234,georgia__samtskhe_javakheti,234,Samtskhe-Javakheti,,,6522.602,,,,,,,,UNASSIGNED_REGION
province:3409,romania__mures,3409,Mures,,,6521.067,,,,,,,,UNASSIGNED_REGION
province:3335,thailand__uthai_thani,3335,Uthai Thani,,,6516.81,,,,,,,,UNASSIGNED_REGION
province:402,netherlands__gelderland,402,Gelderland,,,6495.782,,,,,,,,UNASSIGNED_REGION
province:2855,france__charente_maritime,2855,Charente-Maritime,,,6477.85,,,,,,,,UNASSIGNED_REGION
province:2857,france__vend_e,2857,Vendée,,,6476.664,,,,,,,,UNASSIGNED_REGION
province:2321,japan__kagoshima,2321,Kagoshima,,,6473.072,,,,,,,,UNASSIGNED_REGION
province:3752,turkey__siirt,3752,Siirt,,,6470.474,,,,,,,,UNASSIGNED_REGION
province:839,jordan__aqaba,839,Aqaba,,,6461.771,,,,,,,,UNASSIGNED_REGION
province:3501,japan__tochigi,3501,Tochigi,,,6461.401,,,,,,,,UNASSIGNED_REGION
province:3340,thailand__lop_buri,3340,Lop Buri,,,6443.838,,,,,,,,UNASSIGNED_REGION
province:3900,burkina_faso__namentenga,3900,Namentenga,,,6433.641,,,,,,,,UNASSIGNED_REGION
province:3465,philippines__cotabato,3465,Cotabato,,,6429.905,,,,,,,,UNASSIGNED_REGION
province:184,vietnam__k_n_ng,184,Đắk Nông,,,6421.138,,,,,,,,UNASSIGNED_REGION
province:747,romania__maramures,747,Maramures,,,6417.652,,,,,,,,UNASSIGNED_REGION
province:373,turkey__sirnak,373,Sirnak,,,6416.503,,,,,,,,UNASSIGNED_REGION
province:583,france__haute_garonne,583,Haute-Garonne,,,6396.737,,,,,,,,UNASSIGNED_REGION
province:3972,france__loir_et_cher,3972,Loir-et-Cher,,,6395.256,,,,,,,,UNASSIGNED_REGION
province:2991,cuba__ciego_de_vila,2991,Ciego de Ávila,,,6393.739,,,,,,,,UNASSIGNED_REGION
province:1746,portugal__castelo_branco,1746,Castelo Branco,region:iberia:beira_interior,macroregion:iberia,6393.145,P4,3000,2,,,,2,OK
province:1556,burkina_faso__yagha,1556,Yagha,,,6385.116,,,,,,,,UNASSIGNED_REGION
province:1718,baykonur_cosmodrome__baykonur_lease_in_qyzylorda,1718,Baykonur lease in Qyzylorda,,,6383.448,,,,,,,,UNASSIGNED_REGION
province:3723,turkey__kirsehir,3723,Kirsehir,,,6379.196,,,,,,,,UNASSIGNED_REGION
province:2087,guyana__cuyuni_mazaruni,2087,Cuyuni-Mazaruni,,,6371.561,,,,,,,,UNASSIGNED_REGION
province:3202,fiji__western,3202,Western,,,6341.818,,,,,,,,UNASSIGNED_REGION
province:3955,italy__perugia,3955,Perugia,,,6341.624,,,,,,,,UNASSIGNED_REGION
province:2828,france__aude,2828,Aude,,,6339.33,,,,,,,,UNASSIGNED_REGION
province:3499,japan__gunma,3499,Gunma,,,6329.546,,,,,,,,UNASSIGNED_REGION
province:2350,japan__kumamoto_4,2350,Kumamoto,,,6329.141,,,,,,,,UNASSIGNED_REGION
province:3977,france__haute_marne,3977,Haute-Marne,,,6321.804,,,,,,,,UNASSIGNED_REGION
province:1113,canada__british_columbia_36,1113,British Columbia,,,6319.948,,,,,,,,UNASSIGNED_REGION
province:1591,malawi__lilongwe,1591,Lilongwe,,,6317.737,,,,,,,,UNASSIGNED_REGION
province:899,vietnam__ha_tinh,899,Ha Tinh,,,6316.138,,,,,,,,UNASSIGNED_REGION
province:3458,uganda__mubende,3458,Mubende,,,6306.607,,,,,,,,UNASSIGNED_REGION
province:2376,japan__ibaraki,2376,Ibaraki,,,6306.599,,,,,,,,UNASSIGNED_REGION
province:3754,turkey__g_m_shane,3754,Gümüshane,,,6306.382,,,,,,,,UNASSIGNED_REGION
province:3649,algeria__oum_el_bouaghi,3649,Oum el Bouaghi,,,6296.405,,,,,,,,UNASSIGNED_REGION
province:3195,falkland_islands__falkland_islands_2,3195,Falkland Islands,,,6295.388,,,,,,,,UNASSIGNED_REGION
province:3427,dominican_republic__duarte,3427,Duarte,,,6291.642,,,,,,,,UNASSIGNED_REGION
province:3958,italy__l_aquila,3958,L'Aquila,,,6285.919,,,,,,,,UNASSIGNED_REGION
province:2830,spain__tarragona,2830,Tarragona,region:iberia:catalonia,macroregion:iberia,6283.512,P2,1300,5,,,,5,OK
province:2536,vietnam__b_nh_nh,2536,Bình Định,,,6280.673,,,,,,,,UNASSIGNED_REGION
province:3961,france__gers,3961,Gers,,,6279.337,,,,,,,,UNASSIGNED_REGION
province:297,hungary__hajd_bihar,297,Hajdú-Bihar,,,6278.742,,,,,,,,UNASSIGNED_REGION
province:2672,russia__sakha_yakutia_14,2672,Sakha (Yakutia),,,6277.268,,,,,,,,UNASSIGNED_REGION
province:3413,romania__alba,3413,Alba,,,6275.91,,,,,,,,UNASSIGNED_REGION
province:1749,portugal__bragan_a,1749,Bragança,region:iberia:tras_os_montes,macroregion:iberia,6267.558,P4,2800,2,,,,2,OK
province:3302,papua_new_guinea__chimbu,3302,Chimbu,,,6259.614,,,,,,,,UNASSIGNED_REGION
province:3975,france__sarthe,3975,Sarthe,,,6259.121,,,,,,,,UNASSIGNED_REGION
province:2743,turkey__sinop,2743,Sinop,,,6246.859,,,,,,,,UNASSIGNED_REGION
province:2867,france__somme,2867,Somme,,,6243.618,,,,,,,,UNASSIGNED_REGION
province:3872,georgia__imereti,3872,Imereti,,,6234.62,,,,,,,,UNASSIGNED_REGION
province:2866,france__seine_maritime,2866,Seine-Maritime,,,6215.819,,,,,,,,UNASSIGNED_REGION
province:1048,vietnam__cao_b_ng,1048,Cao Bằng,,,6203.133,,,,,,,,UNASSIGNED_REGION
province:3360,turkey__amasya,3360,Amasya,,,6201.322,,,,,,,,UNASSIGNED_REGION
province:1253,ecuador__el_oro,1253,El Oro,,,6194.197,,,,,,,,UNASSIGNED_REGION
province:1801,uruguay__colonia,1801,Colonia,,,6193.668,,,,,,,,UNASSIGNED_REGION
province:3628,algeria__s_tif,3628,Sétif,,,6190.45,,,,,,,,UNASSIGNED_REGION
province:2827,france__h_rault,2827,Hérault,,,6188.318,,,,,,,,UNASSIGNED_REGION
province:3235,cuba__santiago_de_cuba,3235,Santiago de Cuba,,,6187.785,,,,,,,,UNASSIGNED_REGION
province:3737,nigeria__ebonyi,3737,Ebonyi,,,6183.162,,,,,,,,UNASSIGNED_REGION
province:210,france__meuse,210,Meuse,,,6179.6,,,,,,,,UNASSIGNED_REGION
province:704,slovakia__nitriansky,704,Nitriansky,,,6178.533,,,,,,,,UNASSIGNED_REGION
province:1019,burkina_faso__sourou,1019,Sourou,,,6175.814,,,,,,,,UNASSIGNED_REGION
province:4001,france__orne,4001,Orne,,,6161.786,,,,,,,,UNASSIGNED_REGION
province:1001,togo__maritime,1001,Maritime,,,6156.85,,,,,,,,UNASSIGNED_REGION
province:3988,france__aube,3988,Aube,,,6156.792,,,,,,,,UNASSIGNED_REGION
province:2077,venezuela__yaracuy,2077,Yaracuy,,,6149.904,,,,,,,,UNASSIGNED_REGION
province:416,france__savoie,416,Savoie,,,6148.162,,,,,,,,UNASSIGNED_REGION
province:612,cuba__guant_namo,612,Guantánamo,,,6147.003,,,,,,,,UNASSIGNED_REGION
province:617,republic_of_serbia__zlatiborski,617,Zlatiborski,,,6141.131,,,,,,,,UNASSIGNED_REGION
province:3970,france__indre_et_loire,3970,Indre-et-Loire,,,6128.208,,,,,,,,UNASSIGNED_REGION
province:3271,vietnam__tuy_n_quang,3271,Tuyên Quang,,,6113.98,,,,,,,,UNASSIGNED_REGION
province:485,cambodia__b_nt_ay_m_anchey,485,Bântéay Méanchey,,,6113.939,,,,,,,,UNASSIGNED_REGION
province:3945,italy__trento,3945,Trento,,,6112.751,,,,,,,,UNASSIGNED_REGION
province:237,france__moselle,237,Moselle,,,6105.169,,,,,,,,UNASSIGNED_REGION
province:2287,panama__ng_be_bugl,2287,Ngöbe Buglé,,,6101.987,,,,,,,,UNASSIGNED_REGION
province:1489,guinea_bissau__oio,1489,Oio,,,6101.434,,,,,,,,UNASSIGNED_REGION
province:4004,france__deux_s_vres,4004,Deux-Sèvres,,,6094.819,,,,,,,,UNASSIGNED_REGION
province:2865,france__eure,2865,Eure,,,6046.331,,,,,,,,UNASSIGNED_REGION
province:3709,uganda__napak,3709,Napak,,,6045.831,,,,,,,,UNASSIGNED_REGION
province:568,rwanda__western,568,Western,,,6043.841,,,,,,,,UNASSIGNED_REGION
province:667,netherlands__noord_brabant,667,Noord-Brabant,,,6042.097,,,,,,,,UNASSIGNED_REGION
province:462,hungary__somogy,462,Somogy,,,6039.832,,,,,,,,UNASSIGNED_REGION
province:2581,ireland__galway_2,2581,Galway,,,6035.164,,,,,,,,UNASSIGNED_REGION
province:69,republic_of_the_congo__brazzaville,69,Brazzaville,,,6025.881,,,,,,,,UNASSIGNED_REGION
province:1593,malawi__chikwawa,1593,Chikwawa,,,6024.977,,,,,,,,UNASSIGNED_REGION
province:2863,france__manche,2863,Manche,,,6019.1,,,,,,,,UNASSIGNED_REGION
province:3879,finland__p_ij_t_h_me,3879,Päijät-Häme,,,6004.793,,,,,,,,UNASSIGNED_REGION
province:2311,nicaragua__managua,2311,Managua,,,5998.159,,,,,,,,UNASSIGNED_REGION
province:2824,france__var,2824,Var,,,5993.784,,,,,,,,UNASSIGNED_REGION
province:339,guinea__dabola,339,Dabola,,,5983.237,,,,,,,,UNASSIGNED_REGION
province:3406,romania__buzau,3406,Buzau,,,5976.919,,,,,,,,UNASSIGNED_REGION
province:876,thailand__phayao,876,Phayao,,,5976.611,,,,,,,,UNASSIGNED_REGION
province:3981,france__vosges,3981,Vosges,,,5973.969,,,,,,,,UNASSIGNED_REGION
province:3560,ecuador__cotopaxi,3560,Cotopaxi,,,5970.273,,,,,,,,UNASSIGNED_REGION
province:3991,france__charente,3991,Charente,,,5960.101,,,,,,,,UNASSIGNED_REGION
province:1488,guinea_bissau__bafat,1488,Bafatá,,,5951.749,,,,,,,,UNASSIGNED_REGION
province:678,portugal__portalegre,678,Portalegre,region:iberia:alentejo,macroregion:iberia,5924.315,P4,4000,1,,,,1,OK
province:3082,denmark__sja_lland_3,3082,Sjaælland,,,5917.656,,,,,,,,UNASSIGNED_REGION
province:4000,france__oise,4000,Oise,,,5912.993,,,,,,,,UNASSIGNED_REGION
province:4008,france__seien_et_marne,4008,Seien-et-Marne,,,5907.565,,,,,,,,UNASSIGNED_REGION
province:1022,burkina_faso__banwa,1022,Banwa,,,5906.143,,,,,,,,UNASSIGNED_REGION
province:2713,sweden__halland,2713,Halland,,,5899.874,,,,,,,,UNASSIGNED_REGION
province:3963,france__corr_ze,3963,Corrèze,,,5894.398,,,,,,,,UNASSIGNED_REGION
province:2826,france__gard,2826,Gard,,,5888.088,,,,,,,,UNASSIGNED_REGION
province:1050,vietnam__lai_chau,1050,Lai Chau,,,5887.14,,,,,,,,UNASSIGNED_REGION
province:3878,finland__tavastia_proper,3878,Tavastia Proper,,,5882.605,,,,,,,,UNASSIGNED_REGION
province:588,spain__gerona,588,Gerona,region:iberia:catalonia,macroregion:iberia,5882.441,P2,1300,5,,,,5,OK
province:720,romania__teleorman,720,Teleorman,,,5880.359,,,,,,,,UNASSIGNED_REGION
province:2359,japan__yamaguchi,2359,Yamaguchi,,,5879.269,,,,,,,,UNASSIGNED_REGION
province:2532,vietnam__ng_nam_b,2532,Đông Nam Bộ,,,5864.563,,,,,,,,UNASSIGNED_REGION
province:3993,france__eure_et_loir,3993,Eure-et-Loir,,,5862.206,,,,,,,,UNASSIGNED_REGION
province:2741,turkey__ordu,2741,Ordu,,,5859.542,,,,,,,,UNASSIGNED_REGION
province:2779,greece__dytiki_ellada,2779,Dytiki Ellada,,,5851.611,,,,,,,,UNASSIGNED_REGION
province:3071,italy__cagliari_2,3071,Cagliari,,,5850.564,,,,,,,,UNASSIGNED_REGION
province:199,vietnam__ki_n_giang,199,Kiên Giang,,,5850.269,,,,,,,,UNASSIGNED_REGION
province:1602,uganda__arua,1602,Arua,,,5844.962,,,,,,,,UNASSIGNED_REGION
province:871,thailand__ratchaburi,871,Ratchaburi,,,5839.832,,,,,,,,UNASSIGNED_REGION
province:495,thailand__chanthaburi,495,Chanthaburi,,,5838.207,,,,,,,,UNASSIGNED_REGION
province:2705,sweden__stockholm_6,2705,Stockholm,,,5811.333,,,,,,,,UNASSIGNED_REGION
province:566,rwanda__southern,566,Southern,,,5810.972,,,,,,,,UNASSIGNED_REGION
province:2833,spain__alicante,2833,Alicante,region:iberia:valencia,macroregion:iberia,5808.297,P2,1450,4,,,,4,OK
province:3965,france__tarn,3965,Tarn,,,5807.966,,,,,,,,UNASSIGNED_REGION
province:3995,france__cantal,3995,Cantal,,,5803.486,,,,,,,,UNASSIGNED_REGION
province:685,croatia__zadarska,685,Zadarska,,,5798.472,,,,,,,,UNASSIGNED_REGION
province:2383,japan__mie,2383,Mie,,,5796.523,,,,,,,,UNASSIGNED_REGION
province:1509,equatorial_guinea__wele_nz_s,1509,Wele-Nzás,,,5791.735,,,,,,,,UNASSIGNED_REGION
province:1605,uganda__hoima,1605,Hoima,,,5780.521,,,,,,,,UNASSIGNED_REGION
province:1819,australia__northern_territory_9,1819,Northern Territory,,,5767.809,,,,,,,,UNASSIGNED_REGION
province:872,thailand__chumphon,872,Chumphon,,,5761.538,,,,,,,,UNASSIGNED_REGION
province:3638,algeria__mascara,3638,Mascara,,,5755.783,,,,,,,,UNASSIGNED_REGION
province:3557,ecuador__chimborazo,3557,Chimborazo,,,5753.553,,,,,,,,UNASSIGNED_REGION
province:3763,sri_lanka__m_ar_gala,3763,Mŏṇarāgala,,,5746.357,,,,,,,,UNASSIGNED_REGION
province:26,west_bank__west_bank,26,West Bank,,,5743.707,,,,,,,,UNASSIGNED_REGION
province:220,georgia__shida_kartli,220,Shida Kartli,,,5737.236,,,,,,,,UNASSIGNED_REGION
province:1564,uganda__lamwo,1564,Lamwo,,,5732.957,,,,,,,,UNASSIGNED_REGION
province:3883,burkina_faso__tuy,3883,Tuy,,,5728.534,,,,,,,,UNASSIGNED_REGION
province:3338,thailand__maha_sarakham,3338,Maha Sarakham,,,5720.58,,,,,,,,UNASSIGNED_REGION
province:884,thailand__nakhon_phanom,884,Nakhon Phanom,,,5717.828,,,,,,,,UNASSIGNED_REGION
province:3236,canada__prince_edward_island,3236,Prince Edward Island,,,5708.985,,,,,,,,UNASSIGNED_REGION
province:3526,guinea__k_rouan,3526,Kérouané,,,5701.766,,,,,,,,UNASSIGNED_REGION
province:293,hungary__szabolcs_szatm_r_bereg,293,Szabolcs-Szatmár-Bereg,,,5691.667,,,,,,,,UNASSIGNED_REGION
province:3210,fiji__northern_4,3210,Northern,,,5687.517,,,,,,,,UNASSIGNED_REGION
province:2432,canada__nunavut_38,2432,Nunavut,,,5676.37,,,,,,,,UNASSIGNED_REGION
province:3190,philippines__mindoro_occidental_2,3190,Mindoro Occidental,,,5674.411,,,,,,,,UNASSIGNED_REGION
province:674,france__ain,674,Ain,,,5665.996,,,,,,,,UNASSIGNED_REGION
province:3982,france__ard_che,3982,Ardèche,,,5663.79,,,,,,,,UNASSIGNED_REGION
province:428,oman__al_buraymi,428,Al Buraymi,,,5647.262,,,,,,,,UNASSIGNED_REGION
province:1351,chile__magallanes_y_ant_rtica_chilena_35,1351,Magallanes y Antártica Chilena,,,5647.017,,,,,,,,UNASSIGNED_REGION
province:838,jordan__karak,838,Karak,,,5644.005,,,,,,,,UNASSIGNED_REGION
province:2864,france__calvados,2864,Calvados,,,5642.924,,,,,,,,UNASSIGNED_REGION
province:827,syria__idlib,827,Idlib,,,5636.474,,,,,,,,UNASSIGNED_REGION
province:295,hungary__b_k_s,295,Békés,,,5629.348,,,,,,,,UNASSIGNED_REGION
province:3662,afghanistan__parwan_2,3662,Parwan,,,5626.543,,,,,,,,UNASSIGNED_REGION
province:103,lithuania__alytaus,103,Alytaus,,,5625.793,,,,,,,,UNASSIGNED_REGION
province:3402,romania__v_lcea,3402,Vâlcea,,,5609.936,,,,,,,,UNASSIGNED_REGION
province:3411,romania__neamt,3411,Neamt,,,5601.073,,,,,,,,UNASSIGNED_REGION
province:320,czech_republic__moravskoslezsk,320,Moravskoslezský,,,5588.809,,,,,,,,UNASSIGNED_REGION
province:2668,russia__sakha_yakutia_10,2668,Sakha (Yakutia),,,5585.801,,,,,,,,UNASSIGNED_REGION
province:3973,france__creuse,3973,Creuse,,,5582.944,,,,,,,,UNASSIGNED_REGION
province:3905,bulgaria__plovdiv,3905,Plovdiv,,,5578.633,,,,,,,,UNASSIGNED_REGION
province:3408,romania__sibiu,3408,Sibiu,,,5561.556,,,,,,,,UNASSIGNED_REGION
province:731,republic_of_serbia__branicevski,731,Branicevski,,,5560.322,,,,,,,,UNASSIGNED_REGION
province:3274,vietnam__ha_noi,3274,Ha Noi,,,5559.934,,,,,,,,UNASSIGNED_REGION
province:3867,hungary__j_sz_nagykun_szolnok,3867,Jász-Nagykun-Szolnok,,,5559.87,,,,,,,,UNASSIGNED_REGION
province:2115,algeria__skikda,2115,Skikda,,,5558.969,,,,,,,,UNASSIGNED_REGION
province:826,turkey__hatay,826,Hatay,,,5555.441,,,,,,,,UNASSIGNED_REGION
province:1716,cyprus__nicosia,1716,Nicosia,,,5551.395,,,,,,,,UNASSIGNED_REGION
province:740,romania__iasi,740,Iasi,,,5549.832,,,,,,,,UNASSIGNED_REGION
province:203,france__nord,203,Nord,,,5549.657,,,,,,,,UNASSIGNED_REGION
province:414,france__hautes_alpes,414,Hautes-Alpes,,,5543.058,,,,,,,,UNASSIGNED_REGION
province:2523,thailand__chachoengsao,2523,Chachoengsao,,,5533.084,,,,,,,,UNASSIGNED_REGION
province:25,israel__hazafon,25,HaZafon,,,5529.736,,,,,,,,UNASSIGNED_REGION
province:3400,romania__gorj,3400,Gorj,,,5525.456,,,,,,,,UNASSIGNED_REGION
province:3962,france__haute_vienne,3962,Haute-Vienne,,,5511.883,,,,,,,,UNASSIGNED_REGION
province:1007,ivory_coast__sud_como_2,1007,Sud-Comoé,,,5507.411,,,,,,,,UNASSIGNED_REGION
province:3705,uganda__nakapiripirit,3705,Nakapiripirit,,,5492.476,,,,,,,,UNASSIGNED_REGION
province:2354,japan__ehime,2354,Ehime,,,5492.265,,,,,,,,UNASSIGNED_REGION
province:562,swaziland__lubombo,562,Lubombo,,,5478.371,,,,,,,,UNASSIGNED_REGION
province:2008,philippines__palawan_4,2008,Palawan,,,5466.269,,,,,,,,UNASSIGNED_REGION
province:1747,portugal__guarda,1747,Guarda,region:iberia:beira_interior,macroregion:iberia,5455.8,P4,3000,2,,,,2,OK
province:3330,thailand__suphan_buri,3330,Suphan Buri,,,5445.253,,,,,,,,UNASSIGNED_REGION
province:426,finland__kymenlaakso_2,426,Kymenlaakso,,,5443.145,,,,,,,,UNASSIGNED_REGION
province:2058,philippines__leyte,2058,Leyte,,,5441.251,,,,,,,,UNASSIGNED_REGION
province:737,romania__botosani,737,Botosani,,,5439.584,,,,,,,,UNASSIGNED_REGION
province:2062,philippines__samar_2,2062,Samar,,,5431.013,,,,,,,,UNASSIGNED_REGION
province:2031,philippines__davao_oriental,2031,Davao Oriental,,,5398.258,,,,,,,,UNASSIGNED_REGION
province:3105,indonesia__bali,3105,Bali,,,5397.568,,,,,,,,UNASSIGNED_REGION
province:3812,philippines__nueva_ecija,3812,Nueva Ecija,,,5395.097,,,,,,,,UNASSIGNED_REGION
province:2597,united_kingdom__norfolk,2597,Norfolk,,,5390.938,,,,,,,,UNASSIGNED_REGION
province:1404,afghanistan__paktya,1404,Paktya,,,5390.794,,,,,,,,UNASSIGNED_REGION
province:2582,ireland__mayo,2582,Mayo,,,5376.311,,,,,,,,UNASSIGNED_REGION
province:477,turkey__edirne,477,Edirne,,,5373.811,,,,,,,,UNASSIGNED_REGION
province:170,norway__akershus,170,Akershus,,,5372.233,,,,,,,,UNASSIGNED_REGION
province:3133,solomon_islands__guadalcanal,3133,Guadalcanal,,,5370.185,,,,,,,,UNASSIGNED_REGION
province:3996,france__lot_et_garonne,3996,Lot-et-Garonne,,,5366.918,,,,,,,,UNASSIGNED_REGION
province:3174,philippines__negros_oriental,3174,Negros Oriental,,,5359.082,,,,,,,,UNASSIGNED_REGION
province:2816,italy__roma,2816,Roma,,,5352.341,,,,,,,,UNASSIGNED_REGION
province:2694,finland__central_ostrobothnia,2694,Central Ostrobothnia,,,5351.86,,,,,,,,UNASSIGNED_REGION
province:862,myanmar__mon,862,Mon,,,5342.386,,,,,,,,UNASSIGNED_REGION
province:3380,spain__la_rioja,3380,La Rioja,region:iberia:old_castile,macroregion:iberia,5340.012,P4,2800,2,,,,2,OK
province:2851,spain__cantabria,2851,Cantabria,region:iberia:cantabrian_basque_coast,macroregion:iberia,5336.8,P2,1300,4,,,,4,OK
province:117,czech_republic__steck,117,Ústecký,,,5332.463,,,,,,,,UNASSIGNED_REGION
province:343,liberia__grand_cape_mount,343,Grand Cape Mount,,,5323.455,,,,,,,,UNASSIGNED_REGION
province:3267,yemen__ibb,3267,Ibb,,,5309.729,,,,,,,,UNASSIGNED_REGION
province:3721,turkey__nevsehir,3721,Nevsehir,,,5309.05,,,,,,,,UNASSIGNED_REGION
province:2310,nicaragua__le_n,2310,León,,,5304.721,,,,,,,,UNASSIGNED_REGION
province:3597,cambodia__k_mp_ng_chhnang,3597,Kâmpóng Chhnang,,,5290.243,,,,,,,,UNASSIGNED_REGION
province:4002,france__haute_sa_ne,4002,Haute-Saône,,,5284.774,,,,,,,,UNASSIGNED_REGION
province:446,guinea__koundara,446,Koundara,,,5284.35,,,,,,,,UNASSIGNED_REGION
province:3312,turkey__bilecik,3312,Bilecik,,,5278.578,,,,,,,,UNASSIGNED_REGION
province:1505,uganda__namayingo,1505,Namayingo,,,5265.639,,,,,,,,UNASSIGNED_REGION
province:1672,united_states_of_america__alaska_46,1672,Alaska,,,5265.019,,,,,,,,UNASSIGNED_REGION
province:3747,nigeria__imo,3747,Imo,,,5264.945,,,,,,,,UNASSIGNED_REGION
province:2147,liberia__river_cess,2147,River Cess,,,5261.518,,,,,,,,UNASSIGNED_REGION
province:3407,romania__brasov,3407,Brasov,,,5260.366,,,,,,,,UNASSIGNED_REGION
province:3395,romania__bistrita_nasaud,3395,Bistrita-Nasaud,,,5248.791,,,,,,,,UNASSIGNED_REGION
province:3889,burkina_faso__ziro,3889,Ziro,,,5248.785,,,,,,,,UNASSIGNED_REGION
province:132,lithuania__klaipedos_2,132,Klaipedos,,,5241.817,,,,,,,,UNASSIGNED_REGION
province:1196,belize__cayo,1196,Cayo,,,5235.081,,,,,,,,UNASSIGNED_REGION
province:725,romania__olt,725,Olt,,,5231.766,,,,,,,,UNASSIGNED_REGION
province:3974,france__mayenne,3974,Mayenne,region:france:pays_de_la_loire,macroregion:france,5231.388,,,,,,,,REGION_WITHOUT_CELL_PROFILE
province:2160,philippines__camarines_sur,2160,Camarines Sur,,,5229.779,,,,,,,,UNASSIGNED_REGION
province:673,france__doubs,673,Doubs,,,5226.312,,,,,,,,UNASSIGNED_REGION
province:1211,nicaragua__rivas,1211,Rivas,,,5225.603,,,,,,,,UNASSIGNED_REGION
province:1438,kuwait__al_ahmadi,1438,Al Ahmadi,,,5223.476,,,,,,,,UNASSIGNED_REGION
province:2171,philippines__pangasinan,2171,Pangasinan,,,5222.406,,,,,,,,UNASSIGNED_REGION
province:1478,tunisia__le_kef,1478,Le Kef,,,5222.217,,,,,,,,UNASSIGNED_REGION
province:284,armenia__gegharkunik,284,Gegharkunik,,,5215.034,,,,,,,,UNASSIGNED_REGION
province:211,france__meurthe_et_moselle,211,Meurthe-et-Moselle,,,5210.642,,,,,,,,UNASSIGNED_REGION
province:3824,nigeria__ekiti,3824,Ekiti,,,5202.259,,,,,,,,UNASSIGNED_REGION
province:3882,burkina_faso__sangui,3882,Sanguié,,,5199.683,,,,,,,,UNASSIGNED_REGION
province:206,france__ardennes,206,Ardennes,,,5195.777,,,,,,,,UNASSIGNED_REGION
province:3466,philippines__south_cotabato,3466,South Cotabato,,,5195.161,,,,,,,,UNASSIGNED_REGION
province:1501,uganda__rakai,1501,Rakai,,,5183.408,,,,,,,,UNASSIGNED_REGION
province:3997,france__loz_re,3997,Lozère,,,5181.281,,,,,,,,UNASSIGNED_REGION
province:3462,portugal__viseu,3462,Viseu,region:iberia:beira_interior,macroregion:iberia,5154.123,P4,3000,2,,,,2,OK
province:221,georgia__racha_lechkhumi_kvemo_svaneti,221,Racha-Lechkhumi-Kvemo Svaneti,,,5151.874,,,,,,,,UNASSIGNED_REGION
province:2017,philippines__surigao_del_sur,2017,Surigao del Sur,,,5145.92,,,,,,,,UNASSIGNED_REGION
province:742,romania__vaslui,742,Vaslui,,,5143.086,,,,,,,,UNASSIGNED_REGION
province:2377,japan__chiba,2377,Chiba,,,5143.007,,,,,,,,UNASSIGNED_REGION
province:3683,uganda__mbarara_2,3683,Mbarara,,,5141.918,,,,,,,,UNASSIGNED_REGION
province:2825,france__bouches_du_rh_ne,2825,Bouches-du-Rhône,,,5141.618,,,,,,,,UNASSIGNED_REGION
province:3696,united_kingdom__derbyshire,3696,Derbyshire,,,5135.544,,,,,,,,UNASSIGNED_REGION
province:3522,honduras__comayagua,3522,Comayagua,,,5124.733,,,,,,,,UNASSIGNED_REGION
province:233,turkey__ardahan,233,Ardahan,,,5123.094,,,,,,,,UNASSIGNED_REGION
province:558,italy__udine,558,Udine,,,5119.638,,,,,,,,UNASSIGNED_REGION
province:2526,vietnam__c_mau,2526,Cà Mau,,,5118.378,,,,,,,,UNASSIGNED_REGION
province:2782,greece__dytiki_ellada_4,2782,Dytiki Ellada,,,5114.142,,,,,,,,UNASSIGNED_REGION
province:1799,uruguay__canelones,1799,Canelones,,,5107.652,,,,,,,,UNASSIGNED_REGION
province:2625,russia__chukchi_autonomous_okrug_4,2625,Chukchi Autonomous Okrug,,,5101.249,,,,,,,,UNASSIGNED_REGION
province:3284,uruguay__flores,3284,Flores,,,5093.716,,,,,,,,UNASSIGNED_REGION
province:2840,portugal__set_bal,2840,Setúbal,region:iberia:estremadura_ribatejo,macroregion:iberia,5092.548,P2,1500,3,,,,3,OK
province:3054,italy__palermo,3054,Palermo,,,5091.73,,,,,,,,UNASSIGNED_REGION
province:1214,honduras__santa_b_rbara,1214,Santa Bárbara,,,5083.144,,,,,,,,UNASSIGNED_REGION
province:2535,vietnam__ph_y_n,2535,Phú Yên,,,5081.644,,,,,,,,UNASSIGNED_REGION
province:2066,panama__col_n,2066,Colón,,,5079.469,,,,,,,,UNASSIGNED_REGION
province:2336,japan__fukuoka,2336,Fukuoka,,,5079.393,,,,,,,,UNASSIGNED_REGION
province:1579,benin__zou,1579,Zou,,,5076.134,,,,,,,,UNASSIGNED_REGION
province:3969,france__lot,3969,Lot,,,5073.007,,,,,,,,UNASSIGNED_REGION
province:2142,guinea__dubr_ka,2142,Dubréka,,,5066.941,,,,,,,,UNASSIGNED_REGION
province:2141,guinea__boffa,2141,Boffa,,,5063.294,,,,,,,,UNASSIGNED_REGION
province:681,croatia__sisacko_moslavacka,681,Sisacko-Moslavacka,,,5059.563,,,,,,,,UNASSIGNED_REGION
province:913,lesotho__thaba_tseka,913,Thaba-Tseka,,,5044.959,,,,,,,,UNASSIGNED_REGION
province:1030,liberia__river_gee,1030,River Gee,,,5042.886,,,,,,,,UNASSIGNED_REGION
province:2078,venezuela__carabobo,2078,Carabobo,,,5031.62,,,,,,,,UNASSIGNED_REGION
province:3869,hungary__veszpr_m,3869,Veszprém,,,5030.735,,,,,,,,UNASSIGNED_REGION
province:90,united_arab_emirates__sharjah,90,Sharjah,,,5026.243,,,,,,,,UNASSIGNED_REGION
province:3567,costa_rica__san_jos,3567,San José,,,5024.094,,,,,,,,UNASSIGNED_REGION
province:433,azerbaijan__ki,433,Şəki,,,5018.667,,,,,,,,UNASSIGNED_REGION
province:2739,turkey__trabzon,2739,Trabzon,,,5007.753,,,,,,,,UNASSIGNED_REGION
province:1494,senegal__ziguinchor_2,1494,Ziguinchor,,,5002.845,,,,,,,,UNASSIGNED_REGION
province:3605,bhutan__wangdi_phodrang,3605,Wangdi Phodrang,,,4998.109,,,,,,,,UNASSIGNED_REGION
province:3307,moldova__anenii_noi,3307,Anenii Noi,,,4980.209,,,,,,,,UNASSIGNED_REGION
province:3994,france__haute_loire,3994,Haute-Loire,,,4972.674,,,,,,,,UNASSIGNED_REGION
province:901,vietnam__qu_ng_tr,901,Quảng Trị,,,4972.332,,,,,,,,UNASSIGNED_REGION
province:586,france__ari_ge,586,Ariège,,,4971.977,,,,,,,,UNASSIGNED_REGION
province:1576,burkina_faso__koulp_logo,1576,Koulpélogo,,,4969.642,,,,,,,,UNASSIGNED_REGION
province:2613,united_kingdom__gwynedd,2613,Gwynedd,,,4965.511,,,,,,,,UNASSIGNED_REGION
province:1756,portugal__faro_2,1756,Faro,region:iberia:algarve,macroregion:iberia,4964.174,P3,1700,3,,,,3,OK
province:2382,japan__aichi_2,2382,Aichi,,,4959.519,,,,,,,,UNASSIGNED_REGION
province:318,czech_republic__olomouck,318,Olomoucký,,,4949.931,,,,,,,,UNASSIGNED_REGION
province:2982,haiti__l_artibonite,2982,L'Artibonite,,,4940.268,,,,,,,,UNASSIGNED_REGION
province:2643,russia__nenets_4,2643,Nenets,,,4934.527,,,,,,,,UNASSIGNED_REGION
province:201,cambodia__k_mp_t,201,Kâmpôt,,,4932.406,,,,,,,,UNASSIGNED_REGION
province:1557,burkina_faso__komondjari,1557,Komondjari,,,4924.805,,,,,,,,UNASSIGNED_REGION
province:675,france__jura,675,Jura,,,4915.236,,,,,,,,UNASSIGNED_REGION
province:3342,thailand__phra_nakhon_si_ayutthaya,3342,Phra Nakhon Si Ayutthaya,,,4912.788,,,,,,,,UNASSIGNED_REGION
province:3983,france__loire,3983,Loire,,,4908.698,,,,,,,,UNASSIGNED_REGION
province:864,myanmar__mon_3,864,Mon,,,4907.899,,,,,,,,UNASSIGNED_REGION
province:2170,philippines__zambales,2170,Zambales,,,4905.22,,,,,,,,UNASSIGNED_REGION
province:1800,uruguay__san_jos,1800,San José,,,4900.472,,,,,,,,UNASSIGNED_REGION
province:715,romania__mehedinti,715,Mehedinti,,,4892.322,,,,,,,,UNASSIGNED_REGION
province:3634,algeria__relizane,3634,Relizane,,,4892.095,,,,,,,,UNASSIGNED_REGION
province:3768,sri_lanka__kuru_gala,3768,Kuruṇægala,,,4881.06,,,,,,,,UNASSIGNED_REGION
province:193,cambodia__prey_v_ng,193,Prey Vêng,,,4873.104,,,,,,,,UNASSIGNED_REGION
province:2813,italy__salerno,2813,Salerno,,,4870.466,,,,,,,,UNASSIGNED_REGION
province:2025,philippines__maguindanao,2025,Maguindanao,,,4863.998,,,,,,,,UNASSIGNED_REGION
province:1977,panama__cocl,1977,Coclé,,,4855.039,,,,,,,,UNASSIGNED_REGION
province:1549,senegal__kaolack,1549,Kaolack,,,4853.47,,,,,,,,UNASSIGNED_REGION
province:3906,bulgaria__stara_zagora,3906,Stara Zagora,,,4852.501,,,,,,,,UNASSIGNED_REGION
province:3933,italy__brescia,3933,Brescia,,,4841.298,,,,,,,,UNASSIGNED_REGION
province:3390,senegal__diourbel,3390,Diourbel,,,4840.757,,,,,,,,UNASSIGNED_REGION
province:1798,uruguay__maldonado,1798,Maldonado,,,4836.476,,,,,,,,UNASSIGNED_REGION
province:1606,uganda__kabarole,1606,Kabarole,,,4833.452,,,,,,,,UNASSIGNED_REGION
province:125,estonia__p_rnu,125,Pärnu,,,4831.813,,,,,,,,UNASSIGNED_REGION
province:2304,guatemala__escuintla,2304,Escuintla,,,4794.657,,,,,,,,UNASSIGNED_REGION
province:2577,ireland__kerry_2,2577,Kerry,,,4794.223,,,,,,,,UNASSIGNED_REGION
province:633,nicaragua__chinandega,633,Chinandega,,,4776.168,,,,,,,,UNASSIGNED_REGION
province:2063,vietnam__kh_nh_h_a,2063,Khánh Hòa,,,4772.624,,,,,,,,UNASSIGNED_REGION
province:718,romania__calarasi,718,Calarasi,,,4764.023,,,,,,,,UNASSIGNED_REGION
province:310,ireland__donegal,310,Donegal,,,4758.774,,,,,,,,UNASSIGNED_REGION
province:727,bulgaria__veliko_tarnovo,727,Veliko Tarnovo,,,4753.952,,,,,,,,UNASSIGNED_REGION
province:3459,romania__braila,3459,Braila,,,4751.895,,,,,,,,UNASSIGNED_REGION
province:316,czech_republic__kr_lov_hradeck,316,Královéhradecký,,,4750.072,,,,,,,,UNASSIGNED_REGION
province:902,vietnam__th_a_thi_n_hu,902,Thừa Thiên - Huế,,,4728.935,,,,,,,,UNASSIGNED_REGION
province:390,lithuania__marijampoles,390,Marijampoles,,,4726.387,,,,,,,,UNASSIGNED_REGION
province:3736,nigeria__abia,3736,Abia,,,4725.031,,,,,,,,UNASSIGNED_REGION
province:1198,belize__orange_walk,1198,Orange Walk,,,4720.903,,,,,,,,UNASSIGNED_REGION
province:3429,dominican_republic__san_juan,3429,San Juan,,,4720.487,,,,,,,,UNASSIGNED_REGION
province:3275,vietnam__ng_b_c,3275,Đông Bắc,,,4720.399,,,,,,,,UNASSIGNED_REGION
province:3881,burkina_faso__bal,3881,Balé,,,4719.399,,,,,,,,UNASSIGNED_REGION
province:3405,romania__vrancea,3405,Vrancea,,,4719.159,,,,,,,,UNASSIGNED_REGION
province:3073,france__haute_corse,3073,Haute-Corse,,,4708.586,,,,,,,,UNASSIGNED_REGION
province:3738,nigeria__anambra,3738,Anambra,,,4697.441,,,,,,,,UNASSIGNED_REGION
province:3276,vietnam__b_c_giang,3276,Bắc Giang,,,4693.859,,,,,,,,UNASSIGNED_REGION
province:292,romania__satu_mare,292,Satu Mare,,,4693.126,,,,,,,,UNASSIGNED_REGION
province:3180,philippines__iloilo,3180,Iloilo,,,4688.66,,,,,,,,UNASSIGNED_REGION
province:515,thailand__yala,515,Yala,,,4684.557,,,,,,,,UNASSIGNED_REGION
province:3728,turkey__kinkkale,3728,Kinkkale,,,4676.468,,,,,,,,UNASSIGNED_REGION
province:417,france__haute_savoie,417,Haute-Savoie,,,4673.246,,,,,,,,UNASSIGNED_REGION
province:1400,afghanistan__kunar,1400,Kunar,,,4671.799,,,,,,,,UNASSIGNED_REGION
province:1882,indonesia__nusa_tenggara_barat_2,1882,Nusa Tenggara Barat,,,4671.551,,,,,,,,UNASSIGNED_REGION
province:2043,sri_lanka__amp_ra,2043,Ampāra,,,4662.308,,,,,,,,UNASSIGNED_REGION
province:2511,thailand__trang,2511,Trang,,,4652.629,,,,,,,,UNASSIGNED_REGION
province:1698,united_states_of_america__alaska_72,1698,Alaska,,,4650.92,,,,,,,,UNASSIGNED_REGION
province:723,bulgaria__dobrich,723,Dobrich,,,4647.805,,,,,,,,UNASSIGNED_REGION
province:341,guinea__gu_ck_dou,341,Guéckédou,,,4637.23,,,,,,,,UNASSIGNED_REGION
province:3428,dominican_republic__santiago,3428,Santiago,,,4636.686,,,,,,,,UNASSIGNED_REGION
province:1922,ecuador__gal_pagos_5,1922,Galápagos,,,4635.04,,,,,,,,UNASSIGNED_REGION
province:671,france__bas_rhin,671,Bas-Rhin,,,4634.879,,,,,,,,UNASSIGNED_REGION
province:3863,iran__alborz,3863,Alborz,,,4633.385,,,,,,,,UNASSIGNED_REGION
province:3403,romania__prahova,3403,Prahova,,,4626.455,,,,,,,,UNASSIGNED_REGION
province:2215,oman__muscat,2215,Muscat,,,4625.45,,,,,,,,UNASSIGNED_REGION
province:1054,vietnam__qu_ng_ninh_3,1054,Quảng Ninh,,,4610.749,,,,,,,,UNASSIGNED_REGION
province:3633,algeria__a_n_defla,3633,Aïn Defla,,,4606.515,,,,,,,,UNASSIGNED_REGION
province:367,djibouti__obock,367,Obock,,,4600.48,,,,,,,,UNASSIGNED_REGION
province:3559,ecuador__imbabura,3559,Imbabura,,,4598.165,,,,,,,,UNASSIGNED_REGION
province:2363,japan__ky_to,2363,Kyōto,,,4597.446,,,,,,,,UNASSIGNED_REGION
province:3353,thailand__prachin_buri,3353,Prachin Buri,,,4596.759,,,,,,,,UNASSIGNED_REGION
province:2153,benin__atlantique,2153,Atlantique,,,4588.916,,,,,,,,UNASSIGNED_REGION
province:1492,guinea_bissau__cacheu_2,1492,Cacheu,,,4586.563,,,,,,,,UNASSIGNED_REGION
province:465,hungary__baranya,465,Baranya,,,4585.599,,,,,,,,UNASSIGNED_REGION
province:2537,vietnam__qu_ng_ng_i,2537,Quảng Ngãi,,,4570.781,,,,,,,,UNASSIGNED_REGION
province:3706,uganda__nwoya,3706,Nwoya,,,4570.3,,,,,,,,UNASSIGNED_REGION
province:2024,philippines__lanao_del_sur,2024,Lanao del Sur,,,4551.043,,,,,,,,UNASSIGNED_REGION
province:1217,panama__bocas_del_toro,1217,Bocas del Toro,,,4546.069,,,,,,,,UNASSIGNED_REGION
province:3460,romania__ialomita,3460,Ialomita,,,4533.624,,,,,,,,UNASSIGNED_REGION
province:2167,philippines__batangas,2167,Batangas,,,4529.7,,,,,,,,UNASSIGNED_REGION
province:3298,tunisia__siliana,3298,Siliana,,,4524.512,,,,,,,,UNASSIGNED_REGION
province:3630,algeria__bouira,3630,Bouira,,,4521.182,,,,,,,,UNASSIGNED_REGION
province:3203,fiji__central,3203,Central,,,4519.689,,,,,,,,UNASSIGNED_REGION
province:2676,estonia__harju,2676,Harju,,,4516.224,,,,,,,,UNASSIGNED_REGION
province:699,slovakia__trenciansky,699,Trenciansky,,,4513.89,,,,,,,,UNASSIGNED_REGION
province:3176,philippines__cebu_2,3176,Cebu,,,4513.394,,,,,,,,UNASSIGNED_REGION
province:1427,syria__dar_a,1427,Dar`a,,,4511.785,,,,,,,,UNASSIGNED_REGION
province:2227,taiwan__hualien,2227,Hualien,,,4498.37,,,,,,,,UNASSIGNED_REGION
province:2026,philippines__sultan_kudarat,2026,Sultan Kudarat,,,4496.512,,,,,,,,UNASSIGNED_REGION
province:2291,honduras__atl_ntida,2291,Atlántida,,,4494.352,,,,,,,,UNASSIGNED_REGION
province:3505,japan__yamanashi,3505,Yamanashi,,,4482.363,,,,,,,,UNASSIGNED_REGION
province:585,france__hautes_pyr_n_es,585,Hautes-Pyrénées,,,4478.3,,,,,,,,UNASSIGNED_REGION
province:634,honduras__choluteca,634,Choluteca,,,4473.581,,,,,,,,UNASSIGNED_REGION
province:1043,guinea__tougu,1043,Tougué,,,4464.907,,,,,,,,UNASSIGNED_REGION
province:3230,cuba__mayabeque,3230,Mayabeque,,,4459.2,,,,,,,,UNASSIGNED_REGION
province:2818,italy__grosseto,2818,Grosseto,,,4457.451,,,,,,,,UNASSIGNED_REGION
province:3160,indonesia__bangka_belitung,3160,Bangka-Belitung,,,4452.077,,,,,,,,UNASSIGNED_REGION
province:1837,australia__south_australia_2,1837,South Australia,,,4446.941,,,,,,,,UNASSIGNED_REGION
province:3434,azerbaijan__ab_eron,3434,Abşeron,,,4445.677,,,,,,,,UNASSIGNED_REGION
province:2386,japan__wakayama,2386,Wakayama,,,4445.616,,,,,,,,UNASSIGNED_REGION
province:3194,falkland_islands__falkland_islands,3194,Falkland Islands,,,4440.266,,,,,,,,UNASSIGNED_REGION
province:1753,spain__pontevedra,1753,Pontevedra,region:iberia:galicia,macroregion:iberia,4433.094,P3,2100,2,,,,2,OK
province:517,thailand__narathiwat,517,Narathiwat,,,4427.621,,,,,,,,UNASSIGNED_REGION
province:3658,afghanistan__logar,3658,Logar,,,4424.749,,,,,,,,UNASSIGNED_REGION
province:298,hungary__csongr_d,298,Csongrád,,,4423.927,,,,,,,,UNASSIGNED_REGION
province:209,belgium__luxembourg,209,Luxembourg,,,4423.79,,,,,,,,UNASSIGNED_REGION
province:2447,canada__nunavut_53,2447,Nunavut,,,4422.5,,,,,,,,UNASSIGNED_REGION
province:3724,turkey__usak,3724,Usak,,,4420.672,,,,,,,,UNASSIGNED_REGION
province:1721,bhutan__gasa,1721,Gasa,,,4418.324,,,,,,,,UNASSIGNED_REGION
province:724,bulgaria__vratsa,724,Vratsa,,,4416.069,,,,,,,,UNASSIGNED_REGION
province:3656,afghanistan__kabul,3656,Kabul,,,4414.41,,,,,,,,UNASSIGNED_REGION
province:2617,united_kingdom__lancashire_2,2617,Lancashire,,,4413.914,,,,,,,,UNASSIGNED_REGION
province:1862,indonesia__jawa_timur_3,1862,Jawa Timur,,,4410.481,,,,,,,,UNASSIGNED_REGION
province:476,bulgaria__yambol,476,Yambol,,,4398.058,,,,,,,,UNASSIGNED_REGION
province:726,bulgaria__pleven,726,Pleven,,,4394.611,,,,,,,,UNASSIGNED_REGION
province:2979,dominican_republic__el_seybo,2979,El Seybo,,,4389.22,,,,,,,,UNASSIGNED_REGION
province:287,armenia__syunik,287,Syunik,,,4388.607,,,,,,,,UNASSIGNED_REGION
province:319,czech_republic__pardubick,319,Pardubický,,,4380.489,,,,,,,,UNASSIGNED_REGION
province:3868,hungary__fej_r,3868,Fejér,,,4364.112,,,,,,,,UNASSIGNED_REGION
province:2367,japan__toyama,2367,Toyama,,,4359.773,,,,,,,,UNASSIGNED_REGION
province:2524,thailand__chon_buri,2524,Chon Buri,,,4356.919,,,,,,,,UNASSIGNED_REGION
province:3685,united_kingdom__omagh,3685,Omagh,,,4347.58,,,,,,,,UNASSIGNED_REGION
province:1894,indonesia__sulawesi_tenggara_5,1894,Sulawesi Tenggara,,,4346.949,,,,,,,,UNASSIGNED_REGION
province:1719,belize__toledo,1719,Toledo,,,4326.281,,,,,,,,UNASSIGNED_REGION
province:3941,italy__vercelli,3941,Vercelli,,,4326.228,,,,,,,,UNASSIGNED_REGION
province:1674,united_states_of_america__alaska_48,1674,Alaska,,,4317.285,,,,,,,,UNASSIGNED_REGION
province:2120,algeria__chlef,2120,Chlef,,,4313.99,,,,,,,,UNASSIGNED_REGION
province:2216,oman__al_batnah_south,2216,Al Batnah South,,,4310.894,,,,,,,,UNASSIGNED_REGION
province:2329,egypt__ad_daqahliyah,2329,Ad Daqahliyah,,,4304.951,,,,,,,,UNASSIGNED_REGION
province:804,uzbekistan__sirdaryo,804,Sirdaryo,,,4300.501,,,,,,,,UNASSIGNED_REGION
province:620,honduras__lempira,620,Lempira,,,4299.202,,,,,,,,UNASSIGNED_REGION
province:3912,bulgaria__pazardzhik,3912,Pazardzhik,,,4298.727,,,,,,,,UNASSIGNED_REGION
province:524,haiti__ouest,524,Ouest,,,4296.794,,,,,,,,UNASSIGNED_REGION
province:2811,italy__reggio_calabria,2811,Reggio Calabria,,,4295.159,,,,,,,,UNASSIGNED_REGION
province:2748,turkey__sakarya,2748,Sakarya,,,4285.587,,,,,,,,UNASSIGNED_REGION
province:3063,italy__sassari,3063,Sassari,,,4284.546,,,,,,,,UNASSIGNED_REGION
province:303,uzbekistan__andijon,303,Andijon,,,4276.247,,,,,,,,UNASSIGNED_REGION
province:3457,uganda__kibale,3457,Kibale,,,4272.167,,,,,,,,UNASSIGNED_REGION
province:3813,philippines__laguna,3813,Laguna,,,4270.443,,,,,,,,UNASSIGNED_REGION
province:3481,nicaragua__boaco,3481,Boaco,,,4265.3,,,,,,,,UNASSIGNED_REGION
province:327,malawi__chitipa_2,327,Chitipa,,,4263.7,,,,,,,,UNASSIGNED_REGION
province:1563,uganda__kitgum,1563,Kitgum,,,4256.942,,,,,,,,UNASSIGNED_REGION
province:778,azerbaijan__c_lilabad,778,Cəlilabad,,,4252.507,,,,,,,,UNASSIGNED_REGION
province:696,republic_of_serbia__ju_no_backi,696,Južno-Backi,,,4249.738,,,,,,,,UNASSIGNED_REGION
province:3442,uganda__masindi,3442,Masindi,,,4246.854,,,,,,,,UNASSIGNED_REGION
province:2352,japan__tokushima,2352,Tokushima,,,4246.321,,,,,,,,UNASSIGNED_REGION
province:3339,thailand__nong_bua_lam_phu,3339,Nong Bua Lam Phu,,,4243.936,,,,,,,,UNASSIGNED_REGION
province:744,romania__galati,744,Galati,,,4233.619,,,,,,,,UNASSIGNED_REGION
province:2364,japan__fukui,2364,Fukui,,,4230.01,,,,,,,,UNASSIGNED_REGION
province:1552,senegal__fatick_2,1552,Fatick,,,4227.104,,,,,,,,UNASSIGNED_REGION
province:2959,india__andaman_and_nicobar_3,2959,Andaman and Nicobar,,,4224.318,,,,,,,,UNASSIGNED_REGION
province:3887,burkina_faso__ganzourgou,3887,Ganzourgou,,,4222.114,,,,,,,,UNASSIGNED_REGION
province:2510,thailand__krabi,2510,Krabi,,,4221.746,,,,,,,,UNASSIGNED_REGION
province:376,hungary__gyor_moson_sopron,376,Gyor-Moson-Sopron,,,4221.585,,,,,,,,UNASSIGNED_REGION
province:3270,vietnam__h_a_b_nh,3270,Hòa Bình,,,4219.083,,,,,,,,UNASSIGNED_REGION
province:1571,swaziland__manzini,1571,Manzini,,,4216.64,,,,,,,,UNASSIGNED_REGION
province:587,france__pyr_n_es_orientales,587,Pyrénées-Orientales,,,4216.141,,,,,,,,UNASSIGNED_REGION
province:3188,philippines__mindoro_oriental,3188,Mindoro Oriental,,,4213.985,,,,,,,,UNASSIGNED_REGION
province:3349,thailand__phichit,3349,Phichit,,,4211.541,,,,,,,,UNASSIGNED_REGION
province:3890,burkina_faso__boulkiemd,3890,Boulkiemdé,,,4209.786,,,,,,,,UNASSIGNED_REGION
province:3902,burkina_faso__bam,3902,Bam,,,4208.677,,,,,,,,UNASSIGNED_REGION
province:1751,portugal__vila_real,1751,Vila Real,region:iberia:tras_os_montes,macroregion:iberia,4206.044,P4,2800,2,,,,2,OK
province:190,vietnam__t_y_ninh,190,Tây Ninh,,,4205.963,,,,,,,,UNASSIGNED_REGION
province:1437,jordan__zarqa,1437,Zarqa,,,4205.608,,,,,,,,UNASSIGNED_REGION
province:1695,united_states_of_america__alaska_69,1695,Alaska,,,4197.726,,,,,,,,UNASSIGNED_REGION
province:2030,philippines__compostela_valley,2030,Compostela Valley,,,4189.53,,,,,,,,UNASSIGNED_REGION
province:411,france__alpes_maritimes,411,Alpes-Maritimes,,,4188.322,,,,,,,,UNASSIGNED_REGION
province:1972,ecuador__santa_elena,1972,Santa Elena,,,4182.881,,,,,,,,UNASSIGNED_REGION
province:194,vietnam__long_an,194,Long An,,,4181.473,,,,,,,,UNASSIGNED_REGION
province:3249,new_zealand__auckland,3249,Auckland,,,4179.899,,,,,,,,UNASSIGNED_REGION
province:1587,malawi__salima,1587,Salima,,,4160.838,,,,,,,,UNASSIGNED_REGION
province:3233,cuba__cienfuegos,3233,Cienfuegos,,,4153.183,,,,,,,,UNASSIGNED_REGION
province:3913,bulgaria__lovech,3913,Lovech,,,4150.436,,,,,,,,UNASSIGNED_REGION
province:3356,taiwan__nantou,3356,Nantou,,,4143.932,,,,,,,,UNASSIGNED_REGION
province:1992,indonesia__sumatera_utara_4,1992,Sumatera Utara,,,4132.029,,,,,,,,UNASSIGNED_REGION
province:1758,united_kingdom__shropshire,1758,Shropshire,,,4131.814,,,,,,,,UNASSIGNED_REGION
province:3751,turkey__batman,3751,Batman,,,4127.795,,,,,,,,UNASSIGNED_REGION
province:1590,malawi__dedza,1590,Dedza,,,4127.557,,,,,,,,UNASSIGNED_REGION
province:171,norway__stfold,171,Østfold,,,4115.443,,,,,,,,UNASSIGNED_REGION
province:3216,vanuatu__sanma_3,3216,Sanma,,,4111.485,,,,,,,,UNASSIGNED_REGION
province:2609,united_kingdom__somerset,2609,Somerset,,,4110.183,,,,,,,,UNASSIGNED_REGION
province:887,thailand__mukdahan,887,Mukdahan,,,4107.803,,,,,,,,UNASSIGNED_REGION
province:3558,ecuador__bolivar,3558,Bolivar,,,4105.672,,,,,,,,UNASSIGNED_REGION
province:3531,guinea__pita,3531,Pita,,,4095.442,,,,,,,,UNASSIGNED_REGION
province:1693,united_states_of_america__alaska_67,1693,Alaska,,,4091.574,,,,,,,,UNASSIGNED_REGION
province:1664,united_states_of_america__alaska_38,1664,Alaska,,,4086.748,,,,,,,,UNASSIGNED_REGION
province:2365,japan__ishikawa,2365,Ishikawa,,,4085.593,,,,,,,,UNASSIGNED_REGION
province:698,slovakia__trnavsk,698,Trnavský,,,4082.013,,,,,,,,UNASSIGNED_REGION
province:915,lesotho__maseru,915,Maseru,,,4078.913,,,,,,,,UNASSIGNED_REGION
province:672,france__haute_rhin,672,Haute-Rhin,,,4074.887,,,,,,,,UNASSIGNED_REGION
province:2059,philippines__eastern_samar,2059,Eastern Samar,,,4071.333,,,,,,,,UNASSIGNED_REGION
province:734,bulgaria__kardzhali,734,Kardzhali,,,4066.339,,,,,,,,UNASSIGNED_REGION
province:3354,thailand__yasothon,3354,Yasothon,,,4050.351,,,,,,,,UNASSIGNED_REGION
province:2118,algeria__tizi_ouzou,2118,Tizi Ouzou,,,4048.176,,,,,,,,UNASSIGNED_REGION
province:1403,afghanistan__khost,1403,Khost,,,4047.305,,,,,,,,UNASSIGNED_REGION
province:729,republic_of_serbia__ju_no_banatski,729,Južno-Banatski,,,4044.704,,,,,,,,UNASSIGNED_REGION
province:3352,thailand__lamphun,3352,Lamphun,,,4039.402,,,,,,,,UNASSIGNED_REGION
province:197,cambodia__k_ndal,197,Kândal,,,4038.183,,,,,,,,UNASSIGNED_REGION
province:3629,algeria__bordj_bou_arr_ridj,3629,Bordj Bou Arréridj,,,4037.198,,,,,,,,UNASSIGNED_REGION
province:3679,uganda__amuria,3679,Amuria,,,4033.021,,,,,,,,UNASSIGNED_REGION
province:1033,guinea__yomou,1033,Yomou,,,4026.67,,,,,,,,UNASSIGNED_REGION
province:3554,ecuador__ca_ar,3554,Cañar,,,4014.981,,,,,,,,UNASSIGNED_REGION
province:478,bulgaria__haskovo,478,Haskovo,,,4014.061,,,,,,,,UNASSIGNED_REGION
province:1479,algeria__souk_ahras,1479,Souk Ahras,,,4013.962,,,,,,,,UNASSIGNED_REGION
province:340,guinea__for_cariah,340,Forécariah,,,4000.717,,,,,,,,UNASSIGNED_REGION
province:130,lithuania__tel_iai,130,Telšiai,,,3999.115,,,,,,,,UNASSIGNED_REGION
province:3564,dominican_republic__monte_plata,3564,Monte Plata,,,3994.376,,,,,,,,UNASSIGNED_REGION
province:3503,japan__shiga,3503,Shiga,,,3990.466,,,,,,,,UNASSIGNED_REGION
province:3074,france__corse_du_sud,3074,Corse-du-Sud,,,3988.97,,,,,,,,UNASSIGNED_REGION
province:2021,philippines__zamboanga_del_sur,2021,Zamboanga del Sur,,,3987.739,,,,,,,,UNASSIGNED_REGION
province:377,austria__burgenland,377,Burgenland,,,3987.717,,,,,,,,UNASSIGNED_REGION
province:3704,uganda__buikwe,3704,Buikwe,,,3983.309,,,,,,,,UNASSIGNED_REGION
province:1324,chile__magallanes_y_ant_rtica_chilena_8,1324,Magallanes y Antártica Chilena,,,3981.279,,,,,,,,UNASSIGNED_REGION
province:3315,turkey__karab_k,3315,Karabük,,,3978.5,,,,,,,,UNASSIGNED_REGION
province:775,armenia__aragatsotn,775,Aragatsotn,,,3975.528,,,,,,,,UNASSIGNED_REGION
province:387,turkey__i_dir,387,Iğdir,,,3973.909,,,,,,,,UNASSIGNED_REGION
province:3895,burkina_faso__baz_ga,3895,Bazéga,,,3971.291,,,,,,,,UNASSIGNED_REGION
province:881,thailand__bueng_kan,881,Bueng Kan,,,3969.177,,,,,,,,UNASSIGNED_REGION
province:2749,turkey__kocaeli,2749,Kocaeli,,,3968.788,,,,,,,,UNASSIGNED_REGION
province:2149,liberia__grand_kru,2149,Grand Kru,,,3958.399,,,,,,,,UNASSIGNED_REGION
province:2845,portugal__coimbra,2845,Coimbra,region:iberia:beira_litoral,macroregion:iberia,3958.34,P3,1700,2,,,,2,OK
province:888,thailand__amnat_charoen,888,Amnat Charoen,,,3944.342,,,,,,,,UNASSIGNED_REGION
province:1213,honduras__cort_s,1213,Cortés,,,3936.55,,,,,,,,UNASSIGNED_REGION
province:3563,ecuador__santo_domingo_de_los_ts_chilas,3563,Santo Domingo de los Tsáchilas,,,3930.811,,,,,,,,UNASSIGNED_REGION
province:205,belgium__hainaut,205,Hainaut,,,3930.174,,,,,,,,UNASSIGNED_REGION
province:3064,italy__nuoro,3064,Nuoro,,,3927.423,,,,,,,,UNASSIGNED_REGION
province:2605,united_kingdom__hampshire_2,2605,Hampshire,,,3926.536,,,,,,,,UNASSIGNED_REGION
province:3822,philippines__abra,3822,Abra,,,3923.307,,,,,,,,UNASSIGNED_REGION
province:3880,burundi__gitega,3880,Gitega,,,3922.444,,,,,,,,UNASSIGNED_REGION
province:266,brazil__par_10,266,Pará,,,3916.913,,,,,,,,UNASSIGNED_REGION
province:1589,malawi__machinga,1589,Machinga,,,3916.32,,,,,,,,UNASSIGNED_REGION
province:1617,estonia__ida_viru,1617,Ida-Viru,,,3914.989,,,,,,,,UNASSIGNED_REGION
province:700,czech_republic__zl_nsk,700,Zlínský,,,3914.118,,,,,,,,UNASSIGNED_REGION
province:85,lebanon__beqaa,85,Beqaa,,,3910.29,,,,,,,,UNASSIGNED_REGION
province:2803,italy__bari,2803,Bari,,,3908.368,,,,,,,,UNASSIGNED_REGION
province:3266,yemen__al_dali,3266,Al Dali',,,3902.643,,,,,,,,UNASSIGNED_REGION
province:2588,bulgaria__varna,2588,Varna,,,3896.465,,,,,,,,UNASSIGNED_REGION
province:1875,indonesia__maluku_13,1875,Maluku,,,3892.313,,,,,,,,UNASSIGNED_REGION
province:3940,italy__firenze,3940,Firenze,,,3887.101,,,,,,,,UNASSIGNED_REGION
province:3611,azerbaijan__amax,3611,Şamaxı,,,3882.769,,,,,,,,UNASSIGNED_REGION
province:3397,romania__d_mbovita,3397,Dâmbovita,,,3878.596,,,,,,,,UNASSIGNED_REGION
province:3657,afghanistan__laghman,3657,Laghman,,,3872.293,,,,,,,,UNASSIGNED_REGION
province:3529,guinea__dalaba,3529,Dalaba,,,3859.473,,,,,,,,UNASSIGNED_REGION
province:3504,japan__saitama,3504,Saitama,,,3856.586,,,,,,,,UNASSIGNED_REGION
province:3506,japan__nara,3506,Nara,,,3856.026,,,,,,,,UNASSIGNED_REGION
province:1988,indonesia__sumatera_barat_5,1988,Sumatera Barat,,,3850.188,,,,,,,,UNASSIGNED_REGION
province:3396,romania__salaj,3396,Salaj,,,3845.473,,,,,,,,UNASSIGNED_REGION
province:907,lesotho__mokhotlong,907,Mokhotlong,,,3842.803,,,,,,,,UNASSIGNED_REGION
province:2009,philippines__palawan_5,2009,Palawan,,,3835.827,,,,,,,,UNASSIGNED_REGION
province:601,bulgaria__montana,601,Montana,,,3834.275,,,,,,,,UNASSIGNED_REGION
province:3897,burkina_faso__nayala,3897,Nayala,,,3833.375,,,,,,,,UNASSIGNED_REGION
province:2095,haiti__sud,2095,Sud,,,3829.595,,,,,,,,UNASSIGNED_REGION
province:761,lithuania__taurages,761,Taurages,,,3828.804,,,,,,,,UNASSIGNED_REGION
province:3132,solomon_islands__malaita_2,3132,Malaita,,,3825.854,,,,,,,,UNASSIGNED_REGION
province:1504,uganda__mayuge,1504,Mayuge,,,3811.391,,,,,,,,UNASSIGNED_REGION
province:2902,greenland__kommuneqarfik_sermersooq_22,2902,Kommuneqarfik Sermersooq,,,3801.586,,,,,,,,UNASSIGNED_REGION
province:3938,italy__siena,3938,Siena,,,3799.068,,,,,,,,UNASSIGNED_REGION
province:1572,swaziland__shiselweni,1572,Shiselweni,,,3797.967,,,,,,,,UNASSIGNED_REGION
province:3847,macedonia__vasilevo,3847,Vasilevo,,,3796.302,,,,,,,,UNASSIGNED_REGION
province:2738,turkey__rize,2738,Rize,,,3793.823,,,,,,,,UNASSIGNED_REGION
province:3815,philippines__nueva_vizcaya,3815,Nueva Vizcaya,,,3793.447,,,,,,,,UNASSIGNED_REGION
province:2090,guyana__essequibo_islands_west_demerara,2090,Essequibo Islands-West Demerara,,,3793.124,,,,,,,,UNASSIGNED_REGION
province:2028,philippines__davao_del_sur,2028,Davao del Sur,,,3790.941,,,,,,,,UNASSIGNED_REGION
province:1035,guinea__nz_r_kor,1035,Nzérékoré,,,3790.408,,,,,,,,UNASSIGNED_REGION
province:596,republic_of_serbia__borski,596,Borski,,,3783.028,,,,,,,,UNASSIGNED_REGION
province:212,belgium__liege,212,Liege,,,3779.445,,,,,,,,UNASSIGNED_REGION
province:2814,italy__caserta,2814,Caserta,,,3777.426,,,,,,,,UNASSIGNED_REGION
province:3898,burkina_faso__passor,3898,Passoré,,,3766.709,,,,,,,,UNASSIGNED_REGION
province:2598,united_kingdom__suffolk,2598,Suffolk,,,3765.033,,,,,,,,UNASSIGNED_REGION
province:614,republic_of_serbia__ra_ki,614,Raški,,,3763.466,,,,,,,,UNASSIGNED_REGION
province:3646,algeria__guelma,3646,Guelma,,,3759.807,,,,,,,,UNASSIGNED_REGION
province:3612,azerbaijan__quba,3612,Quba,,,3757.642,,,,,,,,UNASSIGNED_REGION
province:3820,philippines__apayao,3820,Apayao,,,3756.275,,,,,,,,UNASSIGNED_REGION
province:2312,panama__los_santos,2312,Los Santos,,,3754.163,,,,,,,,UNASSIGNED_REGION
province:248,armenia__lori,248,Lori,,,3744.606,,,,,,,,UNASSIGNED_REGION
province:1609,uganda__rukungiri,1609,Rukungiri,,,3732.875,,,,,,,,UNASSIGNED_REGION
province:3479,paraguay__guair,3479,Guairá,,,3730.058,,,,,,,,UNASSIGNED_REGION
province:1565,uganda__amuru,1565,Amuru,,,3728.452,,,,,,,,UNASSIGNED_REGION
province:2508,thailand__phangnga_2,2508,Phangnga,,,3727.509,,,,,,,,UNASSIGNED_REGION
province:3964,france__tarn_et_garonne,3964,Tarn-et-Garonne,,,3720.382,,,,,,,,UNASSIGNED_REGION
province:3170,philippines__bohol_2,3170,Bohol,,,3719.925,,,,,,,,UNASSIGNED_REGION
province:2360,japan__tottori,2360,Tottori,,,3713.279,,,,,,,,UNASSIGNED_REGION
province:2114,tunisia__b_ja,2114,Béja,,,3712.795,,,,,,,,UNASSIGNED_REGION
province:2873,netherlands__friesland,2873,Friesland,,,3708.534,,,,,,,,UNASSIGNED_REGION
province:207,belgium__namur,207,Namur,,,3703.736,,,,,,,,UNASSIGNED_REGION
province:3061,spain__baleares_2,3061,Baleares,region:iberia:balearic_islands,macroregion:iberia,3702.319,P1,900,4,,,,4,OK
province:3888,burkina_faso__zoundw_ogo,3888,Zoundwéogo,,,3701.038,,,,,,,,UNASSIGNED_REGION
province:1619,estonia__tartu,1619,Tartu,,,3700.328,,,,,,,,UNASSIGNED_REGION
province:3404,romania__covasna,3404,Covasna,,,3698.848,,,,,,,,UNASSIGNED_REGION
province:479,cambodia__otdar_mean_chey,479,Otdar Mean Chey,,,3693.613,,,,,,,,UNASSIGNED_REGION
province:556,italy__belluno,556,Belluno,,,3691.078,,,,,,,,UNASSIGNED_REGION
province:2110,tunisia__sousse,2110,Sousse,,,3687.345,,,,,,,,UNASSIGNED_REGION
province:2585,ireland__meath,2585,Meath,,,3686.275,,,,,,,,UNASSIGNED_REGION
province:1595,malawi__ntcheu,1595,Ntcheu,,,3683.146,,,,,,,,UNASSIGNED_REGION
province:640,ecuador__carchi,640,Carchi,,,3676.999,,,,,,,,UNASSIGNED_REGION
province:3309,moldova__rezina,3309,Rezina,,,3672.19,,,,,,,,UNASSIGNED_REGION
province:2773,greece__stere_ell_da_2,2773,Stereá Elláda,,,3670.552,,,,,,,,UNASSIGNED_REGION
province:3655,afghanistan__parwan,3655,Parwan,,,3665.813,,,,,,,,UNASSIGNED_REGION
province:2525,thailand__rayong,2525,Rayong,,,3664.282,,,,,,,,UNASSIGNED_REGION
province:2797,italy__macerata,2797,Macerata,,,3664.04,,,,,,,,UNASSIGNED_REGION
province:3953,italy__bologna,3953,Bologna,,,3660.398,,,,,,,,UNASSIGNED_REGION
province:3455,uganda__kamwenge,3455,Kamwenge,,,3657.743,,,,,,,,UNASSIGNED_REGION
province:2600,united_kingdom__kent,2600,Kent,,,3656.049,,,,,,,,UNASSIGNED_REGION
province:124,estonia__viljandi,124,Viljandi,,,3650.817,,,,,,,,UNASSIGNED_REGION
province:3441,uganda__nakasongola,3441,Nakasongola,,,3649.908,,,,,,,,UNASSIGNED_REGION
province:3669,uganda__pader,3669,Pader,,,3647.367,,,,,,,,UNASSIGNED_REGION
province:689,croatia__splitsko_dalmatinska,689,Splitsko-Dalmatinska,,,3644.726,,,,,,,,UNASSIGNED_REGION
province:3144,solomon_islands__isabel_2,3144,Isabel,,,3638.32,,,,,,,,UNASSIGNED_REGION
province:1017,burkina_faso__loroum,1017,Loroum,,,3634.963,,,,,,,,UNASSIGNED_REGION
province:2817,italy__viterbo,2817,Viterbo,,,3631.82,,,,,,,,UNASSIGNED_REGION
province:2113,tunisia__bizerte,2113,Bizerte,,,3626.12,,,,,,,,UNASSIGNED_REGION
province:735,bulgaria__smolyan,735,Smolyan,,,3620.701,,,,,,,,UNASSIGNED_REGION
province:3870,hungary__tolna,3870,Tolna,,,3619.554,,,,,,,,UNASSIGNED_REGION
province:196,vietnam__an_giang,196,An Giang,,,3619.097,,,,,,,,UNASSIGNED_REGION
province:3193,south_georgia_and_the_islands__south_georgia_and_the_south_sandwich_islands,3193,South Georgia and the South Sandwich Islands,,,3614.374,,,,,,,,UNASSIGNED_REGION
province:1205,guatemala__san_marcos,1205,San Marcos,,,3613.601,,,,,,,,UNASSIGNED_REGION
province:3301,tunisia__zaghouan,3301,Zaghouan,,,3608.112,,,,,,,,UNASSIGNED_REGION
province:2976,dominican_republic__la_altagracia_2,2976,La Altagracia,,,3595.987,,,,,,,,UNASSIGNED_REGION
province:1442,yemen__hadramawt_2,1442,Hadramawt,,,3595.285,,,,,,,,UNASSIGNED_REGION
province:1582,burkina_faso__nahouri,1582,Nahouri,,,3584.65,,,,,,,,UNASSIGNED_REGION
province:736,albania__shkod_r,736,Shkodër,,,3583.465,,,,,,,,UNASSIGNED_REGION
province:1774,bosnia_and_herzegovina__sarajevo_romanija,1774,Sarajevo-romanija,,,3579.2,,,,,,,,UNASSIGNED_REGION
province:2599,united_kingdom__essex,2599,Essex,,,3577.028,,,,,,,,UNASSIGNED_REGION
province:466,croatia__osjecko_baranjska,466,Osjecko-Baranjska,,,3574.982,,,,,,,,UNASSIGNED_REGION
province:3907,bulgaria__sliven,3907,Sliven,,,3573.524,,,,,,,,UNASSIGNED_REGION
province:230,albania__kor,230,Korçë,,,3572.411,,,,,,,,UNASSIGNED_REGION
province:2277,united_states_of_america__new_jersey_8,2277,New Jersey,,,3566.937,,,,,,,,UNASSIGNED_REGION
province:3059,italy__catania,3059,Catania,,,3565.45,,,,,,,,UNASSIGNED_REGION
province:3003,the_bahamas__north_andros,3003,North Andros,,,3560.188,,,,,,,,UNASSIGNED_REGION
province:3648,algeria__mila,3648,Mila,,,3553.264,,,,,,,,UNASSIGNED_REGION
province:458,nigeria__lagos,458,Lagos,,,3547.313,,,,,,,,UNASSIGNED_REGION
province:3871,hungary__heves,3871,Heves,,,3545.704,,,,,,,,UNASSIGNED_REGION
province:2117,algeria__b_ja_a,2117,Béjaïa,,,3534.507,,,,,,,,UNASSIGNED_REGION
province:1570,swaziland__hhohho,1570,Hhohho,,,3533.93,,,,,,,,UNASSIGNED_REGION
province:3672,uganda__kiryandongo,3672,Kiryandongo,,,3532.805,,,,,,,,UNASSIGNED_REGION
province:597,republic_of_serbia__zajecarski,597,Zajecarski,,,3521.903,,,,,,,,UNASSIGNED_REGION
province:2608,united_kingdom__cornwall,2608,Cornwall,,,3521.724,,,,,,,,UNASSIGNED_REGION
province:3753,turkey__bayburt,3753,Bayburt,,,3519.991,,,,,,,,UNASSIGNED_REGION
province:2844,portugal__leiria,2844,Leiria,region:iberia:estremadura_ribatejo,macroregion:iberia,3518.251,P2,1500,2,,,,2,OK
province:2175,philippines__ilocos_norte,2175,Ilocos Norte,,,3516.418,,,,,,,,UNASSIGNED_REGION
province:3343,thailand__nakhon_pathom,3343,Nakhon Pathom,,,3515.773,,,,,,,,UNASSIGNED_REGION
province:3675,uganda__kotido,3675,Kotido,,,3512.621,,,,,,,,UNASSIGNED_REGION
province:3950,italy__parma,3950,Parma,,,3508.43,,,,,,,,UNASSIGNED_REGION
province:2019,philippines__misamis_oriental,2019,Misamis Oriental,,,3506.537,,,,,,,,UNASSIGNED_REGION
province:2677,estonia__l_ne_viru,2677,Lääne-Viru,,,3497.639,,,,,,,,UNASSIGNED_REGION
province:2333,egypt__kafr_ash_shaykh,2333,Kafr ash Shaykh,,,3497.567,,,,,,,,UNASSIGNED_REGION
province:3451,uganda__nakaseke,3451,Nakaseke,,,3480.119,,,,,,,,UNASSIGNED_REGION
province:2787,croatia__licko_senjska,2787,Licko-Senjska,,,3472.254,,,,,,,,UNASSIGNED_REGION
province:522,haiti__centre,522,Centre,,,3471.51,,,,,,,,UNASSIGNED_REGION
province:3944,italy__alessandria,3944,Alessandria,,,3470.842,,,,,,,,UNASSIGNED_REGION
province:1331,chile__magallanes_y_ant_rtica_chilena_15,1331,Magallanes y Antártica Chilena,,,3449.723,,,,,,,,UNASSIGNED_REGION
province:594,republic_of_serbia__pcinjski,594,Pcinjski,,,3449.395,,,,,,,,UNASSIGNED_REGION
province:2908,greenland__nationalparken_6,2908,Nationalparken,,,3445.492,,,,,,,,UNASSIGNED_REGION
province:378,hungary__vas,378,Vas,,,3444.822,,,,,,,,UNASSIGNED_REGION
province:2807,italy__matera,2807,Matera,,,3441.124,,,,,,,,UNASSIGNED_REGION
province:2984,dominican_republic__azua,2984,Azua,,,3435.159,,,,,,,,UNASSIGNED_REGION
province:693,republic_of_serbia__sremski,693,Sremski,,,3428.468,,,,,,,,UNASSIGNED_REGION
province:3702,united_kingdom__wiltshire,3702,Wiltshire,,,3428.034,,,,,,,,UNASSIGNED_REGION
province:883,thailand__nong_khai,883,Nong Khai,,,3426.774,,,,,,,,UNASSIGNED_REGION
province:2303,guatemala__suchitep_quez,2303,Suchitepéquez,,,3421.267,,,,,,,,UNASSIGNED_REGION
province:3273,vietnam__ph_th,3273,Phú Thọ,,,3412.973,,,,,,,,UNASSIGNED_REGION
province:873,thailand__ranong,873,Ranong,,,3411.847,,,,,,,,UNASSIGNED_REGION
province:332,malawi__mchinji,332,Mchinji,,,3409.359,,,,,,,,UNASSIGNED_REGION
province:3277,vietnam__th_i_nguy_n,3277,Thái Nguyên,,,3406.491,,,,,,,,UNASSIGNED_REGION
province:3767,sri_lanka__p_nnaruva,3767,Pŏḷŏnnaruva,,,3402.519,,,,,,,,UNASSIGNED_REGION
province:623,el_salvador__san_miguel,623,San Miguel,,,3387.405,,,,,,,,UNASSIGNED_REGION
province:569,burundi__kayanza,569,Kayanza,,,3380.273,,,,,,,,UNASSIGNED_REGION
province:2308,el_salvador__san_vicente,2308,San Vicente,,,3377.134,,,,,,,,UNASSIGNED_REGION
province:2072,colombia__atl_ntico,2072,Atlántico,,,3376.262,,,,,,,,UNASSIGNED_REGION
province:1773,belgium__flemish_brabant,1773,Flemish Brabant,,,3373.879,,,,,,,,UNASSIGNED_REGION
province:1738,croatia__zagrebacka,1738,Zagrebacka,,,3373.64,,,,,,,,UNASSIGNED_REGION
province:2819,italy__pisa,2819,Pisa,,,3368.029,,,,,,,,UNASSIGNED_REGION
province:3908,bulgaria__shumen,3908,Shumen,,,3367.454,,,,,,,,UNASSIGNED_REGION
province:3065,italy__olbia_tempio,3065,Olbia-Tempio,,,3365.893,,,,,,,,UNASSIGNED_REGION
province:3555,ecuador__napo,3555,Napo,,,3360.024,,,,,,,,UNASSIGNED_REGION
province:3690,united_kingdom__cambridgeshire,3690,Cambridgeshire,,,3359.752,,,,,,,,UNASSIGNED_REGION
province:2644,russia__nenets_5,2644,Nenets,,,3357.053,,,,,,,,UNASSIGNED_REGION
province:461,hungary__zala,461,Zala,,,3351.394,,,,,,,,UNASSIGNED_REGION
province:1775,republic_of_serbia__grad_beograd,1775,Grad Beograd,,,3350.211,,,,,,,,UNASSIGNED_REGION
province:523,dominican_republic__independencia,523,Independencia,,,3348.71,,,,,,,,UNASSIGNED_REGION
province:3976,france__vaucluse,3976,Vaucluse,,,3348.485,,,,,,,,UNASSIGNED_REGION
province:400,netherlands__overijssel,400,Overijssel,,,3347.605,,,,,,,,UNASSIGNED_REGION
province:204,belgium__west_flanders,204,West Flanders,,,3346.67,,,,,,,,UNASSIGNED_REGION
province:1042,guinea__koubia,1042,Koubia,,,3346.265,,,,,,,,UNASSIGNED_REGION
province:940,burundi__bururi,940,Bururi,,,3343.253,,,,,,,,UNASSIGNED_REGION
province:1568,uganda__yumbe,1568,Yumbe,,,3341.899,,,,,,,,UNASSIGNED_REGION
province:917,lesotho__mohale_s_hoek,917,Mohale's Hoek,,,3336.982,,,,,,,,UNASSIGNED_REGION
province:3671,uganda__gulu,3671,Gulu,,,3335.134,,,,,,,,UNASSIGNED_REGION
province:721,romania__giurgiu,721,Giurgiu,,,3333.506,,,,,,,,UNASSIGNED_REGION
province:1553,gambia__west_coast,1553,West Coast,,,3327.703,,,,,,,,UNASSIGNED_REGION
province:198,cambodia__tak_v,198,Takêv,,,3327.297,,,,,,,,UNASSIGNED_REGION
province:632,nicaragua__nueva_segovia,632,Nueva Segovia,,,3324.313,,,,,,,,UNASSIGNED_REGION
province:3440,uganda__apac,3440,Apac,,,3322.145,,,,,,,,UNASSIGNED_REGION
province:2534,vietnam__ninh_thu_n,2534,Ninh Thuận,,,3321.749,,,,,,,,UNASSIGNED_REGION
province:1761,united_kingdom__gloucestershire,1761,Gloucestershire,,,3320.413,,,,,,,,UNASSIGNED_REGION
province:534,guatemala__jutiapa,534,Jutiapa,,,3318.377,,,,,,,,UNASSIGNED_REGION
province:680,bosnia_and_herzegovina__fo_a,680,Foča,,,3315.126,,,,,,,,UNASSIGNED_REGION
province:3710,uganda__bukedea,3710,Bukedea,,,3311.696,,,,,,,,UNASSIGNED_REGION
province:379,italy__aoste,379,Aoste,,,3310.249,,,,,,,,UNASSIGNED_REGION
province:3331,thailand__chai_nat,3331,Chai Nat,,,3309.031,,,,,,,,UNASSIGNED_REGION
province:2226,taiwan__taitung,2226,Taitung,,,3308.216,,,,,,,,UNASSIGNED_REGION
province:2871,netherlands__noord_holland,2871,Noord-Holland,,,3307.613,,,,,,,,UNASSIGNED_REGION
province:1715,northern_cyprus__northern_cyprus,1715,Northern Cyprus,,,3306.311,,,,,,,,UNASSIGNED_REGION
province:3762,sri_lanka__ratnapura,3762,Ratnapura,,,3305.966,,,,,,,,UNASSIGNED_REGION
province:3700,united_kingdom__oxfordshire,3700,Oxfordshire,,,3303.533,,,,,,,,UNASSIGNED_REGION
province:3010,azerbaijan__salyan,3010,Salyan,,,3297.355,,,,,,,,UNASSIGNED_REGION
province:1470,tunisia__jendouba,1470,Jendouba,,,3294.526,,,,,,,,UNASSIGNED_REGION
province:1608,uganda__rubirizi,1608,Rubirizi,,,3289.085,,,,,,,,UNASSIGNED_REGION
province:2570,ireland__wicklow,2570,Wicklow,,,3285.092,,,,,,,,UNASSIGNED_REGION
province:2155,philippines__aurora,2155,Aurora,,,3284.898,,,,,,,,UNASSIGNED_REGION
province:684,croatia__karlovacka,684,Karlovacka,,,3281.796,,,,,,,,UNASSIGNED_REGION
province:3426,dominican_republic__la_vega,3426,La Vega,,,3273.991,,,,,,,,UNASSIGNED_REGION
province:3980,france__rh_ne,3980,Rhône,,,3270.151,,,,,,,,UNASSIGNED_REGION
province:120,czech_republic__karlovarsk,120,Karlovarský,,,3268.014,,,,,,,,UNASSIGNED_REGION
province:1507,equatorial_guinea__ki_ntem,1507,Kié-Ntem,,,3266.995,,,,,,,,UNASSIGNED_REGION
province:2429,canada__nunavut_35,2429,Nunavut,,,3264.947,,,,,,,,UNASSIGNED_REGION
province:1215,honduras__cop_n,1215,Copán,,,3260.604,,,,,,,,UNASSIGNED_REGION
province:1737,croatia__vara_dinska,1737,Varaždinska,,,3254.736,,,,,,,,UNASSIGNED_REGION
province:2001,philippines__davao_del_norte,2001,Davao del Norte,,,3252.953,,,,,,,,UNASSIGNED_REGION
province:3430,azerbaijan__a_dam,3430,Ağdam,,,3252.652,,,,,,,,UNASSIGNED_REGION
province:2293,belize__belize,2293,Belize,,,3252.35,,,,,,,,UNASSIGNED_REGION
province:595,bulgaria__vidin,595,Vidin,,,3251.851,,,,,,,,UNASSIGNED_REGION
province:3684,uganda__masaka,3684,Masaka,,,3243.404,,,,,,,,UNASSIGNED_REGION
province:1869,indonesia__maluku_7,1869,Maluku,,,3240.494,,,,,,,,UNASSIGNED_REGION
province:2038,sri_lanka__puttalama,2038,Puttalama,,,3240.383,,,,,,,,UNASSIGNED_REGION
province:231,albania__elbasan,231,Elbasan,,,3238.703,,,,,,,,UNASSIGNED_REGION
province:222,russia__ingush,222,Ingush,,,3237.349,,,,,,,,UNASSIGNED_REGION
province:2795,italy__forl_cesena,2795,Forlì-Cesena,,,3230.994,,,,,,,,UNASSIGNED_REGION
province:2746,turkey__zinguldak,2746,Zinguldak,,,3229.89,,,,,,,,UNASSIGNED_REGION
province:3053,italy__messina,3053,Messina,,,3227.969,,,,,,,,UNASSIGNED_REGION
province:3431,azerbaijan__goranboy,3431,Goranboy,,,3224.077,,,,,,,,UNASSIGNED_REGION
province:2870,netherlands__zuid_holland_2,2870,Zuid-Holland,,,3223.565,,,,,,,,UNASSIGNED_REGION
province:3884,burkina_faso__bougouriba,3884,Bougouriba,,,3221.973,,,,,,,,UNASSIGNED_REGION
province:3185,philippines__masbate,3185,Masbate,,,3221.91,,,,,,,,UNASSIGNED_REGION
province:504,bhutan__chhukha,504,Chhukha,,,3221.65,,,,,,,,UNASSIGNED_REGION
province:2579,ireland__clare,2579,Clare,,,3217.392,,,,,,,,UNASSIGNED_REGION
province:381,italy__sondrio,381,Sondrio,,,3215.826,,,,,,,,UNASSIGNED_REGION
province:1008,burkina_faso__l_raba,1008,Léraba,,,3215.537,,,,,,,,UNASSIGNED_REGION
province:694,republic_of_serbia__macvanski,694,Macvanski,,,3214.203,,,,,,,,UNASSIGNED_REGION
province:1598,malawi__mulanje,1598,Mulanje,,,3213.773,,,,,,,,UNASSIGNED_REGION
province:610,rwanda__northern,610,Northern,,,3212.475,,,,,,,,UNASSIGNED_REGION
province:3939,italy__arezzo,3939,Arezzo,,,3206.107,,,,,,,,UNASSIGNED_REGION
province:2519,thailand__phatthalung,2519,Phatthalung,,,3205.485,,,,,,,,UNASSIGNED_REGION
province:3498,kosovo__mali_evo,3498,Mališevo,,,3202.284,,,,,,,,UNASSIGNED_REGION
province:3678,uganda__alebtong,3678,Alebtong,,,3201.948,,,,,,,,UNASSIGNED_REGION
province:2798,italy__teramo,2798,Teramo,,,3197.908,,,,,,,,UNASSIGNED_REGION
province:741,moldova__nisporeni,741,Nisporeni,,,3195.852,,,,,,,,UNASSIGNED_REGION
province:3538,guatemala__quezaltenango,3538,Quezaltenango,,,3192.804,,,,,,,,UNASSIGNED_REGION
province:119,czech_republic__libereck,119,Liberecký,,,3191.131,,,,,,,,UNASSIGNED_REGION
province:3956,italy__frosinone,3956,Frosinone,,,3185.232,,,,,,,,UNASSIGNED_REGION
province:3381,spain__lava,3381,Álava,region:iberia:cantabrian_basque_coast,macroregion:iberia,3159.499,P2,1300,2,,,,2,OK
province:603,bulgaria__kyustendil,603,Kyustendil,,,3158.724,,,,,,,,UNASSIGNED_REGION
province:1720,bhutan__thimphu,1720,Thimphu,,,3156.293,,,,,,,,UNASSIGNED_REGION
province:228,macedonia__gostivar,228,Gostivar,,,3155.51,,,,,,,,UNASSIGNED_REGION
province:313,ireland__cavan,313,Cavan,,,3149.3,,,,,,,,UNASSIGNED_REGION
province:2595,united_kingdom__east_riding_of_yorkshire,2595,East Riding of Yorkshire,,,3147.274,,,,,,,,UNASSIGNED_REGION
province:621,honduras__intibuc,621,Intibucá,,,3131.472,,,,,,,,UNASSIGNED_REGION
province:1039,guinea_bissau__tombali,1039,Tombali,,,3129.973,,,,,,,,UNASSIGNED_REGION
province:3549,egypt__al_qahirah,3549,Al Qahirah,,,3125.015,,,,,,,,UNASSIGNED_REGION
province:728,republic_of_serbia__srednje_banatski,728,Srednje-Banatski,,,3118.185,,,,,,,,UNASSIGNED_REGION
province:3443,uganda__kayunga,3443,Kayunga,,,3117.621,,,,,,,,UNASSIGNED_REGION
province:2305,guatemala__santa_rosa,2305,Santa Rosa,,,3105.683,,,,,,,,UNASSIGNED_REGION
province:1902,indonesia__papua_barat_7,1902,Papua Barat,,,3103.511,,,,,,,,UNASSIGNED_REGION
province:3184,philippines__northern_samar,3184,Northern Samar,,,3092.085,,,,,,,,UNASSIGNED_REGION
province:3693,united_kingdom__northamptonshire,3693,Northamptonshire,,,3091.114,,,,,,,,UNASSIGNED_REGION
province:3674,uganda__agago,3674,Agago,,,3081.969,,,,,,,,UNASSIGNED_REGION
province:717,bulgaria__silistra,717,Silistra,,,3074.165,,,,,,,,UNASSIGNED_REGION
province:2952,trinidad_and_tobago__princes_town,2952,Princes Town,,,3073.853,,,,,,,,UNASSIGNED_REGION
province:3568,costa_rica__cartago,3568,Cartago,,,3072.89,,,,,,,,UNASSIGNED_REGION
province:3947,italy__verona,3947,Verona,,,3071.964,,,,,,,,UNASSIGNED_REGION
province:1566,uganda__adjumani,1566,Adjumani,,,3063.731,,,,,,,,UNASSIGNED_REGION
province:3129,solomon_islands__makira,3129,Makira,,,3062.035,,,,,,,,UNASSIGNED_REGION
province:3281,vietnam__can_tho,3281,Can Tho,,,3060.974,,,,,,,,UNASSIGNED_REGION
province:455,benin__plateau,455,Plateau,,,3057.736,,,,,,,,UNASSIGNED_REGION
province:3936,italy__milano,3936,Milano,,,3057.15,,,,,,,,UNASSIGNED_REGION
province:3821,philippines__kalinga,3821,Kalinga,,,3044.131,,,,,,,,UNASSIGNED_REGION
province:3697,united_kingdom__staffordshire,3697,Staffordshire,,,3041.979,,,,,,,,UNASSIGNED_REGION
province:2564,russia__sakhalin_3,2564,Sakhalin,,,3041.513,,,,,,,,UNASSIGNED_REGION
province:283,azerbaijan__tovuz,283,Tovuz,,,3041.369,,,,,,,,UNASSIGNED_REGION
province:777,azerbaijan__i_mi_li,777,İmişli,,,3039.427,,,,,,,,UNASSIGNED_REGION
province:779,azerbaijan__lerik,779,Lerik,,,3038.509,,,,,,,,UNASSIGNED_REGION
province:3068,italy__oristrano,3068,Oristrano,,,3037.509,,,,,,,,UNASSIGNED_REGION
province:3332,thailand__saraburi,3332,Saraburi,,,3030.371,,,,,,,,UNASSIGNED_REGION
province:521,dominican_republic__monte_cristi,521,Monte Cristi,,,3029.83,,,,,,,,UNASSIGNED_REGION
province:3418,republic_of_serbia__moravicki,3418,Moravicki,,,3028.226,,,,,,,,UNASSIGNED_REGION
province:2463,canada__nunavut_69,2463,Nunavut,,,3021.036,,,,,,,,UNASSIGNED_REGION
province:3632,algeria__tissemsilt,3632,Tissemsilt,,,3019.765,,,,,,,,UNASSIGNED_REGION
province:3942,italy__pavia,3942,Pavia,,,3010.515,,,,,,,,UNASSIGNED_REGION
province:2224,taiwan__kaohsiung_city,2224,Kaohsiung City,,,3007.846,,,,,,,,UNASSIGNED_REGION
province:277,denmark__syddanmark_3,277,Syddanmark,,,3006.605,,,,,,,,UNASSIGNED_REGION
province:3819,philippines__tarlac,3819,Tarlac,,,3004.254,,,,,,,,UNASSIGNED_REGION
province:1546,gambia__central_river,1546,Central River,,,2997.437,,,,,,,,UNASSIGNED_REGION
province:739,moldova__glodeni,739,Glodeni,,,2991.29,,,,,,,,UNASSIGNED_REGION
province:2711,sweden__blekinge,2711,Blekinge,,,2985.16,,,,,,,,UNASSIGNED_REGION
province:3453,uganda__kaberamaido,3453,Kaberamaido,,,2983.99,,,,,,,,UNASSIGNED_REGION
province:1596,malawi__zomba,1596,Zomba,,,2983.885,,,,,,,,UNASSIGNED_REGION
province:3055,italy__agrigento,3055,Agrigento,,,2974.399,,,,,,,,UNASSIGNED_REGION
province:2800,italy__campobasso,2800,Campobasso,,,2974.208,,,,,,,,UNASSIGNED_REGION
province:666,belgium__east_flanders,666,East Flanders,,,2971.712,,,,,,,,UNASSIGNED_REGION
province:290,azerbaijan__bab_k,290,Babək,,,2968.707,,,,,,,,UNASSIGNED_REGION
province:2041,sri_lanka__g_lla,2041,Gālla,,,2957.301,,,,,,,,UNASSIGNED_REGION
province:3518,ireland__westmeath,3518,Westmeath,,,2953.084,,,,,,,,UNASSIGNED_REGION
province:2111,tunisia__nabeul,2111,Nabeul,,,2952.827,,,,,,,,UNASSIGNED_REGION
province:1620,estonia__j_geva,1620,Jõgeva,,,2945.166,,,,,,,,UNASSIGNED_REGION
province:2589,turkey__istanbul,2589,Istanbul,,,2943.417,,,,,,,,UNASSIGNED_REGION
province:236,georgia__ajaria,236,Ajaria,,,2941.708,,,,,,,,UNASSIGNED_REGION
province:3090,sweden__gotland,3090,Gotland,,,2941.122,,,,,,,,UNASSIGNED_REGION
province:3844,macedonia__sveti_nikole,3844,Sveti Nikole,,,2937.932,,,,,,,,UNASSIGNED_REGION
province:74,bhutan__lhuntshi,74,Lhuntshi,,,2927.671,,,,,,,,UNASSIGNED_REGION
province:3814,philippines__quirino,3814,Quirino,,,2926.96,,,,,,,,UNASSIGNED_REGION
province:1912,indonesia__maluku_utara_3,1912,Maluku Utara,,,2926.707,,,,,,,,UNASSIGNED_REGION
province:2775,greece__attiki_2,2775,Attiki,,,2925.652,,,,,,,,UNASSIGNED_REGION
province:1760,united_kingdom__herefordshire,1760,Herefordshire,,,2924.389,,,,,,,,UNASSIGNED_REGION
province:1893,indonesia__sulawesi_tenggara_4,1893,Sulawesi Tenggara,,,2919.101,,,,,,,,UNASSIGNED_REGION
province:1109,canada__british_columbia_32,1109,British Columbia,,,2915.205,,,,,,,,UNASSIGNED_REGION
province:3546,estonia__rapla,3546,Rapla,,,2914.971,,,,,,,,UNASSIGNED_REGION
province:92,united_arab_emirates__ras_al_khaymah,92,Ras Al Khaymah,,,2911.646,,,,,,,,UNASSIGNED_REGION
province:2109,tunisia__mahdia,2109,Mahdia,,,2906.585,,,,,,,,UNASSIGNED_REGION
province:3535,guatemala__guatemala,3535,Guatemala,,,2901.293,,,,,,,,UNASSIGNED_REGION
province:3682,uganda__pallisa,3682,Pallisa,,,2890.415,,,,,,,,UNASSIGNED_REGION
province:325,albania__gjirokast_r,325,Gjirokastër,,,2881.116,,,,,,,,UNASSIGNED_REGION
province:3886,burkina_faso__kouritenga,3886,Kouritenga,,,2881.009,,,,,,,,UNASSIGNED_REGION
province:410,guinea__lola,410,Lola,,,2870.817,,,,,,,,UNASSIGNED_REGION
province:3539,guatemala__baja_verapaz,3539,Baja Verapaz,,,2869.62,,,,,,,,UNASSIGNED_REGION
province:3748,turkey__osmaniye,3748,Osmaniye,,,2869.345,,,,,,,,UNASSIGNED_REGION
province:249,armenia__shirak,249,Shirak,,,2867.416,,,,,,,,UNASSIGNED_REGION
province:3224,solomon_islands__choiseul_2,3224,Choiseul,,,2856.872,,,,,,,,UNASSIGNED_REGION
province:2225,taiwan__pingtung,2225,Pingtung,,,2855.772,,,,,,,,UNASSIGNED_REGION
province:3765,sri_lanka__badulla,3765,Badulla,,,2854.803,,,,,,,,UNASSIGNED_REGION
province:1607,uganda__kasese,1607,Kasese,,,2851.392,,,,,,,,UNASSIGNED_REGION
province:1639,united_states_of_america__alaska_13,1639,Alaska,,,2841.346,,,,,,,,UNASSIGNED_REGION
province:3668,uganda__oyam,3668,Oyam,,,2837.441,,,,,,,,UNASSIGNED_REGION
province:719,bulgaria__ruse,719,Ruse,,,2837.138,,,,,,,,UNASSIGNED_REGION
province:918,lesotho__quthing,918,Quthing,,,2836.926,,,,,,,,UNASSIGNED_REGION
province:2013,vietnam__s_c_tr_ng,2013,Sóc Trăng,,,2834.707,,,,,,,,UNASSIGNED_REGION
province:2217,taiwan__hsinchu,2217,Hsinchu,,,2833.387,,,,,,,,UNASSIGNED_REGION
province:3450,uganda__wakiso,3450,Wakiso,,,2823.576,,,,,,,,UNASSIGNED_REGION
province:285,azerbaijan__k_lb_c_r,285,Kəlbəcər,,,2822.086,,,,,,,,UNASSIGNED_REGION
province:505,bhutan__geylegphug,505,Geylegphug,,,2821.178,,,,,,,,UNASSIGNED_REGION
province:3891,burkina_faso__kadiogo,3891,Kadiogo,,,2815.706,,,,,,,,UNASSIGNED_REGION
province:2805,italy__lecce,2805,Lecce,,,2799.559,,,,,,,,UNASSIGNED_REGION
province:75,bhutan__bumthang,75,Bumthang,,,2789.4,,,,,,,,UNASSIGNED_REGION
province:3423,malawi__blantyre,3423,Blantyre,,,2787.724,,,,,,,,UNASSIGNED_REGION
province:3892,burkina_faso__oubritenga,3892,Oubritenga,,,2784.241,,,,,,,,UNASSIGNED_REGION
province:3432,azerbaijan__xocav_nd,3432,Xocavənd,,,2778.751,,,,,,,,UNASSIGNED_REGION
province:1551,senegal__fatick,1551,Fatick,,,2773.375,,,,,,,,UNASSIGNED_REGION
province:467,croatia__istarska,467,Istarska,,,2770.547,,,,,,,,UNASSIGNED_REGION
province:3120,estonia__saare,3120,Saare,,,2767.722,,,,,,,,UNASSIGNED_REGION
province:602,republic_of_serbia__jablanicki,602,Jablanicki,,,2765.911,,,,,,,,UNASSIGNED_REGION
province:2846,portugal__aveiro,2846,Aveiro,region:iberia:beira_litoral,macroregion:iberia,2763.677,P3,1700,2,,,,2,OK
province:3009,azerbaijan__xiz,3009,Xizı,,,2761.317,,,,,,,,UNASSIGNED_REGION
province:668,belgium__antwerp,668,Antwerp,,,2758.954,,,,,,,,UNASSIGNED_REGION
province:3957,italy__avellino,3957,Avellino,,,2754.341,,,,,,,,UNASSIGNED_REGION
province:609,uganda__isingiro,609,Isingiro,,,2754.196,,,,,,,,UNASSIGNED_REGION
province:3454,uganda__kyenjojo,3454,Kyenjojo,,,2748.81,,,,,,,,UNASSIGNED_REGION
province:2610,united_kingdom__carmarthenshire,2610,Carmarthenshire,,,2745.443,,,,,,,,UNASSIGNED_REGION
province:2032,sri_lanka__triku_malaya,2032,Trikuṇāmalaya,,,2744.905,,,,,,,,UNASSIGNED_REGION
province:3946,italy__vicenza,3946,Vicenza,,,2739.186,,,,,,,,UNASSIGNED_REGION
province:567,burundi__cibitoke,567,Cibitoke,,,2738.896,,,,,,,,UNASSIGNED_REGION
province:2174,philippines__ilocos_sur,2174,Ilocos Sur,,,2736.514,,,,,,,,UNASSIGNED_REGION
province:2593,united_kingdom__durham,2593,Durham,,,2736.098,,,,,,,,UNASSIGNED_REGION
province:3421,malawi__dowa,3421,Dowa,,,2732.136,,,,,,,,UNASSIGNED_REGION
province:3932,italy__bergamo,3932,Bergamo,,,2730.01,,,,,,,,UNASSIGNED_REGION
province:1056,brunei__belait,1056,Belait,,,2729.215,,,,,,,,UNASSIGNED_REGION
province:2820,italy__lucca,2820,Lucca,,,2726.469,,,,,,,,UNASSIGNED_REGION
province:1663,united_states_of_america__alaska_37,1663,Alaska,,,2723.828,,,,,,,,UNASSIGNED_REGION
province:2578,ireland__limerick,2578,Limerick,,,2718.427,,,,,,,,UNASSIGNED_REGION
province:3910,bulgaria__targovishte,3910,Targovishte,,,2715.527,,,,,,,,UNASSIGNED_REGION
province:1471,algeria__el_tarf,1471,El Tarf,,,2714.06,,,,,,,,UNASSIGNED_REGION
province:3415,republic_of_serbia__ni_avski,3415,Nišavski,,,2710.245,,,,,,,,UNASSIGNED_REGION
province:3438,azerbaijan__sabirabad,3438,Sabirabad,,,2708.447,,,,,,,,UNASSIGNED_REGION
province:192,cambodia__svay_rieng,192,Svay Rieng,,,2705.342,,,,,,,,UNASSIGNED_REGION
province:1580,benin__kouffo,1580,Kouffo,,,2702.179,,,,,,,,UNASSIGNED_REGION
province:3827,north_korea__p_y_ngyang,3827,P'yŏngyang,,,2701.179,,,,,,,,UNASSIGNED_REGION
province:1227,panama__ember,1227,Emberá,,,2699.474,,,,,,,,UNASSIGNED_REGION
province:549,east_timor__cova_lima,549,Cova Lima,,,2695.923,,,,,,,,UNASSIGNED_REGION
province:1752,portugal__braga,1752,Braga,region:iberia:minho,macroregion:iberia,2692.884,P2,1350,2,,,,2,OK
province:910,lesotho__leribe,910,Leribe,,,2689.329,,,,,,,,UNASSIGNED_REGION
province:1736,costa_rica__heredia,1736,Heredia,,,2681.883,,,,,,,,UNASSIGNED_REGION
province:1689,united_states_of_america__alaska_63,1689,Alaska,,,2681.135,,,,,,,,UNASSIGNED_REGION
province:3952,italy__modena,3952,Modena,,,2680.263,,,,,,,,UNASSIGNED_REGION
province:2137,guinea_bissau__quinara_2,2137,Quinara,,,2679.444,,,,,,,,UNASSIGNED_REGION
province:2793,italy__ferrara,2793,Ferrara,,,2677.269,,,,,,,,UNASSIGNED_REGION
province:3565,croatia__bjelovarsko_bilogorska,3565,Bjelovarsko-bilogorska,,,2675.322,,,,,,,,UNASSIGNED_REGION
province:1585,burkina_faso__ioba,1585,Ioba,,,2671.336,,,,,,,,UNASSIGNED_REGION
province:3278,vietnam__h_i_d_ng,3278,Hải Dương,,,2670.548,,,,,,,,UNASSIGNED_REGION
province:598,republic_of_serbia__pirotski,598,Pirotski,,,2669.452,,,,,,,,UNASSIGNED_REGION
province:3943,italy__rieti,3943,Rieti,,,2662.749,,,,,,,,UNASSIGNED_REGION
province:2168,philippines__bulacan,2168,Bulacan,,,2658.931,,,,,,,,UNASSIGNED_REGION
province:195,vietnam__ong_th_p,195,Ðong Tháp,,,2653.93,,,,,,,,UNASSIGNED_REGION
province:615,republic_of_serbia__pomoravski,615,Pomoravski,,,2653.03,,,,,,,,UNASSIGNED_REGION
province:3181,philippines__capiz,3181,Capiz,,,2652.942,,,,,,,,UNASSIGNED_REGION
province:508,bhutan__samdrup_jongkhar,508,Samdrup Jongkhar,,,2642.079,,,,,,,,UNASSIGNED_REGION
province:399,netherlands__drenthe,399,Drenthe,,,2639.489,,,,,,,,UNASSIGNED_REGION
province:2606,united_kingdom__dorset,2606,Dorset,,,2639.397,,,,,,,,UNASSIGNED_REGION
province:2042,sri_lanka__hambant_a,2042,Hambantŏṭa,,,2624.67,,,,,,,,UNASSIGNED_REGION
province:246,armenia__tavush,246,Tavush,,,2623.0,,,,,,,,UNASSIGNED_REGION
province:3686,united_kingdom__banbridge,3686,Banbridge,,,2620.033,,,,,,,,UNASSIGNED_REGION
province:3673,uganda__iganga,3673,Iganga,,,2608.991,,,,,,,,UNASSIGNED_REGION
province:213,luxembourg__luxembourg,213,Luxembourg,,,2608.799,,,,,,,,UNASSIGNED_REGION
province:519,italy__pesaro_e_urbino,519,Pesaro e Urbino,,,2603.238,,,,,,,,UNASSIGNED_REGION
province:383,austria__vorarlberg,383,Vorarlberg,,,2601.828,,,,,,,,UNASSIGNED_REGION
province:622,honduras__la_paz,622,La Paz,,,2592.55,,,,,,,,UNASSIGNED_REGION
province:3015,france__la_r_union,3015,La Réunion,,,2591.831,,,,,,,,UNASSIGNED_REGION
province:1216,guatemala__zacapa,1216,Zacapa,,,2590.376,,,,,,,,UNASSIGNED_REGION
province:3547,estonia__j_rva,3547,Järva,,,2590.105,,,,,,,,UNASSIGNED_REGION
province:3416,republic_of_serbia__pomoravski_2,3416,Pomoravski,,,2588.824,,,,,,,,UNASSIGNED_REGION
province:2747,turkey__d_zce,2747,Düzce,,,2587.536,,,,,,,,UNASSIGNED_REGION
province:3949,italy__piacenza,3949,Piacenza,,,2585.083,,,,,,,,UNASSIGNED_REGION
province:3708,uganda__butaleja,3708,Butaleja,,,2584.318,,,,,,,,UNASSIGNED_REGION
province:3909,bulgaria__razgrad,3909,Razgrad,,,2584.264,,,,,,,,UNASSIGNED_REGION
province:3008,azerbaijan__d_v_i,3008,Dəvəçi,,,2581.007,,,,,,,,UNASSIGNED_REGION
province:2799,italy__chieti,2799,Chieti,,,2577.694,,,,,,,,UNASSIGNED_REGION
province:3816,philippines__benguet,3816,Benguet,,,2577.361,,,,,,,,UNASSIGNED_REGION
province:3703,uganda__mukono,3703,Mukono,,,2575.533,,,,,,,,UNASSIGNED_REGION
province:326,albania__vlor,326,Vlorë,,,2571.967,,,,,,,,UNASSIGNED_REGION
province:3934,italy__cremona,3934,Cremona,,,2566.791,,,,,,,,UNASSIGNED_REGION
province:1376,indonesia__papua_7,1376,Papua,,,2565.921,,,,,,,,UNASSIGNED_REGION
province:1224,panama__kuna_yala,1224,Kuna Yala,,,2564.938,,,,,,,,UNASSIGNED_REGION
province:2842,portugal__lisboa_2,2842,Lisboa,region:iberia:estremadura_ribatejo,macroregion:iberia,2556.202,P2,1500,2,4,,major_metropolitan_core_lisbon,4,OK
province:2033,sri_lanka__mulativ,2033,Mulativ,,,2552.941,,,,,,,,UNASSIGNED_REGION
province:1867,indonesia__maluku_5,1867,Maluku,,,2547.173,,,,,,,,UNASSIGNED_REGION
province:3929,italy__enna,3929,Enna,,,2541.889,,,,,,,,UNASSIGNED_REGION
province:2122,algeria__oran,2122,Oran,,,2537.625,,,,,,,,UNASSIGNED_REGION
province:3695,united_kingdom__cheshire_east,3695,Cheshire East,,,2533.501,,,,,,,,UNASSIGNED_REGION
province:2045,sri_lanka__ma_akalapuva_2,2045,Maḍakalapuva,,,2530.378,,,,,,,,UNASSIGNED_REGION
province:2627,russia__chukchi_autonomous_okrug_6,2627,Chukchi Autonomous Okrug,,,2520.213,,,,,,,,UNASSIGNED_REGION
province:2283,united_states_of_america__rhode_island_4,2283,Rhode Island,,,2515.465,,,,,,,,UNASSIGNED_REGION
province:3694,united_kingdom__leicestershire,3694,Leicestershire,,,2515.308,,,,,,,,UNASSIGNED_REGION
province:3817,philippines__ifugao,3817,Ifugao,,,2511.971,,,,,,,,UNASSIGNED_REGION
province:3279,vietnam__b_nh_d_ng,3279,Bình Dương,,,2509.967,,,,,,,,UNASSIGNED_REGION
province:3419,republic_of_serbia__kolubarski,3419,Kolubarski,,,2500.544,,,,,,,,UNASSIGNED_REGION
province:3452,uganda__kyankwanzi,3452,Kyankwanzi,,,2497.121,,,,,,,,UNASSIGNED_REGION
province:232,macedonia__debarca,232,Debarca,,,2494.29,,,,,,,,UNASSIGNED_REGION
province:3948,italy__treviso,3948,Treviso,,,2492.992,,,,,,,,UNASSIGNED_REGION
province:1913,indonesia__maluku_utara_4,1913,Maluku Utara,,,2483.671,,,,,,,,UNASSIGNED_REGION
province:3519,ireland__roscommon,3519,Roscommon,,,2480.945,,,,,,,,UNASSIGNED_REGION
province:3484,nicaragua__granada,3484,Granada,,,2472.569,,,,,,,,UNASSIGNED_REGION
province:611,uganda__kabale,611,Kabale,,,2468.648,,,,,,,,UNASSIGNED_REGION
province:2018,philippines__agusan_del_norte,2018,Agusan del Norte,,,2466.956,,,,,,,,UNASSIGNED_REGION
province:703,hungary__n_gr_d,703,Nógrád,,,2466.605,,,,,,,,UNASSIGNED_REGION
province:2522,thailand__bangkok_metropolis,2522,Bangkok Metropolis,,,2463.235,,,,,,,,UNASSIGNED_REGION
province:127,estonia__v_ru,127,Võru,,,2459.905,,,,,,,,UNASSIGNED_REGION
province:1326,chile__magallanes_y_ant_rtica_chilena_10,1326,Magallanes y Antártica Chilena,,,2458.742,,,,,,,,UNASSIGNED_REGION
province:2306,el_salvador__sonsonate,2306,Sonsonate,,,2451.096,,,,,,,,UNASSIGNED_REGION
province:2221,taiwan__yunlin_2,2221,Yunlin,,,2446.344,,,,,,,,UNASSIGNED_REGION
province:2292,belize__stann_creek,2292,Stann Creek,,,2444.451,,,,,,,,UNASSIGNED_REGION
province:2538,vietnam__nam_nh,2538,Nam Định,,,2438.842,,,,,,,,UNASSIGNED_REGION
province:2784,albania__tiran,2784,Tiranë,,,2432.452,,,,,,,,UNASSIGNED_REGION
province:938,burundi__makamba,938,Makamba,,,2429.263,,,,,,,,UNASSIGNED_REGION
province:1740,croatia__primorsko_goranska_2,1740,Primorsko-Goranska,,,2423.863,,,,,,,,UNASSIGNED_REGION
province:227,albania__dib_r,227,Dibër,,,2422.01,,,,,,,,UNASSIGNED_REGION
province:2337,japan__saga,2337,Saga,,,2421.071,,,,,,,,UNASSIGNED_REGION
province:916,lesotho__mafeteng,916,Mafeteng,,,2403.791,,,,,,,,UNASSIGNED_REGION
province:2379,japan__kanagawa,2379,Kanagawa,,,2399.82,,,,,,,,UNASSIGNED_REGION
province:2116,algeria__jijel,2116,Jijel,,,2397.327,,,,,,,,UNASSIGNED_REGION
province:3042,italy__trapani,3042,Trapani,,,2394.224,,,,,,,,UNASSIGNED_REGION
province:2806,italy__taranto,2806,Taranto,,,2393.976,,,,,,,,UNASSIGNED_REGION
province:3689,united_kingdom__hertfordshire,3689,Hertfordshire,,,2388.878,,,,,,,,UNASSIGNED_REGION
province:3179,philippines__antique,3179,Antique,,,2387.945,,,,,,,,UNASSIGNED_REGION
province:599,bulgaria__pernik,599,Pernik,,,2386.355,,,,,,,,UNASSIGNED_REGION
province:828,syria__lattakia,828,Lattakia,,,2383.403,,,,,,,,UNASSIGNED_REGION
province:394,netherlands__groningen,394,Groningen,,,2381.898,,,,,,,,UNASSIGNED_REGION
province:2810,italy__catanzaro,2810,Catanzaro,,,2381.795,,,,,,,,UNASSIGNED_REGION
province:536,guatemala__chiquimula,536,Chiquimula,,,2381.693,,,,,,,,UNASSIGNED_REGION
province:286,armenia__vayots_dzor,286,Vayots Dzor,,,2378.87,,,,,,,,UNASSIGNED_REGION
province:3566,croatia__brodsko_posavska_2,3566,Brodsko-Posavska,,,2375.734,,,,,,,,UNASSIGNED_REGION
province:3485,netherlands__flevoland,3485,Flevoland,,,2373.121,,,,,,,,UNASSIGNED_REGION
province:3533,guinea__fria,3533,Fria,,,2372.262,,,,,,,,UNASSIGNED_REGION
province:2527,vietnam__b_c_li_u,2527,Bạc Liêu,,,2371.908,,,,,,,,UNASSIGNED_REGION
province:3670,uganda__mbarara,3670,Mbarara,,,2371.693,,,,,,,,UNASSIGNED_REGION
province:3417,republic_of_serbia__umadijski,3417,Šumadijski,,,2369.295,,,,,,,,UNASSIGNED_REGION
province:3456,uganda__sembabule,3456,Sembabule,,,2366.144,,,,,,,,UNASSIGNED_REGION
province:3483,nicaragua__estel,3483,Estelí,,,2365.273,,,,,,,,UNASSIGNED_REGION
province:510,thailand__satun,510,Satun,,,2358.002,,,,,,,,UNASSIGNED_REGION
province:705,hungary__kom_rom_esztergom,705,Komárom-Esztergom,,,2357.335,,,,,,,,UNASSIGNED_REGION
province:4022,kosovo__lipljan,4022,Lipljan,,,2355.985,,,,,,,,UNASSIGNED_REGION
province:1031,liberia__maryland,1031,Maryland,,,2354.885,,,,,,,,UNASSIGNED_REGION
province:441,republic_of_serbia__zapadno_backi,441,Zapadno-Backi,,,2353.957,,,,,,,,UNASSIGNED_REGION
province:3680,uganda__katakwi,3680,Katakwi,,,2351.609,,,,,,,,UNASSIGNED_REGION
province:1870,indonesia__maluku_8,1870,Maluku,,,2346.707,,,,,,,,UNASSIGNED_REGION
province:2313,panama__herrera,2313,Herrera,,,2341.54,,,,,,,,UNASSIGNED_REGION
province:1374,indonesia__papua_5,1374,Papua,,,2338.966,,,,,,,,UNASSIGNED_REGION
province:2571,ireland__wexford,2571,Wexford,,,2338.789,,,,,,,,UNASSIGNED_REGION
province:3935,italy__mantova,3935,Mantova,,,2330.142,,,,,,,,UNASSIGNED_REGION
province:780,azerbaijan__c_bray_l,780,Cəbrayıl,,,2329.136,,,,,,,,UNASSIGNED_REGION
province:688,croatia__vukovarsko_srijemska,688,Vukovarsko-Srijemska,,,2328.905,,,,,,,,UNASSIGNED_REGION
province:3528,guinea__l_louma,3528,Lélouma,,,2324.509,,,,,,,,UNASSIGNED_REGION
province:669,belgium__limburg,669,Limburg,,,2324.206,,,,,,,,UNASSIGNED_REGION
province:1012,burkina_faso__noumbiel,1012,Noumbiel,,,2323.864,,,,,,,,UNASSIGNED_REGION
province:1817,australia__northern_territory_7,1817,Northern Territory,,,2323.345,,,,,,,,UNASSIGNED_REGION
province:2229,taiwan__new_taipei_city,2229,New Taipei City,,,2322.665,,,,,,,,UNASSIGNED_REGION
province:3618,armenia__kotayk,3618,Kotayk,,,2322.257,,,,,,,,UNASSIGNED_REGION
province:2145,liberia__margibi,2145,Margibi,,,2320.061,,,,,,,,UNASSIGNED_REGION
province:492,thailand__trat,492,Trat,,,2316.07,,,,,,,,UNASSIGNED_REGION
province:2847,portugal__porto,2847,Porto,region:iberia:minho,macroregion:iberia,2312.666,P2,1350,2,3,,major_port_metropolitan_core_porto,3,OK
province:509,bhutan__tashigang,509,Tashigang,,,2310.923,,,,,,,,UNASSIGNED_REGION
province:616,republic_of_serbia__toplicki,616,Toplicki,,,2309.386,,,,,,,,UNASSIGNED_REGION
province:1917,indonesia__maluku_utara_8,1917,Maluku Utara,,,2301.775,,,,,,,,UNASSIGNED_REGION
province:432,azerbaijan__zaqatala,432,Zaqatala,,,2301.445,,,,,,,,UNASSIGNED_REGION
province:271,brazil__par_15,271,Pará,,,2297.876,,,,,,,,UNASSIGNED_REGION
province:3951,italy__reggio_emilia,3951,Reggio Emilia,,,2293.059,,,,,,,,UNASSIGNED_REGION
province:1906,indonesia__sulawesi_tengah_2,1906,Sulawesi Tengah,,,2289.557,,,,,,,,UNASSIGNED_REGION
province:229,albania__kuk_s,229,Kukës,,,2288.554,,,,,,,,UNASSIGNED_REGION
province:2675,estonia__l_ne,2675,Lääne,,,2280.03,,,,,,,,UNASSIGNED_REGION
province:1996,guyana__demerara_mahaica,1996,Demerara-Mahaica,,,2279.724,,,,,,,,UNASSIGNED_REGION
province:1600,uganda__moroto,1600,Moroto,,,2279.695,,,,,,,,UNASSIGNED_REGION
province:380,italy__verbano_cusio_ossola,380,Verbano-Cusio-Ossola,,,2264.622,,,,,,,,UNASSIGNED_REGION
province:3268,yemen__al_mahwit,3268,Al Mahwit,,,2263.309,,,,,,,,UNASSIGNED_REGION
province:591,macedonia__kavadartsi,591,Kavadartsi,,,2259.732,,,,,,,,UNASSIGNED_REGION
province:753,moldova__donduseni,753,Donduseni,,,2258.818,,,,,,,,UNASSIGNED_REGION
province:3681,uganda__serere,3681,Serere,,,2254.204,,,,,,,,UNASSIGNED_REGION
province:2121,algeria__mostaganem,2121,Mostaganem,,,2251.401,,,,,,,,UNASSIGNED_REGION
province:1618,estonia__p_lva,1618,Põlva,,,2250.556,,,,,,,,UNASSIGNED_REGION
province:2904,greenland__nationalparken_2,2904,Nationalparken,,,2248.552,,,,,,,,UNASSIGNED_REGION
province:3355,east_timor__aileu,3355,Aileu,,,2248.204,,,,,,,,UNASSIGNED_REGION
province:2994,cuba__isla_de_la_juventud,2994,Isla de la Juventud,,,2247.592,,,,,,,,UNASSIGNED_REGION
province:3990,france__yvelines,3990,Yvelines,,,2244.436,,,,,,,,UNASSIGNED_REGION
province:2338,japan__nagasaki,2338,Nagasaki,,,2244.015,,,,,,,,UNASSIGNED_REGION
province:592,macedonia__prilep,592,Prilep,,,2236.523,,,,,,,,UNASSIGNED_REGION
province:442,republic_of_serbia__severno_banatski,442,Severno-Banatski,,,2236.521,,,,,,,,UNASSIGNED_REGION
province:2219,taiwan__taichung_city,2219,Taichung City,,,2230.612,,,,,,,,UNASSIGNED_REGION
province:3676,uganda__abim,3676,Abim,,,2223.703,,,,,,,,UNASSIGNED_REGION
province:3699,united_kingdom__warwickshire,3699,Warwickshire,,,2209.916,,,,,,,,UNASSIGNED_REGION
province:2004,philippines__zamboanga_sibugay,2004,Zamboanga Sibugay,,,2202.568,,,,,,,,UNASSIGNED_REGION
province:3846,macedonia__veles,3846,Veles,,,2201.23,,,,,,,,UNASSIGNED_REGION
province:3422,malawi__balaka,3422,Balaka,,,2200.879,,,,,,,,UNASSIGNED_REGION
province:2815,italy__latina,2815,Latina,,,2199.99,,,,,,,,UNASSIGNED_REGION
province:3334,thailand__nakhon_nayok,3334,Nakhon Nayok,,,2199.434,,,,,,,,UNASSIGNED_REGION
province:2223,taiwan__tainan_city,2223,Tainan City,,,2196.823,,,,,,,,UNASSIGNED_REGION
province:695,bosnia_and_herzegovina__vlasenica,695,Vlasenica,,,2194.396,,,,,,,,UNASSIGNED_REGION
province:1079,canada__british_columbia_2,1079,British Columbia,,,2192.421,,,,,,,,UNASSIGNED_REGION
province:1603,uganda__nebbi,1603,Nebbi,,,2192.388,,,,,,,,UNASSIGNED_REGION
province:1548,gambia__north_bank,1548,North Bank,,,2191.595,,,,,,,,UNASSIGNED_REGION
province:2852,spain__bizkaia,2852,Bizkaia,region:iberia:cantabrian_basque_coast,macroregion:iberia,2191.023,P2,1300,2,,,,2,OK
province:837,jordan__irbid,837,Irbid,,,2190.175,,,,,,,,UNASSIGNED_REGION
province:2162,philippines__albay,2162,Albay,,,2190.027,,,,,,,,UNASSIGNED_REGION
province:936,burundi__ruyigi,936,Ruyigi,,,2189.907,,,,,,,,UNASSIGNED_REGION
province:2020,philippines__lanao_del_norte,2020,Lanao del Norte,,,2180.713,,,,,,,,UNASSIGNED_REGION
province:3616,azerbaijan__a_da,3616,Ağdaş,,,2179.874,,,,,,,,UNASSIGNED_REGION
province:3959,italy__pordenone,3959,Pordenone,,,2177.299,,,,,,,,UNASSIGNED_REGION
province:3615,azerbaijan__g_y_ay,3615,Göyçay,,,2173.913,,,,,,,,UNASSIGNED_REGION
province:3177,philippines__puerto_princesa,3177,Puerto Princesa,,,2172.015,,,,,,,,UNASSIGNED_REGION
province:593,macedonia__bitola,593,Bitola,,,2165.185,,,,,,,,UNASSIGNED_REGION
province:3058,italy__siracusa,3058,Siracusa,,,2158.354,,,,,,,,UNASSIGNED_REGION
province:3520,ireland__north_tipperary,3520,North Tipperary,,,2157.827,,,,,,,,UNASSIGNED_REGION
province:3692,united_kingdom__nottinghamshire,3692,Nottinghamshire,,,2156.514,,,,,,,,UNASSIGNED_REGION
province:1744,portugal__viana_do_castelo,1744,Viana do Castelo,region:iberia:minho,macroregion:iberia,2150.948,P2,1350,2,,,,2,OK
province:3148,east_timor__manufahi,3148,Manufahi,,,2148.374,,,,,,,,UNASSIGNED_REGION
province:547,indonesia__nusa_tenggara_timur_11,547,Nusa Tenggara Timur,,,2139.669,,,,,,,,UNASSIGNED_REGION
province:756,moldova__comrat,756,Comrat,,,2139.113,,,,,,,,UNASSIGNED_REGION
province:3937,italy__lecco,3937,Lecco,,,2135.867,,,,,,,,UNASSIGNED_REGION
province:3631,algeria__blida,3631,Blida,,,2132.043,,,,,,,,UNASSIGNED_REGION
province:2528,vietnam__hau_giang,2528,Hau Giang,,,2129.107,,,,,,,,UNASSIGNED_REGION
province:148,norway__nordland_6,148,Nordland,,,2123.196,,,,,,,,UNASSIGNED_REGION
province:3647,algeria__constantine,3647,Constantine,,,2122.39,,,,,,,,UNASSIGNED_REGION
province:2049,vietnam__ti_n_giang_2,2049,Tiền Giang,,,2118.13,,,,,,,,UNASSIGNED_REGION
province:3521,ireland__south_tipperary,3521,South Tipperary,,,2117.353,,,,,,,,UNASSIGNED_REGION
province:3213,vanuatu__malampa_2,3213,Malampa,,,2115.828,,,,,,,,UNASSIGNED_REGION
province:3448,uganda__mpigi,3448,Mpigi,,,2114.243,,,,,,,,UNASSIGNED_REGION
province:3088,united_kingdom__eilean_siar_3,3088,Eilean Siar,,,2110.002,,,,,,,,UNASSIGNED_REGION
province:288,azerbaijan__lankaran,288,Lankaran,,,2107.362,,,,,,,,UNASSIGNED_REGION
province:3954,italy__terni,3954,Terni,,,2106.842,,,,,,,,UNASSIGNED_REGION
province:2089,guyana__east_berbice_corentyne,2089,East Berbice-Corentyne,,,2104.654,,,,,,,,UNASSIGNED_REGION
province:2745,turkey__bart_n,2745,Bartın,,,2101.238,,,,,,,,UNASSIGNED_REGION
province:2169,philippines__pampanga,2169,Pampanga,,,2098.207,,,,,,,,UNASSIGNED_REGION
province:535,el_salvador__santa_ana,535,Santa Ana,,,2097.781,,,,,,,,UNASSIGNED_REGION
province:507,bhutan__shemgang,507,Shemgang,,,2095.159,,,,,,,,UNASSIGNED_REGION
province:697,slovakia__bratislavsk,697,Bratislavský,,,2095.061,,,,,,,,UNASSIGNED_REGION
province:2039,sri_lanka__k_amba,2039,Kŏḷamba,,,2094.817,,,,,,,,UNASSIGNED_REGION
province:2531,vietnam__b_n_tre_2,2531,Bến Tre,,,2090.816,,,,,,,,UNASSIGNED_REGION
province:1717,siachen_glacier__kashmir,1717,Kashmir,,,2089.535,,,,,,,,UNASSIGNED_REGION
province:3056,italy__caltanissetta,3056,Caltanissetta,,,2089.202,,,,,,,,UNASSIGNED_REGION
province:2791,italy__padova,2791,Padova,,,2087.341,,,,,,,,UNASSIGNED_REGION
province:403,netherlands__limburg,403,Limburg,,,2087.275,,,,,,,,UNASSIGNED_REGION
province:2027,philippines__sarangani,2027,Sarangani,,,2087.043,,,,,,,,UNASSIGNED_REGION
province:3766,sri_lanka__m_tale,3766,Mātale,,,2082.834,,,,,,,,UNASSIGNED_REGION
province:2567,russia__sakhalin_6,2567,Sakhalin,,,2082.77,,,,,,,,UNASSIGNED_REGION
province:2228,taiwan__yilan,2228,Yilan,,,2081.483,,,,,,,,UNASSIGNED_REGION
province:2792,italy__rovigo,2792,Rovigo,,,2081.468,,,,,,,,UNASSIGNED_REGION
province:463,croatia__viroviticko_podravska,463,Viroviticko-Podravska,,,2080.458,,,,,,,,UNASSIGNED_REGION
province:385,austria__tirol_2,385,Tirol,,,2075.282,,,,,,,,UNASSIGNED_REGION
province:3444,uganda__luweero,3444,Luweero,,,2074.846,,,,,,,,UNASSIGNED_REGION
province:914,lesotho__berea,914,Berea,,,2066.461,,,,,,,,UNASSIGNED_REGION
province:282,azerbaijan__a_stafa,282,Ağstafa,,,2063.857,,,,,,,,UNASSIGNED_REGION
province:3698,united_kingdom__worcestershire,3698,Worcestershire,,,2062.155,,,,,,,,UNASSIGNED_REGION
province:3911,bulgaria__gabrovo,3911,Gabrovo,,,2061.177,,,,,,,,UNASSIGNED_REGION
province:2981,haiti__nord,2981,Nord,,,2056.518,,,,,,,,UNASSIGNED_REGION
province:3930,italy__benevento,3930,Benevento,,,2055.421,,,,,,,,UNASSIGNED_REGION
province:3613,azerbaijan__i_smay_ll,3613,İsmayıllı,,,2054.895,,,,,,,,UNASSIGNED_REGION
province:2143,liberia__bomi,2143,Bomi,,,2054.551,,,,,,,,UNASSIGNED_REGION
province:4007,france__essonne,4007,Essonne,,,2054.175,,,,,,,,UNASSIGNED_REGION
province:3530,guinea__lab,3530,Labé,,,2054.139,,,,,,,,UNASSIGNED_REGION
province:2159,philippines__camarines_norte,2159,Camarines Norte,,,2051.746,,,,,,,,UNASSIGNED_REGION
province:527,dominican_republic__pedernales,527,Pedernales,,,2051.691,,,,,,,,UNASSIGNED_REGION
province:526,haiti__sud_est,526,Sud-Est,,,2050.712,,,,,,,,UNASSIGNED_REGION
province:3845,macedonia__ko_ani,3845,Kočani,,,2050.087,,,,,,,,UNASSIGNED_REGION
province:126,estonia__valga,126,Valga,,,2048.586,,,,,,,,UNASSIGNED_REGION
province:1999,indonesia__kalimantan_selatan_2,1999,Kalimantan Selatan,,,2047.499,,,,,,,,UNASSIGNED_REGION
province:2624,russia__chukchi_autonomous_okrug_3,2624,Chukchi Autonomous Okrug,,,2047.362,,,,,,,,UNASSIGNED_REGION
province:3436,azerbaijan__xanlar,3436,Xanlar,,,2046.154,,,,,,,,UNASSIGNED_REGION
province:2572,ireland__kilkenny,2572,Kilkenny,,,2045.189,,,,,,,,UNASSIGNED_REGION
province:2029,philippines__davao,2029,Davao,,,2045.032,,,,,,,,UNASSIGNED_REGION
province:27,lebanon__south_lebanon,27,South Lebanon,,,2041.357,,,,,,,,UNASSIGNED_REGION
province:2758,lebanon__mount_lebanon,2758,Mount Lebanon,,,2038.659,,,,,,,,UNASSIGNED_REGION
province:3843,macedonia__a_ka,3843,Čaška,,,2031.81,,,,,,,,UNASSIGNED_REGION
province:2022,philippines__misamis_occidental,2022,Misamis Occidental,,,2028.763,,,,,,,,UNASSIGNED_REGION
province:2796,italy__ancona,2796,Ancona,,,2028.186,,,,,,,,UNASSIGNED_REGION
province:2222,taiwan__chiayi,2222,Chiayi,,,2027.246,,,,,,,,UNASSIGNED_REGION
province:754,moldova__tefan_vod,754,Ștefan Vodă,,,2023.031,,,,,,,,UNASSIGNED_REGION
province:2465,canada__nunavut_71,2465,Nunavut,,,2021.592,,,,,,,,UNASSIGNED_REGION
province:3818,philippines__mountain_province,3818,Mountain Province,,,2021.055,,,,,,,,UNASSIGNED_REGION
province:2309,el_salvador__usulut_n,2309,Usulután,,,2019.741,,,,,,,,UNASSIGNED_REGION
province:3139,solomon_islands__western_3,3139,Western,,,2017.765,,,,,,,,UNASSIGNED_REGION
province:1899,indonesia__papua_barat_4,1899,Papua Barat,,,2017.429,,,,,,,,UNASSIGNED_REGION
province:912,lesotho__qacha_s_nek,912,Qacha's Nek,,,2016.403,,,,,,,,UNASSIGNED_REGION
province:3231,cuba__artemisa,3231,Artemisa,,,2016.223,,,,,,,,UNASSIGNED_REGION
province:2166,philippines__sorsogon,2166,Sorsogon,,,2011.791,,,,,,,,UNASSIGNED_REGION
province:2302,guatemala__retalhuleu,2302,Retalhuleu,,,2010.717,,,,,,,,UNASSIGNED_REGION
province:3517,ireland__offaly,3517,Offaly,,,2005.883,,,,,,,,UNASSIGNED_REGION
province:289,armenia__ararat,289,Ararat,,,2004.777,,,,,,,,UNASSIGNED_REGION
province:2518,thailand__pattani,2518,Pattani,,,2004.359,,,,,,,,UNASSIGNED_REGION
province:3439,uganda__buyende,3439,Buyende,,,2004.213,,,,,,,,UNASSIGNED_REGION
province:1604,uganda__buliisa,1604,Buliisa,,,1997.46,,,,,,,,UNASSIGNED_REGION
province:3771,sri_lanka__vavuniy_va,3771,Vavuniyāva,,,1997.163,,,,,,,,UNASSIGNED_REGION
province:3030,spain__santa_cruz_de_tenerife_3,3030,Santa Cruz de Tenerife,,,1996.635,,,,,,,,UNASSIGNED_REGION
province:3536,guatemala__jalapa,3536,Jalapa,,,1996.584,,,,,,,,UNASSIGNED_REGION
province:3687,united_kingdom__ballymoney,3687,Ballymoney,,,1996.437,,,,,,,,UNASSIGNED_REGION
province:2529,vietnam__tr_vinh,2529,Trà Vinh,,,1994.776,,,,,,,,UNASSIGNED_REGION
province:3118,russia__kamchatka_2,3118,Kamchatka,,,1991.747,,,,,,,,UNASSIGNED_REGION
province:86,lebanon__north_lebanon,86,North Lebanon,,,1991.522,,,,,,,,UNASSIGNED_REGION
province:2985,dominican_republic__san_crist_bal,2985,San Cristóbal,,,1987.069,,,,,,,,UNASSIGNED_REGION
province:1292,chile__ais_n_del_general_carlos_ib_ez_del_campo_9,1292,Aisén del General Carlos Ibáñez del Campo,,,1986.433,,,,,,,,UNASSIGNED_REGION
province:2821,italy__la_spezia,2821,La Spezia,,,1984.208,,,,,,,,UNASSIGNED_REGION
province:2119,algeria__tipaza,2119,Tipaza,,,1984.029,,,,,,,,UNASSIGNED_REGION
province:3023,equatorial_guinea__bioko_sur,3023,Bioko Sur,,,1982.16,,,,,,,,UNASSIGNED_REGION
province:1592,malawi__nsanje,1592,Nsanje,,,1970.939,,,,,,,,UNASSIGNED_REGION
province:1550,gambia__upper_river,1550,Upper River,,,1966.073,,,,,,,,UNASSIGNED_REGION
province:581,spain__gipuzkoa,581,Gipuzkoa,region:iberia:cantabrian_basque_coast,macroregion:iberia,1965.399,P2,1300,2,,,,2,OK
province:2603,united_kingdom__west_sussex,2603,West Sussex,,,1962.382,,,,,,,,UNASSIGNED_REGION
province:3606,bhutan__mongar,3606,Mongar,,,1960.93,,,,,,,,UNASSIGNED_REGION
province:565,burundi__kirundo,565,Kirundo,,,1957.646,,,,,,,,UNASSIGNED_REGION
province:3490,moldova__s_ngerei,3490,Sîngerei,,,1953.962,,,,,,,,UNASSIGNED_REGION
province:1199,belize__corozal,1199,Corozal,,,1953.385,,,,,,,,UNASSIGNED_REGION
province:3772,sri_lanka__mahanuvara,3772,Mahanuvara,,,1944.809,,,,,,,,UNASSIGNED_REGION
province:2638,russia__yamal_nenets_5,2638,Yamal-Nenets,,,1940.542,,,,,,,,UNASSIGNED_REGION
province:3433,azerbaijan__hajigabul,3433,Hajigabul,,,1937.555,,,,,,,,UNASSIGNED_REGION
province:3109,united_states_of_america__hawaii_3,3109,Hawaii,,,1934.572,,,,,,,,UNASSIGNED_REGION
province:1493,senegal__ziguinchor,1493,Ziguinchor,,,1930.596,,,,,,,,UNASSIGNED_REGION
province:2123,algeria__a_n_t_mouchent,2123,Aïn Témouchent,,,1925.457,,,,,,,,UNASSIGNED_REGION
province:2179,haiti__nord_ouest_2,2179,Nord-Ouest,,,1920.468,,,,,,,,UNASSIGNED_REGION
province:1776,georgia__guria,1776,Guria,,,1917.801,,,,,,,,UNASSIGNED_REGION
province:3424,malawi__ntchisi,3424,Ntchisi,,,1917.704,,,,,,,,UNASSIGNED_REGION
province:3691,united_kingdom__buckinghamshire,3691,Buckinghamshire,,,1916.914,,,,,,,,UNASSIGNED_REGION
province:608,uganda__ntungamo,608,Ntungamo,,,1915.002,,,,,,,,UNASSIGNED_REGION
province:3552,egypt__al_gharbiyah,3552,Al Gharbiyah,,,1912.782,,,,,,,,UNASSIGNED_REGION
province:1661,united_states_of_america__alaska_35,1661,Alaska,,,1912.019,,,,,,,,UNASSIGNED_REGION
province:3537,guatemala__el_progreso,3537,El Progreso,,,1900.907,,,,,,,,UNASSIGNED_REGION
province:2112,tunisia__manubah,2112,Manubah,,,1898.445,,,,,,,,UNASSIGNED_REGION
province:1914,indonesia__maluku_utara_5,1914,Maluku Utara,,,1891.014,,,,,,,,UNASSIGNED_REGION
province:3928,mauritius__curepipe,3928,Curepipe,,,1889.69,,,,,,,,UNASSIGNED_REGION
province:358,djibouti__arta,358,Arta,,,1882.614,,,,,,,,UNASSIGNED_REGION
province:311,united_kingdom__fermanagh,311,Fermanagh,,,1880.889,,,,,,,,UNASSIGNED_REGION
province:1676,united_states_of_america__alaska_50,1676,Alaska,,,1880.392,,,,,,,,UNASSIGNED_REGION
province:3116,south_korea__jeju,3116,Jeju,,,1878.546,,,,,,,,UNASSIGNED_REGION
province:3072,italy__ogliastra,3072,Ogliastra,,,1875.314,,,,,,,,UNASSIGNED_REGION
province:3989,france__val_d_oise,3989,Val-d'Oise,,,1872.904,,,,,,,,UNASSIGNED_REGION
province:3151,east_timor__laut_m,3151,Lautém,,,1872.242,,,,,,,,UNASSIGNED_REGION
province:2590,turkey__istanbul_2,2590,Istanbul,,,1871.038,,,,,,,,UNASSIGNED_REGION
province:3150,east_timor__viqueque,3150,Viqueque,,,1870.158,,,,,,,,UNASSIGNED_REGION
province:357,djibouti__ali_sabieh,357,Ali Sabieh,,,1870.069,,,,,,,,UNASSIGNED_REGION
province:795,russia__khabarovsk_3,795,Khabarovsk,,,1861.489,,,,,,,,UNASSIGNED_REGION
province:2612,united_kingdom__ceredigion,2612,Ceredigion,,,1860.586,,,,,,,,UNASSIGNED_REGION
province:2037,sri_lanka__mann_rama,2037,Mannārama,,,1853.918,,,,,,,,UNASSIGNED_REGION
province:2822,italy__genova,2822,Genova,,,1852.61,,,,,,,,UNASSIGNED_REGION
province:2794,italy__ravenna,2794,Ravenna,,,1847.378,,,,,,,,UNASSIGNED_REGION
province:4023,kosovo__vu_itrn,4023,Vučitrn,,,1846.117,,,,,,,,UNASSIGNED_REGION
province:3178,philippines__aklan,3178,Aklan,,,1844.545,,,,,,,,UNASSIGNED_REGION
province:2218,taiwan__miaoli,2218,Miaoli,,,1843.783,,,,,,,,UNASSIGNED_REGION
province:3659,afghanistan__kapisa,3659,Kapisa,,,1842.421,,,,,,,,UNASSIGNED_REGION
province:624,el_salvador__la_uni_n,624,La Unión,,,1841.862,,,,,,,,UNASSIGNED_REGION
province:2804,italy__brindisi,2804,Brindisi,,,1841.751,,,,,,,,UNASSIGNED_REGION
province:2573,ireland__waterford,2573,Waterford,,,1839.798,,,,,,,,UNASSIGNED_REGION
province:939,burundi__bujumbura_mairie,939,Bujumbura Mairie,,,1838.216,,,,,,,,UNASSIGNED_REGION
province:683,croatia__brodsko_posavska,683,Brodsko-Posavska,,,1837.104,,,,,,,,UNASSIGNED_REGION
province:3617,azerbaijan__a_cab_di,3617,Ağcabədi,,,1835.956,,,,,,,,UNASSIGNED_REGION
province:2783,albania__fier,2783,Fier,,,1831.692,,,,,,,,UNASSIGNED_REGION
province:619,el_salvador__chalatenango,619,Chalatenango,,,1826.94,,,,,,,,UNASSIGNED_REGION
province:2387,japan__saka,2387,Ōsaka,,,1825.872,,,,,,,,UNASSIGNED_REGION
province:2584,ireland__sligo,2584,Sligo,,,1822.33,,,,,,,,UNASSIGNED_REGION
province:2671,russia__sakha_yakutia_13,2671,Sakha (Yakutia),,,1821.772,,,,,,,,UNASSIGNED_REGION
province:2154,haiti__grand_anse,2154,Grand'Anse,,,1818.245,,,,,,,,UNASSIGNED_REGION
province:2980,dominican_republic__puerto_plata,2980,Puerto Plata,,,1807.705,,,,,,,,UNASSIGNED_REGION
province:2790,italy__venezia_3,2790,Venezia,,,1804.673,,,,,,,,UNASSIGNED_REGION
province:2378,japan__tokyo,2378,Tokyo,,,1800.542,,,,,,,,UNASSIGNED_REGION
province:3162,papua_new_guinea__manus,3162,Manus,,,1797.068,,,,,,,,UNASSIGNED_REGION
province:3607,bhutan__tongsa,3607,Tongsa,,,1793.572,,,,,,,,UNASSIGNED_REGION
province:73,bhutan__tashi_yangtse,73,Tashi Yangtse,,,1792.222,,,,,,,,UNASSIGNED_REGION
province:291,azerbaijan__ordubad,291,Ordubad,,,1792.024,,,,,,,,UNASSIGNED_REGION
province:3652,albania__berat,3652,Berat,,,1790.613,,,,,,,,UNASSIGNED_REGION
province:757,moldova__comrat_2,757,Comrat,,,1786.827,,,,,,,,UNASSIGNED_REGION
province:935,burundi__cankuzo,935,Cankuzo,,,1785.584,,,,,,,,UNASSIGNED_REGION
province:1688,united_states_of_america__alaska_62,1688,Alaska,,,1773.434,,,,,,,,UNASSIGNED_REGION
province:3688,united_kingdom__ballymena,3688,Ballymena,,,1773.043,,,,,,,,UNASSIGNED_REGION
province:3899,burkina_faso__zondoma,3899,Zondoma,,,1770.249,,,,,,,,UNASSIGNED_REGION
province:2909,greenland__nationalparken_7,2909,Nationalparken,,,1766.755,,,,,,,,UNASSIGNED_REGION
province:2953,trinidad_and_tobago__sangre_grande,2953,Sangre Grande,,,1765.199,,,,,,,,UNASSIGNED_REGION
province:2602,united_kingdom__east_sussex,2602,East Sussex,,,1760.859,,,,,,,,UNASSIGNED_REGION
province:2144,liberia__montserrado,2144,Montserrado,,,1760.315,,,,,,,,UNASSIGNED_REGION
province:2809,italy__crotene,2809,Crotene,,,1758.35,,,,,,,,UNASSIGNED_REGION
province:3398,romania__ilfov,3398,Ilfov,,,1756.7,,,,,,,,UNASSIGNED_REGION
province:3497,kosovo__klina,3497,Klina,,,1746.058,,,,,,,,UNASSIGNED_REGION
province:1581,benin__mono,1581,Mono,,,1745.765,,,,,,,,UNASSIGNED_REGION
province:3149,east_timor__manatuto,3149,Manatuto,,,1735.979,,,,,,,,UNASSIGNED_REGION
province:3534,guatemala__chimaltenango,3534,Chimaltenango,,,1733.5,,,,,,,,UNASSIGNED_REGION
province:3707,uganda__mbale,3707,Mbale,,,1733.131,,,,,,,,UNASSIGNED_REGION
province:2307,el_salvador__la_libertad,2307,La Libertad,,,1724.238,,,,,,,,UNASSIGNED_REGION
province:1818,australia__northern_territory_8,1818,Northern Territory,,,1720.501,,,,,,,,UNASSIGNED_REGION
province:3770,sri_lanka__nuvara_liya,3770,Nuvara Ĕliya,,,1717.452,,,,,,,,UNASSIGNED_REGION
province:563,burundi__muyinga,563,Muyinga,,,1711.12,,,,,,,,UNASSIGNED_REGION
province:2786,croatia__ibensko_kninska,2786,Šibensko-Kninska,,,1710.06,,,,,,,,UNASSIGNED_REGION
province:1594,malawi__neno,1594,Neno,,,1706.706,,,,,,,,UNASSIGNED_REGION
province:3515,ireland__kildare,3515,Kildare,,,1702.944,,,,,,,,UNASSIGNED_REGION
province:3516,ireland__laoighis,3516,Laoighis,,,1702.329,,,,,,,,UNASSIGNED_REGION
province:909,lesotho__butha_buthe,909,Butha-Buthe,,,1699.356,,,,,,,,UNASSIGNED_REGION
province:2052,vietnam__b_r_a_v_ng_t_u_3,2052,Bà Rịa - Vũng Tàu,,,1693.76,,,,,,,,UNASSIGNED_REGION
province:3609,azerbaijan__mkir,3609,Şəmkir,,,1691.375,,,,,,,,UNASSIGNED_REGION
province:618,honduras__ocotepeque,618,Ocotepeque,,,1688.883,,,,,,,,UNASSIGNED_REGION
province:2353,japan__kagawa,2353,Kagawa,,,1686.159,,,,,,,,UNASSIGNED_REGION
province:1995,indonesia__aceh_2,1995,Aceh,,,1684.364,,,,,,,,UNASSIGNED_REGION
province:755,moldova__basarabeasca,755,Basarabeasca,,,1683.086,,,,,,,,UNASSIGNED_REGION
province:738,moldova__edine,738,Edineţ,,,1682.389,,,,,,,,UNASSIGNED_REGION
province:4021,kosovo__uro_evac,4021,Uroševac,,,1682.353,,,,,,,,UNASSIGNED_REGION
province:3896,burkina_faso__kourw_ogo,3896,Kourwéogo,,,1682.189,,,,,,,,UNASSIGNED_REGION
province:498,bhutan__samchi,498,Samchi,,,1678.598,,,,,,,,UNASSIGNED_REGION
province:3701,united_kingdom__surrey,3701,Surrey,,,1674.886,,,,,,,,UNASSIGNED_REGION
province:937,burundi__rutana,937,Rutana,,,1674.056,,,,,,,,UNASSIGNED_REGION
province:2040,sri_lanka__ka_utara,2040,Kaḷutara,,,1673.975,,,,,,,,UNASSIGNED_REGION
province:497,bhutan__ha,497,Ha,,,1672.762,,,,,,,,UNASSIGNED_REGION
province:3085,denmark__hovedstaden_3,3085,Hovedstaden,,,1671.045,,,,,,,,UNASSIGNED_REGION
province:1844,australia__queensland_7,1844,Queensland,,,1669.17,,,,,,,,UNASSIGNED_REGION
province:464,croatia__koprivni_ko_kri_eva_ka,464,Koprivničko-Križevačka,,,1666.965,,,,,,,,UNASSIGNED_REGION
province:1945,indonesia__kepulauan_riau_8,1945,Kepulauan Riau,,,1663.538,,,,,,,,UNASSIGNED_REGION
province:3033,spain__las_palmas_2,3033,Las Palmas,,,1660.268,,,,,,,,UNASSIGNED_REGION
province:439,republic_of_serbia__severno_backi,439,Severno-Backi,,,1654.574,,,,,,,,UNASSIGNED_REGION
province:1567,uganda__moyo,1567,Moyo,,,1654.283,,,,,,,,UNASSIGNED_REGION
province:2436,canada__nunavut_42,2436,Nunavut,,,1648.507,,,,,,,,UNASSIGNED_REGION
province:3764,sri_lanka__k_galla,3764,Kægalla,,,1640.276,,,,,,,,UNASSIGNED_REGION
province:1055,brunei__tutong,1055,Tutong,,,1640.207,,,,,,,,UNASSIGNED_REGION
province:2802,italy__barletta_andria_trani,2802,Barletta-Andria Trani,,,1637.625,,,,,,,,UNASSIGNED_REGION
province:3445,uganda__amolatar,3445,Amolatar,,,1635.525,,,,,,,,UNASSIGNED_REGION
province:3125,samoa__fa_asaleleaga,3125,Fa'asaleleaga,,,1630.66,,,,,,,,UNASSIGNED_REGION
province:312,ireland__leitrim,312,Leitrim,,,1630.652,,,,,,,,UNASSIGNED_REGION
province:2983,dominican_republic__barahona,2983,Barahona,,,1628.627,,,,,,,,UNASSIGNED_REGION
province:3048,greece__voreio_aigaio_3,3048,Voreio Aigaio,,,1627.064,,,,,,,,UNASSIGNED_REGION
province:3548,el_salvador__san_salvador,3548,San Salvador,,,1625.58,,,,,,,,UNASSIGNED_REGION
province:3057,italy__ragusa,3057,Ragusa,,,1621.27,,,,,,,,UNASSIGNED_REGION
province:2173,philippines__la_union,2173,La Union,,,1618.299,,,,,,,,UNASSIGNED_REGION
province:2785,albania__lezh,2785,Lezhë,,,1613.481,,,,,,,,UNASSIGNED_REGION
province:1765,united_kingdom__northumberland_4,1765,Northumberland,,,1611.829,,,,,,,,UNASSIGNED_REGION
province:3240,new_zealand__southland,3240,Southland,,,1609.712,,,,,,,,UNASSIGNED_REGION
province:743,moldova__cantemir,743,Cantemir,,,1609.219,,,,,,,,UNASSIGNED_REGION
province:1599,malawi__thyolo,1599,Thyolo,,,1608.01,,,,,,,,UNASSIGNED_REGION
province:3308,moldova__flore_ti,3308,Floreşti,,,1600.573,,,,,,,,UNASSIGNED_REGION
province:1898,indonesia__papua_barat_3,1898,Papua Barat,,,1599.671,,,,,,,,UNASSIGNED_REGION
province:3677,uganda__otuke,3677,Otuke,,,1597.866,,,,,,,,UNASSIGNED_REGION
province:3437,azerbaijan__k_rd_mir,3437,Kürdəmir,,,1596.518,,,,,,,,UNASSIGNED_REGION
province:635,nicaragua__madriz,635,Madriz,,,1593.421,,,,,,,,UNASSIGNED_REGION
province:3152,east_timor__baucau,3152,Baucau,,,1590.082,,,,,,,,UNASSIGNED_REGION
province:4026,united_kingdom__unnamed,4026,Большой Лондон,,,1588.684,,,,,,,,UNASSIGNED_REGION
province:2183,the_bahamas__inagua_2,2183,Inagua,,,1586.403,,,,,,,,UNASSIGNED_REGION
province:2823,italy__savona,2823,Savona,,,1584.101,,,,,,,,UNASSIGNED_REGION
province:314,united_kingdom__newry_and_mourne,314,Newry and Mourne,,,1583.473,,,,,,,,UNASSIGNED_REGION
province:3446,uganda__mityana,3446,Mityana,,,1577.174,,,,,,,,UNASSIGNED_REGION
province:89,oman__musandam,89,Musandam,,,1577.135,,,,,,,,UNASSIGNED_REGION
province:3032,spain__las_palmas,3032,Las Palmas,,,1570.774,,,,,,,,UNASSIGNED_REGION
province:2539,vietnam__th_i_b_nh,2539,Thái Bình,,,1570.634,,,,,,,,UNASSIGNED_REGION
province:3447,uganda__kiboga,3447,Kiboga,,,1569.953,,,,,,,,UNASSIGNED_REGION
province:2563,russia__sakhalin_2,2563,Sakhalin,,,1568.055,,,,,,,,UNASSIGNED_REGION
province:3020,united_republic_of_tanzania__zanzibar_west,3020,Zanzibar West,,,1555.061,,,,,,,,UNASSIGNED_REGION
province:3111,united_states_of_america__hawaii_5,3111,Hawaii,,,1554.13,,,,,,,,UNASSIGNED_REGION
province:626,honduras__valle_2,626,Valle,,,1548.941,,,,,,,,UNASSIGNED_REGION
province:520,haiti__nord_est,520,Nord-Est,,,1544.045,,,,,,,,UNASSIGNED_REGION
province:137,norway__troms_4,137,Troms,,,1543.109,,,,,,,,UNASSIGNED_REGION
province:1601,uganda__amudat,1601,Amudat,,,1539.754,,,,,,,,UNASSIGNED_REGION
province:3449,uganda__gomba,3449,Gomba,,,1539.096,,,,,,,,UNASSIGNED_REGION
province:3614,azerbaijan__yevlakh_rayon,3614,Yevlakh Rayon,,,1530.993,,,,,,,,UNASSIGNED_REGION
province:434,azerbaijan__q_b_l,434,Qəbələ,,,1525.297,,,,,,,,UNASSIGNED_REGION
province:2057,vietnam__h_ch_minh_city_5,2057,Hồ Chí Minh city,,,1524.99,,,,,,,,UNASSIGNED_REGION
province:1951,indonesia__riau_3,1951,Riau,,,1524.771,,,,,,,,UNASSIGNED_REGION
province:2611,united_kingdom__pembrokeshire,2611,Pembrokeshire,,,1524.053,,,,,,,,UNASSIGNED_REGION
province:3960,italy__isernia,3960,Isernia,,,1521.582,,,,,,,,UNASSIGNED_REGION
province:3069,italy__medio_campidano,3069,Medio Campidano,,,1521.453,,,,,,,,UNASSIGNED_REGION
province:3931,italy__asti,3931,Asti,,,1519.266,,,,,,,,UNASSIGNED_REGION
province:3489,moldova__c_l_ra_i,3489,Călărași,,,1512.293,,,,,,,,UNASSIGNED_REGION
province:2047,philippines__southern_leyte_2,2047,Southern Leyte,,,1506.568,,,,,,,,UNASSIGNED_REGION
province:2905,greenland__nationalparken_3,2905,Nationalparken,,,1479.23,,,,,,,,UNASSIGNED_REGION
province:2433,canada__nunavut_39,2433,Nunavut,,,1476.161,,,,,,,,UNASSIGNED_REGION
province:3192,philippines__catanduanes,3192,Catanduanes,,,1472.778,,,,,,,,UNASSIGNED_REGION
province:2565,russia__sakhalin_4,2565,Sakhalin,,,1467.456,,,,,,,,UNASSIGNED_REGION
province:2328,iran__hormozgan_2,2328,Hormozgan,,,1464.662,,,,,,,,UNASSIGNED_REGION
province:3112,united_states_of_america__hawaii_6,3112,Hawaii,,,1462.837,,,,,,,,UNASSIGNED_REGION
province:1083,canada__british_columbia_6,1083,British Columbia,,,1458.121,,,,,,,,UNASSIGNED_REGION
province:3039,greece__notio_aigaio_2,3039,Notio Aigaio,,,1438.756,,,,,,,,UNASSIGNED_REGION
province:2652,canada__northwest_territories_8,2652,Northwest Territories,,,1394.541,,,,,,,,UNASSIGNED_REGION
province:3001,the_bahamas__south_andros,3001,South Andros,,,1389.526,,,,,,,,UNASSIGNED_REGION
province:1955,indonesia__riau_7,1955,Riau,,,1369.207,,,,,,,,UNASSIGNED_REGION
province:3103,australia__tasmania_4,3103,Tasmania,,,1362.135,,,,,,,,UNASSIGNED_REGION
province:3005,the_bahamas__north_abaco,3005,North Abaco,,,1312.2,,,,,,,,UNASSIGNED_REGION
province:545,indonesia__nusa_tenggara_timur_9,545,Nusa Tenggara Timur,,,1310.544,,,,,,,,UNASSIGNED_REGION
province:2498,bangladesh__barisal_3,2498,Barisal,,,1302.754,,,,,,,,UNASSIGNED_REGION
province:1321,chile__magallanes_y_ant_rtica_chilena_5,1321,Magallanes y Antártica Chilena,,,1301.878,,,,,,,,UNASSIGNED_REGION
province:3113,japan__okinawa,3113,Okinawa,,,1299.613,,,,,,,,UNASSIGNED_REGION
province:1933,papua_new_guinea__milne_bay_4,1933,Milne Bay,,,1270.281,,,,,,,,UNASSIGNED_REGION
province:543,indonesia__nusa_tenggara_timur_7,543,Nusa Tenggara Timur,,,1260.51,,,,,,,,UNASSIGNED_REGION
province:552,brunei__temburong,552,Temburong,,,1256.893,,,,,,,,UNASSIGNED_REGION
province:2710,sweden__kalmar_2,2710,Kalmar,,,1250.796,,,,,,,,UNASSIGNED_REGION
province:1911,indonesia__maluku_utara_2,1911,Maluku Utara,,,1236.336,,,,,,,,UNASSIGNED_REGION
province:3158,papua_new_guinea__new_ireland_2,3158,New Ireland,,,1225.801,,,,,,,,UNASSIGNED_REGION
province:2320,china__shanghai,2320,Shanghai,,,1224.777,,,,,,,,UNASSIGNED_REGION
province:2911,greenland__nationalparken_9,2911,Nationalparken,,,1215.392,,,,,,,,UNASSIGNED_REGION
province:1177,mexico__sonora_5,1177,Sonora,,,1212.483,,,,,,,,UNASSIGNED_REGION
province:2636,russia__yamal_nenets_3,2636,Yamal-Nenets,,,1196.49,,,,,,,,UNASSIGNED_REGION
province:3080,denmark__sja_lland,3080,Sjaælland,,,1188.466,,,,,,,,UNASSIGNED_REGION
province:1299,chile__ais_n_del_general_carlos_ib_ez_del_campo_16,1299,Aisén del General Carlos Ibáñez del Campo,,,1187.846,,,,,,,,UNASSIGNED_REGION
province:2452,canada__nunavut_58,2452,Nunavut,,,1180.769,,,,,,,,UNASSIGNED_REGION
province:3199,new_caledonia__les_loyaut_2,3199,Îles Loyauté,,,1175.083,,,,,,,,UNASSIGNED_REGION
province:1333,chile__magallanes_y_ant_rtica_chilena_17,1333,Magallanes y Antártica Chilena,,,1167.645,,,,,,,,UNASSIGNED_REGION
province:2437,canada__nunavut_43,2437,Nunavut,,,1148.68,,,,,,,,UNASSIGNED_REGION
province:3117,russia__kamchatka,3117,Kamchatka,,,1146.008,,,,,,,,UNASSIGNED_REGION
province:2034,sri_lanka__kilin_chchi,2034,Kilinŏchchi,,,1119.86,,,,,,,,UNASSIGNED_REGION
province:3222,samoa__aiga_i_le_tai,3222,Aiga-i-le-Tai,,,1119.664,,,,,,,,UNASSIGNED_REGION
province:3104,australia__tasmania_5,3104,Tasmania,,,1114.711,,,,,,,,UNASSIGNED_REGION
province:2440,canada__nunavut_46,2440,Nunavut,,,1109.146,,,,,,,,UNASSIGNED_REGION
province:268,brazil__par_12,268,Pará,,,1108.983,,,,,,,,UNASSIGNED_REGION
province:1329,chile__magallanes_y_ant_rtica_chilena_13,1329,Magallanes y Antártica Chilena,,,1099.17,,,,,,,,UNASSIGNED_REGION
province:1944,indonesia__kepulauan_riau_7,1944,Kepulauan Riau,,,1098.844,,,,,,,,UNASSIGNED_REGION
province:2963,france__martinique,2963,Martinique,,,1088.421,,,,,,,,UNASSIGNED_REGION
province:1953,indonesia__riau_5,1953,Riau,,,1077.655,,,,,,,,UNASSIGNED_REGION
province:1845,australia__queensland_8,1845,Queensland,,,1072.098,,,,,,,,UNASSIGNED_REGION
province:3122,estonia__hiiu,3122,Hiiu,,,1067.117,,,,,,,,UNASSIGNED_REGION
province:1354,chile__magallanes_y_ant_rtica_chilena_38,1354,Magallanes y Antártica Chilena,,,1059.924,,,,,,,,UNASSIGNED_REGION
province:3166,philippines__basilan,3166,Basilan,,,1038.253,,,,,,,,UNASSIGNED_REGION
province:3019,comoros__andjaz_dja,3019,Andjazîdja,,,1034.164,,,,,,,,UNASSIGNED_REGION
province:1080,canada__british_columbia_3,1080,British Columbia,,,1028.363,,,,,,,,UNASSIGNED_REGION
province:2951,venezuela__nueva_esparta,2951,Nueva Esparta,,,1027.869,,,,,,,,UNASSIGNED_REGION
province:2428,canada__nunavut_34,2428,Nunavut,,,1021.271,,,,,,,,UNASSIGNED_REGION
province:1330,chile__magallanes_y_ant_rtica_chilena_14,1330,Magallanes y Antártica Chilena,,,1016.566,,,,,,,,UNASSIGNED_REGION
province:1687,united_states_of_america__alaska_61,1687,Alaska,,,1011.757,,,,,,,,UNASSIGNED_REGION
province:2949,french_polynesia__windward_islands,2949,Windward Islands,,,1009.704,,,,,,,,UNASSIGNED_REGION
province:3004,the_bahamas__east_grand_bahama,3004,East Grand Bahama,,,1009.158,,,,,,,,UNASSIGNED_REGION
province:2035,sri_lanka__kilin_chchi_2,2035,Kilinŏchchi,,,998.354,,,,,,,,UNASSIGNED_REGION
province:2403,canada__nunavut_9,2403,Nunavut,,,985.081,,,,,,,,UNASSIGNED_REGION
province:2957,india__andaman_and_nicobar,2957,Andaman and Nicobar,,,968.382,,,,,,,,UNASSIGNED_REGION
province:3924,cape_verde__s_o_louren_o_dos_rg_os,3924,São Lourenço dos Órgãos,,,964.322,,,,,,,,UNASSIGNED_REGION
province:714,germany__mecklenburg_vorpommern_5,714,Mecklenburg-Vorpommern,,,954.695,,,,,,,,UNASSIGNED_REGION
province:2012,philippines__palawan_8,2012,Palawan,,,951.468,,,,,,,,UNASSIGNED_REGION
province:1903,ecuador__guayas,1903,Guayas,,,947.425,,,,,,,,UNASSIGNED_REGION
province:553,indonesia__kalimantan_barat,553,Kalimantan Barat,,,947.401,,,,,,,,UNASSIGNED_REGION
province:1239,venezuela__delta_amacuro_10,1239,Delta Amacuro,,,942.025,,,,,,,,UNASSIGNED_REGION
province:1348,chile__magallanes_y_ant_rtica_chilena_32,1348,Magallanes y Antártica Chilena,,,939.908,,,,,,,,UNASSIGNED_REGION
province:1180,mexico__baja_california_3,1180,Baja California,,,939.621,,,,,,,,UNASSIGNED_REGION
province:2451,canada__nunavut_57,2451,Nunavut,,,936.979,,,,,,,,UNASSIGNED_REGION
province:1919,ecuador__gal_pagos_2,1919,Galápagos,,,929.935,,,,,,,,UNASSIGNED_REGION
province:2443,canada__nunavut_49,2443,Nunavut,,,922.114,,,,,,,,UNASSIGNED_REGION
province:1935,papua_new_guinea__milne_bay_6,1935,Milne Bay,,,921.86,,,,,,,,UNASSIGNED_REGION
province:269,brazil__par_13,269,Pará,,,921.437,,,,,,,,UNASSIGNED_REGION
province:1640,united_states_of_america__alaska_14,1640,Alaska,,,919.951,,,,,,,,UNASSIGNED_REGION
province:1932,papua_new_guinea__milne_bay_3,1932,Milne Bay,,,916.766,,,,,,,,UNASSIGNED_REGION
province:2670,russia__sakha_yakutia_12,2670,Sakha (Yakutia),,,914.283,,,,,,,,UNASSIGNED_REGION
province:2427,canada__nunavut_33,2427,Nunavut,,,913.533,,,,,,,,UNASSIGNED_REGION
province:1954,indonesia__riau_6,1954,Riau,,,908.732,,,,,,,,UNASSIGNED_REGION
province:3095,united_kingdom__shetland_islands_2,3095,Shetland Islands,,,908.33,,,,,,,,UNASSIGNED_REGION
province:1692,united_states_of_america__alaska_66,1692,Alaska,,,902.966,,,,,,,,UNASSIGNED_REGION
province:3191,philippines__marinduque,3191,Marinduque,,,890.999,,,,,,,,UNASSIGNED_REGION
province:2369,japan__niigata_2,2369,Niigata,,,889.288,,,,,,,,UNASSIGNED_REGION
province:1985,indonesia__sumatera_barat_2,1985,Sumatera Barat,,,886.454,,,,,,,,UNASSIGNED_REGION
province:3201,vanuatu__tafea_2,3201,Tafea,,,884.677,,,,,,,,UNASSIGNED_REGION
province:1948,indonesia__kepulauan_riau_11,1948,Kepulauan Riau,,,882.829,,,,,,,,UNASSIGNED_REGION
province:3021,united_republic_of_tanzania__kaskazini_pemba,3021,Kaskazini-Pemba,,,882.104,,,,,,,,UNASSIGNED_REGION
province:1952,indonesia__riau_4,1952,Riau,,,879.7,,,,,,,,UNASSIGNED_REGION
province:2768,russia__krasnoyarsk_3,2768,Krasnoyarsk,,,879.044,,,,,,,,UNASSIGNED_REGION
province:1763,united_kingdom__northumberland_2,1763,Northumberland,,,877.024,,,,,,,,UNASSIGNED_REGION
province:3022,sao_tome_and_principe__s_o_tom,3022,São Tomé,,,868.846,,,,,,,,UNASSIGNED_REGION
province:3204,vanuatu__shefa,3204,Shefa,,,868.765,,,,,,,,UNASSIGNED_REGION
province:3047,greece__voreio_aigaio_2,3047,Voreio Aigaio,,,862.719,,,,,,,,UNASSIGNED_REGION
province:1978,philippines__sulu,1978,Sulu,,,860.787,,,,,,,,UNASSIGNED_REGION
province:1355,chile__magallanes_y_ant_rtica_chilena_39,1355,Magallanes y Antártica Chilena,,,845.164,,,,,,,,UNASSIGNED_REGION
province:2431,canada__nunavut_37,2431,Nunavut,,,841.407,,,,,,,,UNASSIGNED_REGION
province:1960,indonesia__sulawesi_utara_4,1960,Sulawesi Utara,,,839.664,,,,,,,,UNASSIGNED_REGION
province:2966,france__guadeloupe_2,2966,Guadeloupe,,,839.018,,,,,,,,UNASSIGNED_REGION
province:1892,indonesia__sulawesi_tenggara_3,1892,Sulawesi Tenggara,,,838.404,,,,,,,,UNASSIGNED_REGION
province:1308,chile__ais_n_del_general_carlos_ib_ez_del_campo_25,1308,Aisén del General Carlos Ibáñez del Campo,,,838.071,,,,,,,,UNASSIGNED_REGION
province:3034,spain__las_palmas_3,3034,Las Palmas,,,825.63,,,,,,,,UNASSIGNED_REGION
province:1680,united_states_of_america__alaska_54,1680,Alaska,,,825.419,,,,,,,,UNASSIGNED_REGION
province:665,netherlands__zeeland,665,Zeeland,,,820.589,,,,,,,,UNASSIGNED_REGION
province:3043,portugal__azores,3043,Azores,,,809.163,,,,,,,,UNASSIGNED_REGION
province:155,norway__nordland_13,155,Nordland,,,806.82,,,,,,,,UNASSIGNED_REGION
province:1095,canada__british_columbia_18,1095,British Columbia,,,794.287,,,,,,,,UNASSIGNED_REGION
province:2434,canada__nunavut_40,2434,Nunavut,,,790.086,,,,,,,,UNASSIGNED_REGION
province:3927,hong_kong_s_a_r__wong_tai_sin_3,3927,Wong Tai Sin,,,785.049,,,,,,,,UNASSIGNED_REGION
province:1928,papua_new_guinea__morobe_2,1928,Morobe,,,779.302,,,,,,,,UNASSIGNED_REGION
province:2466,canada__nunavut_72,2466,Nunavut,,,773.336,,,,,,,,UNASSIGNED_REGION
province:3123,new_zealand__chatham_islands_territory,3123,Chatham Islands Territory,,,771.601,,,,,,,,UNASSIGNED_REGION
province:3051,greece__ionioi_nisoi_2,3051,Ionioi Nisoi,,,764.879,,,,,,,,UNASSIGNED_REGION
province:2016,philippines__surigao_del_norte_2,2016,Surigao del Norte,,,747.796,,,,,,,,UNASSIGNED_REGION
province:3036,portugal__madeira,3036,Madeira,,,745.547,,,,,,,,UNASSIGNED_REGION
province:1344,chile__magallanes_y_ant_rtica_chilena_28,1344,Magallanes y Antártica Chilena,,,744.911,,,,,,,,UNASSIGNED_REGION
province:1946,indonesia__kepulauan_riau_9,1946,Kepulauan Riau,,,744.776,,,,,,,,UNASSIGNED_REGION
province:1931,papua_new_guinea__milne_bay_2,1931,Milne Bay,,,742.565,,,,,,,,UNASSIGNED_REGION
province:546,indonesia__nusa_tenggara_timur_10,546,Nusa Tenggara Timur,,,741.177,,,,,,,,UNASSIGNED_REGION
province:2895,greenland__kommuneqarfik_sermersooq_15,2895,Kommuneqarfik Sermersooq,,,737.854,,,,,,,,UNASSIGNED_REGION
province:605,croatia__dubrovacko_neretvanska,605,Dubrovacko-Neretvanska,,,737.645,,,,,,,,UNASSIGNED_REGION
province:548,east_timor__ambeno,548,Ambeno,,,729.837,,,,,,,,UNASSIGNED_REGION
province:3027,cape_verde__paul,3027,Paul,,,728.547,,,,,,,,UNASSIGNED_REGION
province:181,norway__finnmark_7,181,Finnmark,,,726.054,,,,,,,,UNASSIGNED_REGION
province:1684,united_states_of_america__alaska_58,1684,Alaska,,,716.729,,,,,,,,UNASSIGNED_REGION
province:2958,india__andaman_and_nicobar_2,2958,Andaman and Nicobar,,,716.521,,,,,,,,UNASSIGNED_REGION
province:2964,dominica__saint_mark,2964,Saint Mark,,,714.174,,,,,,,,UNASSIGNED_REGION
province:2441,canada__nunavut_47,2441,Nunavut,,,712.544,,,,,,,,UNASSIGNED_REGION
province:2763,russia__arkhangel_sk_5,2763,Arkhangel'sk,,,701.51,,,,,,,,UNASSIGNED_REGION
province:3212,vanuatu__malampa,3212,Malampa,,,701.499,,,,,,,,UNASSIGNED_REGION
province:136,norway__troms_3,136,Troms,,,699.225,,,,,,,,UNASSIGNED_REGION
province:3031,spain__santa_cruz_de_tenerife_4,3031,Santa Cruz de Tenerife,,,695.859,,,,,,,,UNASSIGNED_REGION
province:531,kuwait__al_jahrah_2,531,Al Jahrah,,,695.187,,,,,,,,UNASSIGNED_REGION
province:3183,philippines__romblon_2,3183,Romblon,,,693.753,,,,,,,,UNASSIGNED_REGION
province:3062,spain__baleares_3,3062,Baleares,region:iberia:balearic_islands,macroregion:iberia,688.314,P1,900,1,,,,1,OK
province:2614,united_kingdom__gwynedd_2,2614,Gwynedd,,,687.905,,,,,,,,UNASSIGNED_REGION
province:3198,new_caledonia__les_loyaut,3198,Îles Loyauté,,,680.315,,,,,,,,UNASSIGNED_REGION
province:3142,solomon_islands__western_6,3142,Western,,,677.45,,,,,,,,UNASSIGNED_REGION
province:3115,japan__okinawa_3,3115,Okinawa,,,675.246,,,,,,,,UNASSIGNED_REGION
province:2910,greenland__nationalparken_8,2910,Nationalparken,,,672.94,,,,,,,,UNASSIGNED_REGION
province:3110,united_states_of_america__hawaii_4,3110,Hawaii,,,671.049,,,,,,,,UNASSIGNED_REGION
province:1611,eritrea__debub_2,1611,Debub,,,668.767,,,,,,,,UNASSIGNED_REGION
province:1334,chile__magallanes_y_ant_rtica_chilena_18,1334,Magallanes y Antártica Chilena,,,664.305,,,,,,,,UNASSIGNED_REGION
province:1895,indonesia__sulawesi_tenggara_6,1895,Sulawesi Tenggara,,,661.888,,,,,,,,UNASSIGNED_REGION
province:525,haiti__ouest_2,525,Ouest,,,660.759,,,,,,,,UNASSIGNED_REGION
province:1878,indonesia__maluku_16,1878,Maluku,,,660.619,,,,,,,,UNASSIGNED_REGION
province:1300,chile__ais_n_del_general_carlos_ib_ez_del_campo_17,1300,Aisén del General Carlos Ibáñez del Campo,,,660.495,,,,,,,,UNASSIGNED_REGION
province:1934,papua_new_guinea__milne_bay_5,1934,Milne Bay,,,654.34,,,,,,,,UNASSIGNED_REGION
province:1810,australia__western_australia_5,1810,Western Australia,,,653.864,,,,,,,,UNASSIGNED_REGION
province:3141,solomon_islands__western_5,3141,Western,,,649.005,,,,,,,,UNASSIGNED_REGION
province:3126,solomon_islands__rennell_and_bellona,3126,Rennell and Bellona,,,648.914,,,,,,,,UNASSIGNED_REGION
province:2213,oman__ash_sharqiyah_south_2,2213,Ash Sharqiyah South,,,648.691,,,,,,,,UNASSIGNED_REGION
province:1370,indonesia__papua,1370,Papua,,,647.308,,,,,,,,UNASSIGNED_REGION
province:2922,greenland__qaasuitsup_kommunia_10,2922,Qaasuitsup Kommunia,,,646.28,,,,,,,,UNASSIGNED_REGION
province:139,norway__troms_6,139,Troms,,,643.921,,,,,,,,UNASSIGNED_REGION
province:1652,united_states_of_america__alaska_26,1652,Alaska,,,641.484,,,,,,,,UNASSIGNED_REGION
province:2439,canada__nunavut_45,2439,Nunavut,,,639.982,,,,,,,,UNASSIGNED_REGION
province:2943,greenland__kommune_kujalleq_15,2943,Kommune Kujalleq,,,639.613,,,,,,,,UNASSIGNED_REGION
province:2634,russia__yamal_nenets,2634,Yamal-Nenets,,,636.735,,,,,,,,UNASSIGNED_REGION
province:1346,chile__magallanes_y_ant_rtica_chilena_30,1346,Magallanes y Antártica Chilena,,,635.28,,,,,,,,UNASSIGNED_REGION
province:3025,cape_verde__boa_vista,3025,Boa Vista,,,629.351,,,,,,,,UNASSIGNED_REGION
province:1885,indonesia__sulawesi_selatan_2,1885,Sulawesi Selatan,,,629.013,,,,,,,,UNASSIGNED_REGION
province:2967,france__guadeloupe_3,2967,Guadeloupe,,,623.978,,,,,,,,UNASSIGNED_REGION
province:1866,indonesia__maluku_4,1866,Maluku,,,622.851,,,,,,,,UNASSIGNED_REGION
province:1986,indonesia__sumatera_barat_3,1986,Sumatera Barat,,,620.146,,,,,,,,UNASSIGNED_REGION
province:3060,spain__baleares,3060,Baleares,region:iberia:balearic_islands,macroregion:iberia,613.839,P1,900,1,,,,1,OK
province:344,sierra_leone__southern,344,Southern,,,613.522,,,,,,,,UNASSIGNED_REGION
province:3052,greece__ionioi_nisoi_3,3052,Ionioi Nisoi,,,605.974,,,,,,,,UNASSIGNED_REGION
province:2362,japan__hy_go_2,2362,Hyōgo,,,603.264,,,,,,,,UNASSIGNED_REGION
province:2619,united_kingdom__argyll_and_bute_2,2619,Argyll and Bute,,,601.654,,,,,,,,UNASSIGNED_REGION
province:1327,chile__magallanes_y_ant_rtica_chilena_11,1327,Magallanes y Antártica Chilena,,,600.975,,,,,,,,UNASSIGNED_REGION
province:273,brazil__par_17,273,Pará,,,598.769,,,,,,,,UNASSIGNED_REGION
province:3083,denmark__hovedstaden,3083,Hovedstaden,,,597.437,,,,,,,,UNASSIGNED_REGION
province:1310,chile__ais_n_del_general_carlos_ib_ez_del_campo_27,1310,Aisén del General Carlos Ibáñez del Campo,,,594.362,,,,,,,,UNASSIGNED_REGION
province:3165,philippines__tawi_tawi_2,3165,Tawi-Tawi,,,592.241,,,,,,,,UNASSIGNED_REGION
province:3154,papua_new_guinea__north_solomons_2,3154,North Solomons,,,591.752,,,,,,,,UNASSIGNED_REGION
province:2962,saint_lucia__dauphin,2962,Dauphin,,,589.068,,,,,,,,UNASSIGNED_REGION
province:1301,chile__ais_n_del_general_carlos_ib_ez_del_campo_18,1301,Aisén del General Carlos Ibáñez del Campo,,,585.501,,,,,,,,UNASSIGNED_REGION
province:1877,indonesia__maluku_15,1877,Maluku,,,585.237,,,,,,,,UNASSIGNED_REGION
province:3228,guam__guam,3228,Guam,,,584.787,,,,,,,,UNASSIGNED_REGION
province:1920,ecuador__gal_pagos_3,1920,Galápagos,,,582.286,,,,,,,,UNASSIGNED_REGION
province:3259,bahrain__al_mu_arraq,3259,Al Muḩarraq,,,580.083,,,,,,,,UNASSIGNED_REGION
province:1987,indonesia__sumatera_barat_4,1987,Sumatera Barat,,,580.069,,,,,,,,UNASSIGNED_REGION
province:1349,chile__magallanes_y_ant_rtica_chilena_33,1349,Magallanes y Antártica Chilena,,,578.693,,,,,,,,UNASSIGNED_REGION
province:3079,isle_of_man__isle_of_man,3079,Isle of Man,,,576.954,,,,,,,,UNASSIGNED_REGION
province:2673,russia__sakha_yakutia_15,2673,Sakha (Yakutia),,,571.902,,,,,,,,UNASSIGNED_REGION
province:1288,chile__ais_n_del_general_carlos_ib_ez_del_campo_5,1288,Aisén del General Carlos Ibáñez del Campo,,,571.555,,,,,,,,UNASSIGNED_REGION
province:2347,japan__kumamoto,2347,Kumamoto,,,570.519,,,,,,,,UNASSIGNED_REGION
province:200,vietnam__ki_n_giang_2,200,Kiên Giang,,,566.681,,,,,,,,UNASSIGNED_REGION
province:1682,united_states_of_america__alaska_56,1682,Alaska,,,566.333,,,,,,,,UNASSIGNED_REGION
province:2158,philippines__quezon_3,2158,Quezon,,,565.163,,,,,,,,UNASSIGNED_REGION
province:1921,ecuador__gal_pagos_4,1921,Galápagos,,,564.668,,,,,,,,UNASSIGNED_REGION
province:3200,vanuatu__tafea,3200,Tafea,,,563.663,,,,,,,,UNASSIGNED_REGION
province:3258,the_bahamas__harbour_island,3258,Harbour Island,,,560.327,,,,,,,,UNASSIGNED_REGION
province:2507,thailand__phangnga,2507,Phangnga,,,557.821,,,,,,,,UNASSIGNED_REGION
province:571,myanmar__rakhine_2,571,Rakhine,,,555.54,,,,,,,,UNASSIGNED_REGION
province:180,norway__finnmark_6,180,Finnmark,,,555.536,,,,,,,,UNASSIGNED_REGION
province:1910,indonesia__maluku_utara,1910,Maluku Utara,,,549.154,,,,,,,,UNASSIGNED_REGION
province:165,norway__s_r_tr_ndelag_2,165,Sør-Trøndelag,,,549.085,,,,,,,,UNASSIGNED_REGION
province:1918,ecuador__gal_pagos,1918,Galápagos,,,547.802,,,,,,,,UNASSIGNED_REGION
province:3172,philippines__guimaras,3172,Guimaras,,,544.6,,,,,,,,UNASSIGNED_REGION
province:1641,united_states_of_america__alaska_15,1641,Alaska,,,543.961,,,,,,,,UNASSIGNED_REGION
province:1118,canada__british_columbia_41,1118,British Columbia,,,538.032,,,,,,,,UNASSIGNED_REGION
province:1662,united_states_of_america__alaska_36,1662,Alaska,,,534.719,,,,,,,,UNASSIGNED_REGION
province:2660,russia__sakha_yakutia_2,2660,Sakha (Yakutia),,,530.911,,,,,,,,UNASSIGNED_REGION
province:2916,greenland__qaasuitsup_kommunia_4,2916,Qaasuitsup Kommunia,,,529.419,,,,,,,,UNASSIGNED_REGION
province:3138,solomon_islands__western_2,3138,Western,,,520.03,,,,,,,,UNASSIGNED_REGION
province:2322,japan__kagoshima_2,2322,Kagoshima,,,518.333,,,,,,,,UNASSIGNED_REGION
province:3130,solomon_islands__temotu,3130,Temotu,,,515.547,,,,,,,,UNASSIGNED_REGION
province:2410,canada__nunavut_16,2410,Nunavut,,,512.271,,,,,,,,UNASSIGNED_REGION
province:1838,australia__queensland,1838,Queensland,,,511.934,,,,,,,,UNASSIGNED_REGION
province:3106,singapore__north_west,3106,North West,,,511.508,,,,,,,,UNASSIGNED_REGION
province:542,indonesia__nusa_tenggara_timur_6,542,Nusa Tenggara Timur,,,504.891,,,,,,,,UNASSIGNED_REGION
province:272,brazil__par_16,272,Pará,,,500.761,,,,,,,,UNASSIGNED_REGION
province:3092,united_kingdom__orkney,3092,Orkney,,,500.736,,,,,,,,UNASSIGNED_REGION
province:1925,papua_new_guinea__madang_2,1925,Madang,,,499.94,,,,,,,,UNASSIGNED_REGION
province:1358,argentina__tierra_del_fuego_3,1358,Tierra del Fuego,,,498.333,,,,,,,,UNASSIGNED_REGION
province:1325,chile__magallanes_y_ant_rtica_chilena_9,1325,Magallanes y Antártica Chilena,,,495.96,,,,,,,,UNASSIGNED_REGION
province:2187,the_bahamas__acklins,2187,Acklins,,,495.526,,,,,,,,UNASSIGNED_REGION
province:2445,canada__nunavut_51,2445,Nunavut,,,494.043,,,,,,,,UNASSIGNED_REGION
province:3049,greece__voreio_aigaio_4,3049,Voreio Aigaio,,,493.031,,,,,,,,UNASSIGNED_REGION
province:281,tunisia__m_denine_2,281,Médenine,,,492.641,,,,,,,,UNASSIGNED_REGION
province:2002,panama__veraguas,2002,Veraguas,,,490.59,,,,,,,,UNASSIGNED_REGION
province:2894,greenland__kommuneqarfik_sermersooq_14,2894,Kommuneqarfik Sermersooq,,,489.517,,,,,,,,UNASSIGNED_REGION
province:1302,chile__ais_n_del_general_carlos_ib_ez_del_campo_19,1302,Aisén del General Carlos Ibáñez del Campo,,,488.291,,,,,,,,UNASSIGNED_REGION
province:152,norway__nordland_10,152,Nordland,,,485.61,,,,,,,,UNASSIGNED_REGION
province:1298,chile__ais_n_del_general_carlos_ib_ez_del_campo_15,1298,Aisén del General Carlos Ibáñez del Campo,,,484.435,,,,,,,,UNASSIGNED_REGION
province:3124,fiji__eastern,3124,Eastern,,,483.652,,,,,,,,UNASSIGNED_REGION
province:3218,vanuatu__penama,3218,Penama,,,483.314,,,,,,,,UNASSIGNED_REGION
province:1686,united_states_of_america__alaska_60,1686,Alaska,,,481.603,,,,,,,,UNASSIGNED_REGION
province:1112,canada__british_columbia_35,1112,British Columbia,,,477.381,,,,,,,,UNASSIGNED_REGION
province:2442,canada__nunavut_48,2442,Nunavut,,,476.463,,,,,,,,UNASSIGNED_REGION
province:3046,greece__voreio_aigaio,3046,Voreio Aigaio,,,474.171,,,,,,,,UNASSIGNED_REGION
province:2455,canada__nunavut_61,2455,Nunavut,,,471.624,,,,,,,,UNASSIGNED_REGION
province:3044,portugal__azores_2,3044,Azores,,,470.113,,,,,,,,UNASSIGNED_REGION
province:1660,united_states_of_america__alaska_34,1660,Alaska,,,469.184,,,,,,,,UNASSIGNED_REGION
province:1201,mexico__quintana_roo_2,1201,Quintana Roo,,,468.353,,,,,,,,UNASSIGNED_REGION
province:2409,canada__nunavut_15,2409,Nunavut,,,467.841,,,,,,,,UNASSIGNED_REGION
province:2341,japan__nagasaki_4,2341,Nagasaki,,,467.74,,,,,,,,UNASSIGNED_REGION
province:3102,australia__tasmania_3,3102,Tasmania,,,465.609,,,,,,,,UNASSIGNED_REGION
province:2323,japan__kagoshima_3,2323,Kagoshima,,,464.812,,,,,,,,UNASSIGNED_REGION
province:3131,solomon_islands__malaita,3131,Malaita,,,464.165,,,,,,,,UNASSIGNED_REGION
province:2060,philippines__biliran,2060,Biliran,,,463.486,,,,,,,,UNASSIGNED_REGION
province:153,norway__nordland_11,153,Nordland,,,462.934,,,,,,,,UNASSIGNED_REGION
province:1342,chile__magallanes_y_ant_rtica_chilena_26,1342,Magallanes y Antártica Chilena,,,462.871,,,,,,,,UNASSIGNED_REGION
province:1990,indonesia__sumatera_utara_2,1990,Sumatera Utara,,,462.609,,,,,,,,UNASSIGNED_REGION
province:265,brazil__par_9,265,Pará,,,459.873,,,,,,,,UNASSIGNED_REGION
province:1915,indonesia__maluku_utara_6,1915,Maluku Utara,,,458.867,,,,,,,,UNASSIGNED_REGION
province:157,norway__nordland_15,157,Nordland,,,457.63,,,,,,,,UNASSIGNED_REGION
province:1900,indonesia__papua_barat_5,1900,Papua Barat,,,456.313,,,,,,,,UNASSIGNED_REGION
province:1665,united_states_of_america__alaska_39,1665,Alaska,,,455.418,,,,,,,,UNASSIGNED_REGION
province:573,myanmar__rakhine_4,573,Rakhine,,,453.814,,,,,,,,UNASSIGNED_REGION
province:3206,vanuatu__shefa_3,3206,Shefa,,,453.135,,,,,,,,UNASSIGNED_REGION
province:2065,cura_ao__cura_ao,2065,Curaçao,,,450.274,,,,,,,,UNASSIGNED_REGION
province:2682,finland__finland_proper_3,2682,Finland Proper,,,449.893,,,,,,,,UNASSIGNED_REGION
province:2618,united_kingdom__argyll_and_bute,2618,Argyll and Bute,,,445.423,,,,,,,,UNASSIGNED_REGION
province:3923,andorra__andorra_la_vella,3923,Andorra la Vella,,,444.387,,,,,,,,UNASSIGNED_REGION
province:2569,russia__sakhalin_8,2569,Sakhalin,,,443.973,,,,,,,,UNASSIGNED_REGION
province:1780,new_zealand__auckland_islands_2,1780,Auckland Islands,,,443.106,,,,,,,,UNASSIGNED_REGION
province:3000,the_bahamas__long_island,3000,Long Island,,,442.271,,,,,,,,UNASSIGNED_REGION
province:2664,russia__sakha_yakutia_6,2664,Sakha (Yakutia),,,441.579,,,,,,,,UNASSIGNED_REGION
province:2503,myanmar__ayeyarwady_2,2503,Ayeyarwady,,,439.722,,,,,,,,UNASSIGNED_REGION
province:1077,united_states_of_america__washington_7,1077,Washington,,,438.675,,,,,,,,UNASSIGNED_REGION
province:3045,portugal__azores_3,3045,Azores,,,437.657,,,,,,,,UNASSIGNED_REGION
province:1339,chile__magallanes_y_ant_rtica_chilena_23,1339,Magallanes y Antártica Chilena,,,437.418,,,,,,,,UNASSIGNED_REGION
province:3002,the_bahamas__cat_island,3002,Cat Island,,,435.203,,,,,,,,UNASSIGNED_REGION
province:868,myanmar__tanintharyi_4,868,Tanintharyi,,,434.302,,,,,,,,UNASSIGNED_REGION
province:149,norway__nordland_7,149,Nordland,,,432.654,,,,,,,,UNASSIGNED_REGION
province:1694,united_states_of_america__alaska_68,1694,Alaska,,,430.507,,,,,,,,UNASSIGNED_REGION
province:1859,united_republic_of_tanzania__pwani_2,1859,Pwani,,,430.399,,,,,,,,UNASSIGNED_REGION
province:2568,russia__sakhalin_7,2568,Sakhalin,,,430.259,,,,,,,,UNASSIGNED_REGION
province:1345,chile__magallanes_y_ant_rtica_chilena_29,1345,Magallanes y Antártica Chilena,,,429.823,,,,,,,,UNASSIGNED_REGION
province:1145,canada__qu_bec_2,1145,Québec,,,428.1,,,,,,,,UNASSIGNED_REGION
province:437,brazil__amap_3,437,Amapá,,,427.78,,,,,,,,UNASSIGNED_REGION
province:3608,barbados__saint_thomas,3608,Saint Thomas,,,426.946,,,,,,,,UNASSIGNED_REGION
province:3018,comoros__andjou_n,3018,Andjouân,,,426.861,,,,,,,,UNASSIGNED_REGION
province:1294,chile__ais_n_del_general_carlos_ib_ez_del_campo_11,1294,Aisén del General Carlos Ibáñez del Campo,,,425.872,,,,,,,,UNASSIGNED_REGION
province:1659,united_states_of_america__alaska_33,1659,Alaska,,,425.762,,,,,,,,UNASSIGNED_REGION
province:3219,vanuatu__penama_2,3219,Penama,,,425.676,,,,,,,,UNASSIGNED_REGION
province:1450,saudi_arabia__jizan,1450,Jizan,,,425.366,,,,,,,,UNASSIGNED_REGION
province:2319,china__zhejiang_6,2319,Zhejiang,,,424.922,,,,,,,,UNASSIGNED_REGION
province:3182,philippines__romblon,3182,Romblon,,,422.57,,,,,,,,UNASSIGNED_REGION
province:3040,greece__notio_aigaio_3,3040,Notio Aigaio,,,422.387,,,,,,,,UNASSIGNED_REGION
province:2430,canada__nunavut_36,2430,Nunavut,,,421.944,,,,,,,,UNASSIGNED_REGION
province:2924,greenland__qaasuitsup_kommunia_12,2924,Qaasuitsup Kommunia,,,421.777,,,,,,,,UNASSIGNED_REGION
province:3024,cape_verde__s_o_filipe,3024,São Filipe,,,421.609,,,,,,,,UNASSIGNED_REGION
province:2667,russia__sakha_yakutia_9,2667,Sakha (Yakutia),,,420.617,,,,,,,,UNASSIGNED_REGION
province:2893,greenland__kommuneqarfik_sermersooq_13,2893,Kommuneqarfik Sermersooq,,,419.675,,,,,,,,UNASSIGNED_REGION
province:2950,kiribati__kiribati,2950,Kiribati,,,418.411,,,,,,,,UNASSIGNED_REGION
province:10,malaysia__sabah_6,10,Sabah,,,417.337,,,,,,,,UNASSIGNED_REGION
province:1103,canada__british_columbia_26,1103,British Columbia,,,414.056,,,,,,,,UNASSIGNED_REGION
province:2454,canada__nunavut_60,2454,Nunavut,,,413.655,,,,,,,,UNASSIGNED_REGION
province:663,brazil__santa_catarina_2,663,Santa Catarina,,,413.207,,,,,,,,UNASSIGNED_REGION
province:2637,russia__yamal_nenets_4,2637,Yamal-Nenets,,,412.721,,,,,,,,UNASSIGNED_REGION
province:3159,papua_new_guinea__new_ireland_3,3159,New Ireland,,,412.447,,,,,,,,UNASSIGNED_REGION
province:3050,greece__ionioi_nisoi,3050,Ionioi Nisoi,,,411.59,,,,,,,,UNASSIGNED_REGION
province:2408,canada__nunavut_14,2408,Nunavut,,,411.149,,,,,,,,UNASSIGNED_REGION
province:1872,indonesia__maluku_10,1872,Maluku,,,410.51,,,,,,,,UNASSIGNED_REGION
province:179,norway__finnmark_5,179,Finnmark,,,409.475,,,,,,,,UNASSIGNED_REGION
province:867,myanmar__tanintharyi_3,867,Tanintharyi,,,404.523,,,,,,,,UNASSIGNED_REGION
province:1681,united_states_of_america__alaska_55,1681,Alaska,,,403.683,,,,,,,,UNASSIGNED_REGION
province:2015,philippines__surigao_del_norte,2015,Surigao del Norte,,,402.791,,,,,,,,UNASSIGNED_REGION
province:1107,canada__british_columbia_30,1107,British Columbia,,,401.874,,,,,,,,UNASSIGNED_REGION
province:2444,canada__nunavut_50,2444,Nunavut,,,401.68,,,,,,,,UNASSIGNED_REGION
province:1742,croatia__primorsko_goranska_4,1742,Primorsko-Goranska,,,400.225,,,,,,,,UNASSIGNED_REGION
province:3012,heard_island_and_mcdonald_islands__heard_island_and_mcdonald_islands,3012,Heard Island and McDonald Islands,,,397.974,,,,,,,,UNASSIGNED_REGION
province:1739,croatia__primorsko_goranska,1739,Primorsko-Goranska,,,397.667,,,,,,,,UNASSIGNED_REGION
province:2446,canada__nunavut_52,2446,Nunavut,,,397.012,,,,,,,,UNASSIGNED_REGION
province:1949,indonesia__riau,1949,Riau,,,396.914,,,,,,,,UNASSIGNED_REGION
province:3078,united_kingdom__isle_of_wight,3078,Isle of Wight,,,395.083,,,,,,,,UNASSIGNED_REGION
province:1959,indonesia__sulawesi_utara_3,1959,Sulawesi Utara,,,394.561,,,,,,,,UNASSIGNED_REGION
province:1983,indonesia__bengkulu_2,1983,Bengkulu,,,393.997,,,,,,,,UNASSIGNED_REGION
province:2011,philippines__palawan_7,2011,Palawan,,,392.652,,,,,,,,UNASSIGNED_REGION
province:270,brazil__par_14,270,Pará,,,390.066,,,,,,,,UNASSIGNED_REGION
province:733,greece__anatoliki_makedonia_kai_thraki_2,733,Anatoliki Makedonia kai Thraki,,,388.7,,,,,,,,UNASSIGNED_REGION
province:94,uzbekistan__ferghana_2,94,Ferghana,,,385.195,,,,,,,,UNASSIGNED_REGION
province:1179,mexico__baja_california_2,1179,Baja California,,,384.704,,,,,,,,UNASSIGNED_REGION
province:691,croatia__splitsko_dalmatinska_3,691,Splitsko-Dalmatinska,,,384.185,,,,,,,,UNASSIGNED_REGION
province:2471,canada__newfoundland_and_labrador_4,2471,Newfoundland and Labrador,,,383.121,,,,,,,,UNASSIGNED_REGION
province:3187,philippines__masbate_3,3187,Masbate,,,382.412,,,,,,,,UNASSIGNED_REGION
province:3041,greece__notio_aigaio_4,3041,Notio Aigaio,,,382.29,,,,,,,,UNASSIGNED_REGION
province:1943,indonesia__kepulauan_riau_6,1943,Kepulauan Riau,,,380.894,,,,,,,,UNASSIGNED_REGION
province:3017,france__mayotte,3017,Mayotte,,,380.57,,,,,,,,UNASSIGNED_REGION
province:267,brazil__par_11,267,Pará,,,380.411,,,,,,,,UNASSIGNED_REGION
province:1874,indonesia__maluku_12,1874,Maluku,,,379.297,,,,,,,,UNASSIGNED_REGION
province:1861,indonesia__jawa_timur_2,1861,Jawa Timur,,,377.166,,,,,,,,UNASSIGNED_REGION
province:1864,indonesia__maluku_2,1864,Maluku,,,377.064,,,,,,,,UNASSIGNED_REGION
province:1842,australia__queensland_5,1842,Queensland,,,375.289,,,,,,,,UNASSIGNED_REGION
province:2554,south_korea__south_gyeongsang_5,2554,South Gyeongsang,,,373.488,,,,,,,,UNASSIGNED_REGION
province:712,germany__mecklenburg_vorpommern_3,712,Mecklenburg-Vorpommern,,,373.109,,,,,,,,UNASSIGNED_REGION
province:1683,united_states_of_america__alaska_57,1683,Alaska,,,373.025,,,,,,,,UNASSIGNED_REGION
province:544,indonesia__nusa_tenggara_timur_8,544,Nusa Tenggara Timur,,,372.306,,,,,,,,UNASSIGNED_REGION
province:1303,chile__ais_n_del_general_carlos_ib_ez_del_campo_20,1303,Aisén del General Carlos Ibáñez del Campo,,,371.077,,,,,,,,UNASSIGNED_REGION
province:3137,solomon_islands__western,3137,Western,,,369.703,,,,,,,,UNASSIGNED_REGION
province:1352,chile__magallanes_y_ant_rtica_chilena_36,1352,Magallanes y Antártica Chilena,,,369.485,,,,,,,,UNASSIGNED_REGION
province:2669,russia__sakha_yakutia_11,2669,Sakha (Yakutia),,,368.526,,,,,,,,UNASSIGNED_REGION
province:3097,faroe_islands__eysturoyar_2,3097,Eysturoyar,,,367.911,,,,,,,,UNASSIGNED_REGION
province:1100,canada__british_columbia_23,1100,British Columbia,,,367.507,,,,,,,,UNASSIGNED_REGION
province:2342,japan__nagasaki_5,2342,Nagasaki,,,366.867,,,,,,,,UNASSIGNED_REGION
province:2879,denmark__nordjylland,2879,Nordjylland,,,366.752,,,,,,,,UNASSIGNED_REGION
province:2566,russia__sakhalin_5,2566,Sakhalin,,,363.977,,,,,,,,UNASSIGNED_REGION
province:1337,chile__magallanes_y_ant_rtica_chilena_21,1337,Magallanes y Antártica Chilena,,,363.831,,,,,,,,UNASSIGNED_REGION
province:514,malaysia__kedah_3,514,Kedah,,,363.778,,,,,,,,UNASSIGNED_REGION
province:1093,canada__british_columbia_16,1093,British Columbia,,,362.398,,,,,,,,UNASSIGNED_REGION
province:2620,united_kingdom__argyll_and_bute_3,2620,Argyll and Bute,,,361.756,,,,,,,,UNASSIGNED_REGION
province:863,myanmar__mon_2,863,Mon,,,360.993,,,,,,,,UNASSIGNED_REGION
province:1871,indonesia__maluku_9,1871,Maluku,,,360.435,,,,,,,,UNASSIGNED_REGION
province:539,indonesia__nusa_tenggara_timur_3,539,Nusa Tenggara Timur,,,359.729,,,,,,,,UNASSIGNED_REGION
province:794,russia__khabarovsk_2,794,Khabarovsk,,,358.328,,,,,,,,UNASSIGNED_REGION
province:3029,spain__santa_cruz_de_tenerife_2,3029,Santa Cruz de Tenerife,,,357.158,,,,,,,,UNASSIGNED_REGION
province:2925,greenland__qaasuitsup_kommunia_13,2925,Qaasuitsup Kommunia,,,355.168,,,,,,,,UNASSIGNED_REGION
province:1341,chile__magallanes_y_ant_rtica_chilena_25,1341,Magallanes y Antártica Chilena,,,353.436,,,,,,,,UNASSIGNED_REGION
province:2407,canada__nunavut_13,2407,Nunavut,,,351.754,,,,,,,,UNASSIGNED_REGION
province:1926,papua_new_guinea__madang_3,1926,Madang,,,351.199,,,,,,,,UNASSIGNED_REGION
province:2464,canada__nunavut_70,2464,Nunavut,,,350.221,,,,,,,,UNASSIGNED_REGION
province:1881,indonesia__nusa_tenggara_barat,1881,Nusa Tenggara Barat,,,349.163,,,,,,,,UNASSIGNED_REGION
province:1106,canada__british_columbia_29,1106,British Columbia,,,348.715,,,,,,,,UNASSIGNED_REGION
province:1865,indonesia__maluku_3,1865,Maluku,,,348.435,,,,,,,,UNASSIGNED_REGION
province:2655,canada__northwest_territories_11,2655,Northwest Territories,,,348.169,,,,,,,,UNASSIGNED_REGION
province:435,brazil__amap,435,Amapá,,,346.734,,,,,,,,UNASSIGNED_REGION
province:1691,united_states_of_america__alaska_65,1691,Alaska,,,346.502,,,,,,,,UNASSIGNED_REGION
province:24,gaza_strip__gaza_strip,24,Gaza Strip,,,345.058,,,,,,,,UNASSIGNED_REGION
province:550,malaysia__sarawak,550,Sarawak,,,344.481,,,,,,,,UNASSIGNED_REGION
province:1335,chile__magallanes_y_ant_rtica_chilena_19,1335,Magallanes y Antártica Chilena,,,344.15,,,,,,,,UNASSIGNED_REGION
province:3227,palau__ngardmau_3,3227,Ngardmau,,,343.605,,,,,,,,UNASSIGNED_REGION
province:3167,federated_states_of_micronesia__pohnpei,3167,Pohnpei,,,343.074,,,,,,,,UNASSIGNED_REGION
province:2987,cuba__camag_ey_2,2987,Camagüey,,,342.296,,,,,,,,UNASSIGNED_REGION
province:1082,canada__british_columbia_5,1082,British Columbia,,,341.054,,,,,,,,UNASSIGNED_REGION
province:1309,chile__ais_n_del_general_carlos_ib_ez_del_campo_26,1309,Aisén del General Carlos Ibáñez del Campo,,,340.415,,,,,,,,UNASSIGNED_REGION
province:1696,united_states_of_america__alaska_70,1696,Alaska,,,340.183,,,,,,,,UNASSIGNED_REGION
province:1991,indonesia__sumatera_utara_3,1991,Sumatera Utara,,,339.856,,,,,,,,UNASSIGNED_REGION
province:1653,united_states_of_america__alaska_27,1653,Alaska,,,339.771,,,,,,,,UNASSIGNED_REGION
province:1381,papua_new_guinea__western_4,1381,Western,,,339.315,,,,,,,,UNASSIGNED_REGION
province:3108,united_states_of_america__hawaii_2,3108,Hawaii,,,337.8,,,,,,,,UNASSIGNED_REGION
province:3026,cape_verde__tarrafal_de_s_o_nicolau,3026,Tarrafal de São Nicolau,,,335.03,,,,,,,,UNASSIGNED_REGION
province:1796,brazil__s_o_paulo_3,1796,São Paulo,,,334.31,,,,,,,,UNASSIGNED_REGION
province:3128,french_polynesia__marquesas_islands_2,3128,Marquesas Islands,,,332.017,,,,,,,,UNASSIGNED_REGION
province:2769,russia__krasnoyarsk_4,2769,Krasnoyarsk,,,330.389,,,,,,,,UNASSIGNED_REGION
province:2549,south_korea__south_jeolla_5,2549,South Jeolla,,,330.029,,,,,,,,UNASSIGNED_REGION
province:3220,vanuatu__torba,3220,Torba,,,327.064,,,,,,,,UNASSIGNED_REGION
province:577,bangladesh__chittagong_4,577,Chittagong,,,326.386,,,,,,,,UNASSIGNED_REGION
province:2196,mexico__baja_california_sur_3,2196,Baja California Sur,,,326.287,,,,,,,,UNASSIGNED_REGION
province:2990,cuba__camag_ey_5,2990,Camagüey,,,325.335,,,,,,,,UNASSIGNED_REGION
province:2007,philippines__palawan_3,2007,Palawan,,,323.338,,,,,,,,UNASSIGNED_REGION
province:1993,indonesia__sumatera_utara_5,1993,Sumatera Utara,,,322.729,,,,,,,,UNASSIGNED_REGION
province:3168,philippines__siquijor,3168,Siquijor,,,322.46,,,,,,,,UNASSIGNED_REGION
province:172,sweden__v_stra_g_taland,172,Västra Götaland,,,322.188,,,,,,,,UNASSIGNED_REGION
province:3127,french_polynesia__marquesas_islands,3127,Marquesas Islands,,,317.954,,,,,,,,UNASSIGNED_REGION
province:3207,fiji__northern,3207,Northern,,,317.595,,,,,,,,UNASSIGNED_REGION
province:1822,australia__northern_territory_12,1822,Northern Territory,,,315.535,,,,,,,,UNASSIGNED_REGION
province:1350,chile__magallanes_y_ant_rtica_chilena_34,1350,Magallanes y Antártica Chilena,,,315.094,,,,,,,,UNASSIGNED_REGION
province:1114,canada__british_columbia_37,1114,British Columbia,,,313.647,,,,,,,,UNASSIGNED_REGION
province:2005,philippines__palawan,2005,Palawan,,,313.334,,,,,,,,UNASSIGNED_REGION
province:2961,saint_vincent_and_the_grenadines__saint_patrick,2961,Saint Patrick,,,308.841,,,,,,,,UNASSIGNED_REGION
province:2956,grenada__saint_john,2956,Saint John,,,308.84,,,,,,,,UNASSIGNED_REGION
province:1679,united_states_of_america__alaska_53,1679,Alaska,,,307.277,,,,,,,,UNASSIGNED_REGION
province:2233,united_states_of_america__louisiana_2,2233,Louisiana,,,305.909,,,,,,,,UNASSIGNED_REGION
province:2512,malaysia__pulau_pinang,2512,Pulau Pinang,,,304.085,,,,,,,,UNASSIGNED_REGION
province:1843,australia__queensland_6,1843,Queensland,,,304.002,,,,,,,,UNASSIGNED_REGION
province:2722,norway__hordaland_2,2722,Hordaland,,,303.684,,,,,,,,UNASSIGNED_REGION
province:178,norway__finnmark_4,178,Finnmark,,,302.001,,,,,,,,UNASSIGNED_REGION
province:3038,greece__notio_aigaio,3038,Notio Aigaio,,,301.01,,,,,,,,UNASSIGNED_REGION
province:3028,spain__santa_cruz_de_tenerife,3028,Santa Cruz de Tenerife,,,300.604,,,,,,,,UNASSIGNED_REGION
province:2770,russia__krasnoyarsk_5,2770,Krasnoyarsk,,,300.289,,,,,,,,UNASSIGNED_REGION
province:1375,indonesia__papua_6,1375,Papua,,,300.153,,,,,,,,UNASSIGNED_REGION
province:2462,canada__nunavut_68,2462,Nunavut,,,299.966,,,,,,,,UNASSIGNED_REGION
province:2781,greece__dytiki_ellada_3,2781,Dytiki Ellada,,,297.859,,,,,,,,UNASSIGNED_REGION
province:574,bangladesh__chittagong,574,Chittagong,,,294.276,,,,,,,,UNASSIGNED_REGION
province:275,denmark__syddanmark,275,Syddanmark,,,293.915,,,,,,,,UNASSIGNED_REGION
province:2551,south_korea__south_gyeongsang_2,2551,South Gyeongsang,,,291.678,,,,,,,,UNASSIGNED_REGION
province:3186,philippines__masbate_2,3186,Masbate,,,291.266,,,,,,,,UNASSIGNED_REGION
province:3221,vanuatu__torba_2,3221,Torba,,,289.771,,,,,,,,UNASSIGNED_REGION
province:144,norway__nordland_2,144,Nordland,,,289.359,,,,,,,,UNASSIGNED_REGION
province:1666,united_states_of_america__alaska_40,1666,Alaska,,,288.975,,,,,,,,UNASSIGNED_REGION
province:3098,faroe_islands__eysturoyar_3,3098,Eysturoyar,,,288.904,,,,,,,,UNASSIGNED_REGION
province:3086,united_kingdom__eilean_siar,3086,Eilean Siar,,,288.362,,,,,,,,UNASSIGNED_REGION
province:2955,trinidad_and_tobago__western_tobago,2955,Western Tobago,,,287.804,,,,,,,,UNASSIGNED_REGION
province:2186,the_bahamas__mayaguana,2186,Mayaguana,,,286.143,,,,,,,,UNASSIGNED_REGION
province:2663,russia__sakha_yakutia_5,2663,Sakha (Yakutia),,,284.399,,,,,,,,UNASSIGNED_REGION
province:1939,indonesia__kepulauan_riau_2,1939,Kepulauan Riau,,,282.937,,,,,,,,UNASSIGNED_REGION
province:1307,chile__ais_n_del_general_carlos_ib_ez_del_campo_24,1307,Aisén del General Carlos Ibáñez del Campo,,,281.53,,,,,,,,UNASSIGNED_REGION
province:1312,chile__ais_n_del_general_carlos_ib_ez_del_campo_29,1312,Aisén del General Carlos Ibáñez del Campo,,,278.651,,,,,,,,UNASSIGNED_REGION
province:1163,united_states_of_america__maine_3,1163,Maine,,,276.443,,,,,,,,UNASSIGNED_REGION
province:664,brazil__santa_catarina_3,664,Santa Catarina,,,273.828,,,,,,,,UNASSIGNED_REGION
province:2423,canada__nunavut_29,2423,Nunavut,,,273.327,,,,,,,,UNASSIGNED_REGION
province:2969,antigua_and_barbuda__saint_mary,2969,Saint Mary,,,272.331,,,,,,,,UNASSIGNED_REGION
province:2424,canada__nunavut_30,2424,Nunavut,,,271.406,,,,,,,,UNASSIGNED_REGION
province:2995,the_bahamas__crooked_island_and_long_cay,2995,Crooked Island and Long Cay,,,269.487,,,,,,,,UNASSIGNED_REGION
province:1186,united_states_of_america__texas_2,1186,Texas,,,268.232,,,,,,,,UNASSIGNED_REGION
province:54,south_korea__gyeonggi_3,54,Gyeonggi,,,266.93,,,,,,,,UNASSIGNED_REGION
province:2420,canada__nunavut_26,2420,Nunavut,,,266.113,,,,,,,,UNASSIGNED_REGION
province:686,croatia__zadarska_2,686,Zadarska,,,266.021,,,,,,,,UNASSIGNED_REGION
province:1792,brazil__bahia,1792,Bahia,,,265.147,,,,,,,,UNASSIGNED_REGION
province:2933,greenland__kommune_kujalleq_5,2933,Kommune Kujalleq,,,264.443,,,,,,,,UNASSIGNED_REGION
province:1976,panama__panama_2,1976,Panama,,,262.215,,,,,,,,UNASSIGNED_REGION
province:2960,caribbean_netherlands__bonaire,2960,Bonaire,,,262.01,,,,,,,,UNASSIGNED_REGION
province:606,croatia__dubrovacko_neretvanska_2,606,Dubrovacko-Neretvanska,,,261.264,,,,,,,,UNASSIGNED_REGION
province:262,brazil__par_6,262,Pará,,,260.582,,,,,,,,UNASSIGNED_REGION
province:4025,malta__birgu,4025,Birgu,,,259.091,,,,,,,,UNASSIGNED_REGION
province:1185,united_states_of_america__texas,1185,Texas,,,257.987,,,,,,,,UNASSIGNED_REGION
province:1783,brazil__maranh_o_2,1783,Maranhão,,,256.36,,,,,,,,UNASSIGNED_REGION
province:1382,papua_new_guinea__western_5,1382,Western,,,256.282,,,,,,,,UNASSIGNED_REGION
province:1096,canada__british_columbia_19,1096,British Columbia,,,251.915,,,,,,,,UNASSIGNED_REGION
province:1084,canada__british_columbia_7,1084,British Columbia,,,249.709,,,,,,,,UNASSIGNED_REGION
province:2340,japan__nagasaki_3,2340,Nagasaki,,,249.546,,,,,,,,UNASSIGNED_REGION
province:2138,guinea_bissau__bolama,2138,Bolama,,,248.576,,,,,,,,UNASSIGNED_REGION
province:1129,canada__british_columbia_52,1129,British Columbia,,,248.237,,,,,,,,UNASSIGNED_REGION
province:2917,greenland__qaasuitsup_kommunia_5,2917,Qaasuitsup Kommunia,,,246.627,,,,,,,,UNASSIGNED_REGION
province:2486,canada__newfoundland_and_labrador_19,2486,Newfoundland and Labrador,,,244.811,,,,,,,,UNASSIGNED_REGION
province:2425,canada__nunavut_31,2425,Nunavut,,,242.62,,,,,,,,UNASSIGNED_REGION
province:2195,mexico__baja_california_sur_2,2195,Baja California Sur,,,241.521,,,,,,,,UNASSIGNED_REGION
province:3,indonesia__kalimantan_timur_2,3,Kalimantan Timur,,,237.564,,,,,,,,UNASSIGNED_REGION
province:2456,canada__nunavut_62,2456,Nunavut,,,237.108,,,,,,,,UNASSIGNED_REGION
province:1907,indonesia__sulawesi_tengah_3,1907,Sulawesi Tengah,,,236.643,,,,,,,,UNASSIGNED_REGION
province:1305,chile__ais_n_del_general_carlos_ib_ez_del_campo_22,1305,Aisén del General Carlos Ibáñez del Campo,,,236.167,,,,,,,,UNASSIGNED_REGION
province:1304,chile__ais_n_del_general_carlos_ib_ez_del_campo_21,1304,Aisén del General Carlos Ibáñez del Campo,,,236.047,,,,,,,,UNASSIGNED_REGION
province:2978,cayman_islands__cayman_islands,2978,Cayman Islands,,,235.404,,,,,,,,UNASSIGNED_REGION
province:2915,greenland__qaasuitsup_kommunia_3,2915,Qaasuitsup Kommunia,,,235.025,,,,,,,,UNASSIGNED_REGION
province:1821,australia__northern_territory_11,1821,Northern Territory,,,234.274,,,,,,,,UNASSIGNED_REGION
province:2457,canada__nunavut_63,2457,Nunavut,,,231.279,,,,,,,,UNASSIGNED_REGION
province:1638,united_states_of_america__alaska_12,1638,Alaska,,,230.031,,,,,,,,UNASSIGNED_REGION
province:1157,canada__qu_bec_14,1157,Québec,,,229.098,,,,,,,,UNASSIGNED_REGION
province:2665,russia__sakha_yakutia_7,2665,Sakha (Yakutia),,,226.255,,,,,,,,UNASSIGNED_REGION
province:1317,chile__magallanes_y_ant_rtica_chilena,1317,Magallanes y Antártica Chilena,,,225.71,,,,,,,,UNASSIGNED_REGION
province:1336,chile__magallanes_y_ant_rtica_chilena_20,1336,Magallanes y Antártica Chilena,,,225.487,,,,,,,,UNASSIGNED_REGION
province:3081,denmark__sja_lland_2,3081,Sjaælland,,,224.476,,,,,,,,UNASSIGNED_REGION
province:1053,vietnam__qu_ng_ninh_2,1053,Quảng Ninh,,,224.315,,,,,,,,UNASSIGNED_REGION
province:2484,canada__newfoundland_and_labrador_17,2484,Newfoundland and Labrador,,,222.029,,,,,,,,UNASSIGNED_REGION
province:1156,canada__qu_bec_13,1156,Québec,,,221.199,,,,,,,,UNASSIGNED_REGION
province:2055,vietnam__h_ch_minh_city_3,2055,Hồ Chí Minh city,,,220.993,,,,,,,,UNASSIGNED_REGION
province:1291,chile__ais_n_del_general_carlos_ib_ez_del_campo_8,1291,Aisén del General Carlos Ibáñez del Campo,,,220.931,,,,,,,,UNASSIGNED_REGION
province:865,myanmar__tanintharyi,865,Tanintharyi,,,220.163,,,,,,,,UNASSIGNED_REGION
province:2253,united_states_of_america__florida_15,2253,Florida,,,219.796,,,,,,,,UNASSIGNED_REGION
province:1338,chile__magallanes_y_ant_rtica_chilena_22,1338,Magallanes y Antártica Chilena,,,219.532,,,,,,,,UNASSIGNED_REGION
province:1287,chile__ais_n_del_general_carlos_ib_ez_del_campo_4,1287,Aisén del General Carlos Ibáñez del Campo,,,217.939,,,,,,,,UNASSIGNED_REGION
province:2884,greenland__kommuneqarfik_sermersooq_4,2884,Kommuneqarfik Sermersooq,,,216.768,,,,,,,,UNASSIGNED_REGION
province:2723,norway__hordaland_3,2723,Hordaland,,,215.941,,,,,,,,UNASSIGNED_REGION
province:1328,chile__magallanes_y_ant_rtica_chilena_12,1328,Magallanes y Antártica Chilena,,,215.914,,,,,,,,UNASSIGNED_REGION
province:1315,chile__ais_n_del_general_carlos_ib_ez_del_campo_32,1315,Aisén del General Carlos Ibáñez del Campo,,,214.967,,,,,,,,UNASSIGNED_REGION
province:2760,russia__arkhangel_sk_2,2760,Arkhangel'sk,,,214.632,,,,,,,,UNASSIGNED_REGION
province:2989,cuba__camag_ey_4,2989,Camagüey,,,214.459,,,,,,,,UNASSIGNED_REGION
province:2972,united_states_virgin_islands__saint_croix,2972,Saint Croix,,,210.25,,,,,,,,UNASSIGNED_REGION
province:2869,netherlands__zuid_holland,2869,Zuid-Holland,,,209.944,,,,,,,,UNASSIGNED_REGION
province:1081,canada__british_columbia_4,1081,British Columbia,,,209.43,,,,,,,,UNASSIGNED_REGION
province:1332,chile__magallanes_y_ant_rtica_chilena_16,1332,Magallanes y Antártica Chilena,,,208.175,,,,,,,,UNASSIGNED_REGION
province:258,brazil__par_2,258,Pará,,,207.038,,,,,,,,UNASSIGNED_REGION
province:2988,cuba__camag_ey_3,2988,Camagüey,,,205.993,,,,,,,,UNASSIGNED_REGION
province:1295,chile__ais_n_del_general_carlos_ib_ez_del_campo_12,1295,Aisén del General Carlos Ibáñez del Campo,,,205.625,,,,,,,,UNASSIGNED_REGION
province:500,india__west_bengal_2,500,West Bengal,,,203.184,,,,,,,,UNASSIGNED_REGION
province:2348,japan__kumamoto_2,2348,Kumamoto,,,202.527,,,,,,,,UNASSIGNED_REGION
province:1297,chile__ais_n_del_general_carlos_ib_ez_del_campo_14,1297,Aisén del General Carlos Ibáñez del Campo,,,201.521,,,,,,,,UNASSIGNED_REGION
province:3121,estonia__saare_2,3121,Saare,,,201.276,,,,,,,,UNASSIGNED_REGION
province:2157,philippines__quezon_2,2157,Quezon,,,199.538,,,,,,,,UNASSIGNED_REGION
province:2188,china__fujian,2188,Fujian,,,198.296,,,,,,,,UNASSIGNED_REGION
province:2046,philippines__southern_leyte,2046,Southern Leyte,,,197.916,,,,,,,,UNASSIGNED_REGION
province:3135,solomon_islands__central_2,3135,Central,,,196.92,,,,,,,,UNASSIGNED_REGION
province:260,brazil__par_4,260,Pará,,,196.802,,,,,,,,UNASSIGNED_REGION
province:1289,chile__ais_n_del_general_carlos_ib_ez_del_campo_6,1289,Aisén del General Carlos Ibáñez del Campo,,,195.472,,,,,,,,UNASSIGNED_REGION
province:5,malaysia__sabah,5,Sabah,,,194.901,,,,,,,,UNASSIGNED_REGION
province:1673,united_states_of_america__alaska_47,1673,Alaska,,,194.856,,,,,,,,UNASSIGNED_REGION
province:1188,united_states_of_america__texas_4,1188,Texas,,,194.626,,,,,,,,UNASSIGNED_REGION
province:1642,united_states_of_america__alaska_16,1642,Alaska,,,193.324,,,,,,,,UNASSIGNED_REGION
province:1233,venezuela__delta_amacuro_4,1233,Delta Amacuro,,,193.144,,,,,,,,UNASSIGNED_REGION
province:2099,nigeria__rivers,2099,Rivers,,,191.247,,,,,,,,UNASSIGNED_REGION
province:2501,bangladesh__barisal_6,2501,Barisal,,,190.657,,,,,,,,UNASSIGNED_REGION
province:2944,greenland__kommune_kujalleq_16,2944,Kommune Kujalleq,,,187.722,,,,,,,,UNASSIGNED_REGION
province:1491,guinea_bissau__cacheu,1491,Cacheu,,,187.408,,,,,,,,UNASSIGNED_REGION
province:2939,greenland__kommune_kujalleq_11,2939,Kommune Kujalleq,,,186.568,,,,,,,,UNASSIGNED_REGION
province:2346,japan__nagasaki_9,2346,Nagasaki,,,184.575,,,,,,,,UNASSIGNED_REGION
province:2000,indonesia__kalimantan_selatan_3,2000,Kalimantan Selatan,,,183.02,,,,,,,,UNASSIGNED_REGION
province:3214,vanuatu__sanma,3214,Sanma,,,182.617,,,,,,,,UNASSIGNED_REGION
province:540,indonesia__nusa_tenggara_timur_4,540,Nusa Tenggara Timur,,,182.23,,,,,,,,UNASSIGNED_REGION
province:1675,united_states_of_america__alaska_49,1675,Alaska,,,180.595,,,,,,,,UNASSIGNED_REGION
province:1678,united_states_of_america__alaska_52,1678,Alaska,,,180.277,,,,,,,,UNASSIGNED_REGION
province:1231,venezuela__delta_amacuro_2,1231,Delta Amacuro,,,180.103,,,,,,,,UNASSIGNED_REGION
province:2724,norway__hordaland_4,2724,Hordaland,,,178.236,,,,,,,,UNASSIGNED_REGION
province:1901,indonesia__papua_barat_6,1901,Papua Barat,,,177.977,,,,,,,,UNASSIGNED_REGION
province:1146,canada__qu_bec_3,1146,Québec,,,176.807,,,,,,,,UNASSIGNED_REGION
province:2339,japan__nagasaki_2,2339,Nagasaki,,,175.857,,,,,,,,UNASSIGNED_REGION
province:1124,canada__british_columbia_47,1124,British Columbia,,,175.774,,,,,,,,UNASSIGNED_REGION
province:2404,canada__nunavut_10,2404,Nunavut,,,175.342,,,,,,,,UNASSIGNED_REGION
province:1908,indonesia__sulawesi_tengah_4,1908,Sulawesi Tengah,,,175.327,,,,,,,,UNASSIGNED_REGION
province:2314,china__zhejiang,2314,Zhejiang,,,174.655,,,,,,,,UNASSIGNED_REGION
province:2856,france__charente_maritime_2,2856,Charente-Maritime,,,173.427,,,,,,,,UNASSIGNED_REGION
province:2092,aruba__aruba,2092,Aruba,,,172.889,,,,,,,,UNASSIGNED_REGION
province:2661,russia__sakha_yakutia_3,2661,Sakha (Yakutia),,,172.189,,,,,,,,UNASSIGNED_REGION
province:1647,united_states_of_america__alaska_21,1647,Alaska,,,172.004,,,,,,,,UNASSIGNED_REGION
province:2616,united_kingdom__lancashire,2616,Lancashire,,,171.558,,,,,,,,UNASSIGNED_REGION
province:1102,canada__british_columbia_25,1102,British Columbia,,,169.684,,,,,,,,UNASSIGNED_REGION
province:1078,canada__british_columbia,1078,British Columbia,,,169.603,,,,,,,,UNASSIGNED_REGION
province:2970,saint_kitts_and_nevis__saint_john_capesterre,2970,Saint John Capesterre,,,168.917,,,,,,,,UNASSIGNED_REGION
province:1230,venezuela__delta_amacuro,1230,Delta Amacuro,,,168.561,,,,,,,,UNASSIGNED_REGION
province:2720,norway__rogaland_3,2720,Rogaland,,,168.16,,,,,,,,UNASSIGNED_REGION
province:2246,united_states_of_america__florida_8,2246,Florida,,,166.439,,,,,,,,UNASSIGNED_REGION
province:2971,antigua_and_barbuda__barbuda,2971,Barbuda,,,165.579,,,,,,,,UNASSIGNED_REGION
province:1238,venezuela__delta_amacuro_9,1238,Delta Amacuro,,,164.985,,,,,,,,UNASSIGNED_REGION
province:2178,haiti__nord_ouest,2178,Nord-Ouest,,,163.932,,,,,,,,UNASSIGNED_REGION
province:3096,faroe_islands__eysturoyar,3096,Eysturoyar,,,161.54,,,,,,,,UNASSIGNED_REGION
province:1657,united_states_of_america__alaska_31,1657,Alaska,,,161.531,,,,,,,,UNASSIGNED_REGION
province:1807,australia__western_australia_2,1807,Western Australia,,,161.19,,,,,,,,UNASSIGNED_REGION
province:2132,mauritania__inchiri_3,2132,Inchiri,,,158.534,,,,,,,,UNASSIGNED_REGION
province:2973,puerto_rico__puerto_rico,2973,Puerto Rico,,,157.876,,,,,,,,UNASSIGNED_REGION
province:2247,united_states_of_america__florida_9,2247,Florida,,,157.741,,,,,,,,UNASSIGNED_REGION
province:2872,netherlands__noord_holland_2,2872,Noord-Holland,,,156.985,,,,,,,,UNASSIGNED_REGION
province:2954,venezuela__dependencias_federales,2954,Dependencias Federales,,,156.79,,,,,,,,UNASSIGNED_REGION
province:639,colombia__nari_o_2,639,Nariño,,,156.731,,,,,,,,UNASSIGNED_REGION
province:3244,new_zealand__marlborough_district_3,3244,Marlborough District,,,156.155,,,,,,,,UNASSIGNED_REGION
province:1286,chile__ais_n_del_general_carlos_ib_ez_del_campo_3,1286,Aisén del General Carlos Ibáñez del Campo,,,156.056,,,,,,,,UNASSIGNED_REGION
province:1343,chile__magallanes_y_ant_rtica_chilena_27,1343,Magallanes y Antártica Chilena,,,155.629,,,,,,,,UNASSIGNED_REGION
province:1654,united_states_of_america__alaska_28,1654,Alaska,,,154.204,,,,,,,,UNASSIGNED_REGION
province:2728,norway__m_re_og_romsdal_2,2728,Møre og Romsdal,,,154.08,,,,,,,,UNASSIGNED_REGION
province:2583,ireland__mayo_2,2583,Mayo,,,153.764,,,,,,,,UNASSIGNED_REGION
province:1225,colombia__choc,1225,Chocó,,,153.327,,,,,,,,UNASSIGNED_REGION
province:1117,canada__british_columbia_40,1117,British Columbia,,,152.983,,,,,,,,UNASSIGNED_REGION
province:2265,united_states_of_america__virginia,2265,Virginia,,,151.931,,,,,,,,UNASSIGNED_REGION
province:1794,brazil__s_o_paulo,1794,São Paulo,,,150.817,,,,,,,,UNASSIGNED_REGION
province:3143,solomon_islands__isabel,3143,Isabel,,,150.673,,,,,,,,UNASSIGNED_REGION
province:2324,china__jiangsu,2324,Jiangsu,,,150.386,,,,,,,,UNASSIGNED_REGION
province:1150,canada__qu_bec_7,1150,Québec,,,150.126,,,,,,,,UNASSIGNED_REGION
province:1170,canada__new_brunswick_2,1170,New Brunswick,,,149.903,,,,,,,,UNASSIGNED_REGION
province:2918,greenland__qaasuitsup_kommunia_6,2918,Qaasuitsup Kommunia,,,146.499,,,,,,,,UNASSIGNED_REGION
province:264,brazil__par_8,264,Pará,,,146.294,,,,,,,,UNASSIGNED_REGION
province:2182,the_bahamas__inagua,2182,Inagua,,,145.975,,,,,,,,UNASSIGNED_REGION
province:2965,france__guadeloupe,2965,Guadeloupe,,,145.912,,,,,,,,UNASSIGNED_REGION
province:2927,greenland__qeqqata_kommunia_2,2927,Qeqqata Kommunia,,,143.924,,,,,,,,UNASSIGNED_REGION
province:2734,norway__m_re_og_romsdal_8,2734,Møre og Romsdal,,,143.718,,,,,,,,UNASSIGNED_REGION
province:2968,honduras__islas_de_la_bah_a,2968,Islas de la Bahía,,,143.344,,,,,,,,UNASSIGNED_REGION
province:1372,indonesia__papua_3,1372,Papua,,,142.904,,,,,,,,UNASSIGNED_REGION
province:1655,united_states_of_america__alaska_29,1655,Alaska,,,142.567,,,,,,,,UNASSIGNED_REGION
province:1105,canada__british_columbia_28,1105,British Columbia,,,142.178,,,,,,,,UNASSIGNED_REGION
province:1296,chile__ais_n_del_general_carlos_ib_ez_del_campo_13,1296,Aisén del General Carlos Ibáñez del Campo,,,141.064,,,,,,,,UNASSIGNED_REGION
province:1820,australia__northern_territory_10,1820,Northern Territory,,,140.735,,,,,,,,UNASSIGNED_REGION
province:2273,united_states_of_america__new_jersey_4,2273,New Jersey,,,140.156,,,,,,,,UNASSIGNED_REGION
province:161,norway__nord_tr_ndelag_2,161,Nord-Trøndelag,,,140.13,,,,,,,,UNASSIGNED_REGION
province:9,malaysia__sabah_5,9,Sabah,,,139.025,,,,,,,,UNASSIGNED_REGION
province:1669,united_states_of_america__alaska_43,1669,Alaska,,,138.94,,,,,,,,UNASSIGNED_REGION
province:1855,mozambique__nampula,1855,Nampula,,,138.46,,,,,,,,UNASSIGNED_REGION
province:2421,canada__nunavut_27,2421,Nunavut,,,137.673,,,,,,,,UNASSIGNED_REGION
province:436,brazil__amap_2,436,Amapá,,,137.352,,,,,,,,UNASSIGNED_REGION
province:2761,russia__arkhangel_sk_3,2761,Arkhangel'sk,,,137.351,,,,,,,,UNASSIGNED_REGION
province:1320,chile__magallanes_y_ant_rtica_chilena_4,1320,Magallanes y Antártica Chilena,,,137.131,,,,,,,,UNASSIGNED_REGION
province:3926,hong_kong_s_a_r__wong_tai_sin_2,3926,Wong Tai Sin,,,137.076,,,,,,,,UNASSIGNED_REGION
province:2727,norway__m_re_og_romsdal,2727,Møre og Romsdal,,,137.03,,,,,,,,UNASSIGNED_REGION
province:2473,canada__newfoundland_and_labrador_6,2473,Newfoundland and Labrador,,,136.886,,,,,,,,UNASSIGNED_REGION
province:131,lithuania__klaipedos,131,Klaipedos,,,136.453,,,,,,,,UNASSIGNED_REGION
province:1234,venezuela__delta_amacuro_5,1234,Delta Amacuro,,,134.605,,,,,,,,UNASSIGNED_REGION
province:2450,canada__nunavut_56,2450,Nunavut,,,133.652,,,,,,,,UNASSIGNED_REGION
province:2470,canada__newfoundland_and_labrador_3,2470,Newfoundland and Labrador,,,132.662,,,,,,,,UNASSIGNED_REGION
province:1101,canada__british_columbia_24,1101,British Columbia,,,132.228,,,,,,,,UNASSIGNED_REGION
province:143,norway__nordland,143,Nordland,,,131.112,,,,,,,,UNASSIGNED_REGION
province:1187,united_states_of_america__texas_3,1187,Texas,,,130.864,,,,,,,,UNASSIGNED_REGION
province:1190,united_states_of_america__texas_6,1190,Texas,,,130.408,,,,,,,,UNASSIGNED_REGION
province:138,norway__troms_5,138,Troms,,,129.754,,,,,,,,UNASSIGNED_REGION
province:2903,greenland__nationalparken,2903,Nationalparken,,,125.795,,,,,,,,UNASSIGNED_REGION
province:572,myanmar__rakhine_3,572,Rakhine,,,125.44,,,,,,,,UNASSIGNED_REGION
province:1340,chile__magallanes_y_ant_rtica_chilena_24,1340,Magallanes y Antártica Chilena,,,125.166,,,,,,,,UNASSIGNED_REGION
province:97,tajikistan__leninabad,97,Leninabad,,,124.657,,,,,,,,UNASSIGNED_REGION
province:2913,greenland__qaasuitsup_kommunia,2913,Qaasuitsup Kommunia,,,124.576,,,,,,,,UNASSIGNED_REGION
province:3134,solomon_islands__central,3134,Central,,,124.461,,,,,,,,UNASSIGNED_REGION
province:1108,canada__british_columbia_31,1108,British Columbia,,,123.758,,,,,,,,UNASSIGNED_REGION
province:1347,chile__magallanes_y_ant_rtica_chilena_31,1347,Magallanes y Antártica Chilena,,,123.438,,,,,,,,UNASSIGNED_REGION
province:2975,dominican_republic__la_altagracia,2975,La Altagracia,,,123.052,,,,,,,,UNASSIGNED_REGION
province:1649,united_states_of_america__alaska_23,1649,Alaska,,,122.939,,,,,,,,UNASSIGNED_REGION
province:3239,mexico__mexico,3239,Mexico,,,122.783,,,,,,,,UNASSIGNED_REGION
province:1707,china__guangdong_5,1707,Guangdong,,,122.473,,,,,,,,UNASSIGNED_REGION
province:1090,canada__british_columbia_13,1090,British Columbia,,,122.466,,,,,,,,UNASSIGNED_REGION
province:2737,norway__m_re_og_romsdal_11,2737,Møre og Romsdal,,,121.948,,,,,,,,UNASSIGNED_REGION
province:2472,canada__newfoundland_and_labrador_5,2472,Newfoundland and Labrador,,,120.663,,,,,,,,UNASSIGNED_REGION
province:2475,canada__newfoundland_and_labrador_8,2475,Newfoundland and Labrador,,,120.516,,,,,,,,UNASSIGNED_REGION
province:1847,australia__victoria,1847,Victoria,,,120.505,,,,,,,,UNASSIGNED_REGION
province:175,norway__finnmark,175,Finnmark,,,120.38,,,,,,,,UNASSIGNED_REGION
province:2105,gabon__ogoou_maritime_2,2105,Ogooué-Maritime,,,118.895,,,,,,,,UNASSIGNED_REGION
province:3016,saint_helena__saint_helena,3016,Saint Helena,,,118.887,,,,,,,,UNASSIGNED_REGION
province:3075,jersey__jersey,3075,Jersey,,,118.342,,,,,,,,UNASSIGNED_REGION
province:3070,italy__cagliari,3070,Cagliari,,,117.837,,,,,,,,UNASSIGNED_REGION
province:2184,turks_and_caicos_islands__north_caicos,2184,North Caicos,,,117.533,,,,,,,,UNASSIGNED_REGION
province:1293,chile__ais_n_del_general_carlos_ib_ez_del_campo_10,1293,Aisén del General Carlos Ibáñez del Campo,,,117.18,,,,,,,,UNASSIGNED_REGION
province:2474,canada__newfoundland_and_labrador_7,2474,Newfoundland and Labrador,,,116.698,,,,,,,,UNASSIGNED_REGION
province:1313,chile__ais_n_del_general_carlos_ib_ez_del_campo_30,1313,Aisén del General Carlos Ibáñez del Campo,,,116.641,,,,,,,,UNASSIGNED_REGION
province:2252,united_states_of_america__florida_14,2252,Florida,,,116.203,,,,,,,,UNASSIGNED_REGION
province:6,malaysia__sabah_2,6,Sabah,,,116.185,,,,,,,,UNASSIGNED_REGION
province:1097,canada__british_columbia_20,1097,British Columbia,,,115.895,,,,,,,,UNASSIGNED_REGION
province:1863,indonesia__maluku,1863,Maluku,,,115.57,,,,,,,,UNASSIGNED_REGION
province:2281,united_states_of_america__rhode_island_2,2281,Rhode Island,,,115.359,,,,,,,,UNASSIGNED_REGION
province:2490,canada__nova_scotia_3,2490,Nova Scotia,,,114.653,,,,,,,,UNASSIGNED_REGION
province:1704,china__guangdong_2,1704,Guangdong,,,112.856,,,,,,,,UNASSIGNED_REGION
province:2900,greenland__kommuneqarfik_sermersooq_20,2900,Kommuneqarfik Sermersooq,,,112.524,,,,,,,,UNASSIGNED_REGION
province:1104,canada__british_columbia_27,1104,British Columbia,,,112.485,,,,,,,,UNASSIGNED_REGION
province:134,norway__troms,134,Troms,,,111.791,,,,,,,,UNASSIGNED_REGION
province:2642,russia__nenets_3,2642,Nenets,,,111.602,,,,,,,,UNASSIGNED_REGION
province:2189,china__fujian_2,2189,Fujian,,,111.31,,,,,,,,UNASSIGNED_REGION
province:2294,belize__belize_2,2294,Belize,,,111.025,,,,,,,,UNASSIGNED_REGION
province:154,norway__nordland_12,154,Nordland,,,110.372,,,,,,,,UNASSIGNED_REGION
province:1887,indonesia__jawa_tengah_2,1887,Jawa Tengah,,,110.162,,,,,,,,UNASSIGNED_REGION
province:2357,south_korea__south_chungcheong,2357,South Chungcheong,,,109.518,,,,,,,,UNASSIGNED_REGION
province:2897,greenland__kommuneqarfik_sermersooq_17,2897,Kommuneqarfik Sermersooq,,,109.471,,,,,,,,UNASSIGNED_REGION
province:3091,sweden__gotland_2,3091,Gotland,,,109.066,,,,,,,,UNASSIGNED_REGION
province:2100,nigeria__rivers_2,2100,Rivers,,,108.948,,,,,,,,UNASSIGNED_REGION
province:1314,chile__ais_n_del_general_carlos_ib_ez_del_campo_31,1314,Aisén del General Carlos Ibáñez del Campo,,,107.566,,,,,,,,UNASSIGNED_REGION
province:801,china__liaoning,801,Liaoning,,,107.067,,,,,,,,UNASSIGNED_REGION
province:2014,vietnam__s_c_tr_ng_2,2014,Sóc Trăng,,,105.916,,,,,,,,UNASSIGNED_REGION
province:1769,united_kingdom__northumberland_8,1769,Northumberland,,,105.889,,,,,,,,UNASSIGNED_REGION
province:2061,philippines__samar,2061,Samar,,,104.269,,,,,,,,UNASSIGNED_REGION
province:1685,united_states_of_america__alaska_59,1685,Alaska,,,104.113,,,,,,,,UNASSIGNED_REGION
province:1284,chile__ais_n_del_general_carlos_ib_ez_del_campo,1284,Aisén del General Carlos Ibáñez del Campo,,,103.261,,,,,,,,UNASSIGNED_REGION
province:2654,canada__northwest_territories_10,2654,Northwest Territories,,,102.545,,,,,,,,UNASSIGNED_REGION
province:2914,greenland__qaasuitsup_kommunia_2,2914,Qaasuitsup Kommunia,,,101.588,,,,,,,,UNASSIGNED_REGION
province:1130,canada__british_columbia_53,1130,British Columbia,,,101.555,,,,,,,,UNASSIGNED_REGION
province:1075,united_states_of_america__washington_5,1075,Washington,,,101.329,,,,,,,,UNASSIGNED_REGION
province:2496,bangladesh__barisal,2496,Barisal,,,100.768,,,,,,,,UNASSIGNED_REGION
province:2479,canada__newfoundland_and_labrador_12,2479,Newfoundland and Labrador,,,100.23,,,,,,,,UNASSIGNED_REGION
province:1311,chile__ais_n_del_general_carlos_ib_ez_del_campo_28,1311,Aisén del General Carlos Ibáñez del Campo,,,100.114,,,,,,,,UNASSIGNED_REGION
province:1645,united_states_of_america__alaska_19,1645,Alaska,,,99.155,,,,,,,,UNASSIGNED_REGION
province:3101,australia__tasmania_2,3101,Tasmania,,,98.872,,,,,,,,UNASSIGNED_REGION
province:2053,vietnam__h_ch_minh_city,2053,Hồ Chí Minh city,,,97.739,,,,,,,,UNASSIGNED_REGION
province:2919,greenland__qaasuitsup_kommunia_7,2919,Qaasuitsup Kommunia,,,97.373,,,,,,,,UNASSIGNED_REGION
province:2426,canada__nunavut_32,2426,Nunavut,,,96.606,,,,,,,,UNASSIGNED_REGION
province:1353,chile__magallanes_y_ant_rtica_chilena_37,1353,Magallanes y Antártica Chilena,,,96.166,,,,,,,,UNASSIGNED_REGION
province:3145,solomon_islands__isabel_3,3145,Isabel,,,95.429,,,,,,,,UNASSIGNED_REGION
province:2502,myanmar__ayeyarwady,2502,Ayeyarwady,,,95.366,,,,,,,,UNASSIGNED_REGION
province:2185,turks_and_caicos_islands__north_caicos_2,2185,North Caicos,,,95.251,,,,,,,,UNASSIGNED_REGION
province:2774,greece__attiki,2774,Attiki,,,94.992,,,,,,,,UNASSIGNED_REGION
province:2036,sri_lanka__kilin_chchi_3,2036,Kilinŏchchi,,,94.782,,,,,,,,UNASSIGNED_REGION
province:1285,chile__ais_n_del_general_carlos_ib_ez_del_campo_2,1285,Aisén del General Carlos Ibáñez del Campo,,,94.394,,,,,,,,UNASSIGNED_REGION
province:1706,china__guangdong_4,1706,Guangdong,,,94.365,,,,,,,,UNASSIGNED_REGION
province:1816,australia__northern_territory_6,1816,Northern Territory,,,94.323,,,,,,,,UNASSIGNED_REGION
province:2136,guinea_bissau__quinara,2136,Quinara,,,92.428,,,,,,,,UNASSIGNED_REGION
province:2875,netherlands__friesland_3,2875,Friesland,,,92.402,,,,,,,,UNASSIGNED_REGION
province:1318,chile__magallanes_y_ant_rtica_chilena_2,1318,Magallanes y Antártica Chilena,,,92.289,,,,,,,,UNASSIGNED_REGION
province:1235,venezuela__delta_amacuro_6,1235,Delta Amacuro,,,91.828,,,,,,,,UNASSIGNED_REGION
province:2139,guinea_bissau__bolama_2,2139,Bolama,,,91.742,,,,,,,,UNASSIGNED_REGION
province:1868,indonesia__maluku_6,1868,Maluku,,,90.71,,,,,,,,UNASSIGNED_REGION
province:2268,united_states_of_america__maryland_2,2268,Maryland,,,89.829,,,,,,,,UNASSIGNED_REGION
province:438,brazil__amap_4,438,Amapá,,,89.696,,,,,,,,UNASSIGNED_REGION
province:3114,japan__okinawa_2,3114,Okinawa,,,88.636,,,,,,,,UNASSIGNED_REGION
province:637,ecuador__esmeraldas_2,637,Esmeraldas,,,88.262,,,,,,,,UNASSIGNED_REGION
province:3084,denmark__hovedstaden_2,3084,Hovedstaden,,,87.809,,,,,,,,UNASSIGNED_REGION
province:2485,canada__newfoundland_and_labrador_18,2485,Newfoundland and Labrador,,,87.527,,,,,,,,UNASSIGNED_REGION
province:2405,canada__nunavut_11,2405,Nunavut,,,87.467,,,,,,,,UNASSIGNED_REGION
province:2412,canada__nunavut_18,2412,Nunavut,,,86.157,,,,,,,,UNASSIGNED_REGION
province:1690,united_states_of_america__alaska_64,1690,Alaska,,,85.816,,,,,,,,UNASSIGNED_REGION
province:2686,finland__finland_proper_7,2686,Finland Proper,,,85.76,,,,,,,,UNASSIGNED_REGION
province:1144,canada__qu_bec,1144,Québec,,,85.71,,,,,,,,UNASSIGNED_REGION
province:1873,indonesia__maluku_11,1873,Maluku,,,83.989,,,,,,,,UNASSIGNED_REGION
province:2901,greenland__kommuneqarfik_sermersooq_21,2901,Kommuneqarfik Sermersooq,,,83.913,,,,,,,,UNASSIGNED_REGION
province:490,cambodia__ka_h_kong_3,490,Kaôh Kong,,,83.177,,,,,,,,UNASSIGNED_REGION
province:2735,norway__m_re_og_romsdal_9,2735,Møre og Romsdal,,,83.149,,,,,,,,UNASSIGNED_REGION
province:3925,hong_kong_s_a_r__wong_tai_sin,3925,Wong Tai Sin,,,83.085,,,,,,,,UNASSIGNED_REGION
province:2658,canada__northwest_territories_14,2658,Northwest Territories,,,82.526,,,,,,,,UNASSIGNED_REGION
province:2662,russia__sakha_yakutia_4,2662,Sakha (Yakutia),,,82.036,,,,,,,,UNASSIGNED_REGION
province:2601,united_kingdom__kent_2,2601,Kent,,,81.713,,,,,,,,UNASSIGNED_REGION
province:501,india__west_bengal_3,501,West Bengal,,,81.712,,,,,,,,UNASSIGNED_REGION
province:146,norway__nordland_4,146,Nordland,,,81.674,,,,,,,,UNASSIGNED_REGION
province:2082,venezuela__sucre,2082,Sucre,,,80.274,,,,,,,,UNASSIGNED_REGION
province:1942,indonesia__kepulauan_riau_5,1942,Kepulauan Riau,,,80.078,,,,,,,,UNASSIGNED_REGION
province:2192,china__fujian_5,2192,Fujian,,,79.955,,,,,,,,UNASSIGNED_REGION
province:2546,south_korea__south_jeolla_2,2546,South Jeolla,,,79.69,,,,,,,,UNASSIGNED_REGION
province:3169,philippines__bohol,3169,Bohol,,,79.642,,,,,,,,UNASSIGNED_REGION
province:140,norway__troms_7,140,Troms,,,79.636,,,,,,,,UNASSIGNED_REGION
province:2140,guinea_bissau__bolama_3,2140,Bolama,,,79.457,,,,,,,,UNASSIGNED_REGION
province:2767,russia__krasnoyarsk_2,2767,Krasnoyarsk,,,79.334,,,,,,,,UNASSIGNED_REGION
province:1116,canada__british_columbia_39,1116,British Columbia,,,79.179,,,,,,,,UNASSIGNED_REGION
province:1779,new_zealand__auckland_islands,1779,Auckland Islands,,,78.981,,,,,,,,UNASSIGNED_REGION
province:259,brazil__par_3,259,Pará,,,78.879,,,,,,,,UNASSIGNED_REGION
province:660,brazil__paran,660,Paraná,,,78.699,,,,,,,,UNASSIGNED_REGION
province:2732,norway__m_re_og_romsdal_6,2732,Møre og Romsdal,,,78.172,,,,,,,,UNASSIGNED_REGION
province:1076,united_states_of_america__washington_6,1076,Washington,,,76.231,,,,,,,,UNASSIGNED_REGION
province:2254,united_states_of_america__georgia,2254,Georgia,,,75.907,,,,,,,,UNASSIGNED_REGION
province:1809,australia__western_australia_4,1809,Western Australia,,,75.24,,,,,,,,UNASSIGNED_REGION
province:2263,united_states_of_america__north_carolina_6,2263,North Carolina,,,74.423,,,,,,,,UNASSIGNED_REGION
province:2921,greenland__qaasuitsup_kommunia_9,2921,Qaasuitsup Kommunia,,,74.297,,,,,,,,UNASSIGNED_REGION
province:1098,canada__british_columbia_21,1098,British Columbia,,,74.184,,,,,,,,UNASSIGNED_REGION
province:1131,canada__british_columbia_54,1131,British Columbia,,,73.929,,,,,,,,UNASSIGNED_REGION
province:1052,vietnam__qu_ng_ninh,1052,Quảng Ninh,,,73.77,,,,,,,,UNASSIGNED_REGION
province:2397,canada__nunavut_3,2397,Nunavut,,,73.755,,,,,,,,UNASSIGNED_REGION
province:1812,australia__northern_territory_2,1812,Northern Territory,,,73.59,,,,,,,,UNASSIGNED_REGION
province:1176,mexico__sonora_4,1176,Sonora,,,72.988,,,,,,,,UNASSIGNED_REGION
province:1306,chile__ais_n_del_general_carlos_ib_ez_del_campo_23,1306,Aisén del General Carlos Ibáñez del Campo,,,72.911,,,,,,,,UNASSIGNED_REGION
province:2163,philippines__albay_2,2163,Albay,,,72.682,,,,,,,,UNASSIGNED_REGION
province:2190,china__fujian_3,2190,Fujian,,,72.56,,,,,,,,UNASSIGNED_REGION
province:1909,indonesia__sulawesi_tengah_5,1909,Sulawesi Tengah,,,72.086,,,,,,,,UNASSIGNED_REGION
province:2044,sri_lanka__ma_akalapuva,2044,Maḍakalapuva,,,72.055,,,,,,,,UNASSIGNED_REGION
province:2422,canada__nunavut_28,2422,Nunavut,,,71.675,,,,,,,,UNASSIGNED_REGION
province:2892,greenland__kommuneqarfik_sermersooq_12,2892,Kommuneqarfik Sermersooq,,,71.334,,,,,,,,UNASSIGNED_REGION
province:1121,canada__british_columbia_44,1121,British Columbia,,,71.033,,,,,,,,UNASSIGNED_REGION
province:2164,philippines__albay_3,2164,Albay,,,70.739,,,,,,,,UNASSIGNED_REGION
province:2882,greenland__kommuneqarfik_sermersooq_2,2882,Kommuneqarfik Sermersooq,,,70.488,,,,,,,,UNASSIGNED_REGION
province:2398,canada__nunavut_4,2398,Nunavut,,,69.933,,,,,,,,UNASSIGNED_REGION
province:1089,canada__british_columbia_12,1089,British Columbia,,,69.139,,,,,,,,UNASSIGNED_REGION
province:2469,canada__newfoundland_and_labrador_2,2469,Newfoundland and Labrador,,,68.956,,,,,,,,UNASSIGNED_REGION
province:263,brazil__par_7,263,Pará,,,68.732,,,,,,,,UNASSIGNED_REGION
province:1006,ivory_coast__sud_como,1006,Sud-Comoé,,,68.724,,,,,,,,UNASSIGNED_REGION
province:1383,papua_new_guinea__western_6,1383,Western,,,68.435,,,,,,,,UNASSIGNED_REGION
province:2172,philippines__pangasinan_2,2172,Pangasinan,,,68.25,,,,,,,,UNASSIGNED_REGION
province:1379,papua_new_guinea__western_2,1379,Western,,,68.19,,,,,,,,UNASSIGNED_REGION
province:1741,croatia__primorsko_goranska_3,1741,Primorsko-Goranska,,,67.717,,,,,,,,UNASSIGNED_REGION
province:1808,australia__western_australia_3,1808,Western Australia,,,67.574,,,,,,,,UNASSIGNED_REGION
province:1958,indonesia__sulawesi_utara_2,1958,Sulawesi Utara,,,67.563,,,,,,,,UNASSIGNED_REGION
province:575,bangladesh__chittagong_2,575,Chittagong,,,67.51,,,,,,,,UNASSIGNED_REGION
province:2886,greenland__kommuneqarfik_sermersooq_6,2886,Kommuneqarfik Sermersooq,,,67.448,,,,,,,,UNASSIGNED_REGION
province:2888,greenland__kommuneqarfik_sermersooq_8,2888,Kommuneqarfik Sermersooq,,,66.754,,,,,,,,UNASSIGNED_REGION
province:2942,greenland__kommune_kujalleq_14,2942,Kommune Kujalleq,,,66.677,,,,,,,,UNASSIGNED_REGION
province:1065,bangladesh__khulna,1065,Khulna,,,66.373,,,,,,,,UNASSIGNED_REGION
province:3087,united_kingdom__eilean_siar_2,3087,Eilean Siar,,,66.343,,,,,,,,UNASSIGNED_REGION
province:2315,china__zhejiang_2,2315,Zhejiang,,,65.671,,,,,,,,UNASSIGNED_REGION
province:2699,sweden__uppsala_2,2699,Uppsala,,,65.517,,,,,,,,UNASSIGNED_REGION
province:1963,colombia__cauca_2,1963,Cauca,,,64.943,,,,,,,,UNASSIGNED_REGION
province:1784,brazil__maranh_o_3,1784,Maranhão,,,64.873,,,,,,,,UNASSIGNED_REGION
province:3140,solomon_islands__western_4,3140,Western,,,64.459,,,,,,,,UNASSIGNED_REGION
province:2639,russia__yamal_nenets_6,2639,Yamal-Nenets,,,64.087,,,,,,,,UNASSIGNED_REGION
province:2231,mexico__sinaloa_2,2231,Sinaloa,,,63.622,,,,,,,,UNASSIGNED_REGION
province:2389,japan__hiroshima,2389,Hiroshima,,,63.545,,,,,,,,UNASSIGNED_REGION
province:2622,russia__chukchi_autonomous_okrug,2622,Chukchi Autonomous Okrug,,,63.513,,,,,,,,UNASSIGNED_REGION
province:2267,united_states_of_america__maryland,2267,Maryland,,,63.096,,,,,,,,UNASSIGNED_REGION
province:2704,sweden__stockholm_5,2704,Stockholm,,,62.958,,,,,,,,UNASSIGNED_REGION
province:2762,russia__arkhangel_sk_4,2762,Arkhangel'sk,,,62.808,,,,,,,,UNASSIGNED_REGION
province:3076,guernsey__sark,3076,Sark,,,62.674,,,,,,,,UNASSIGNED_REGION
province:1964,colombia__cauca_3,1964,Cauca,,,62.363,,,,,,,,UNASSIGNED_REGION
province:2876,netherlands__friesland_4,2876,Friesland,,,62.306,,,,,,,,UNASSIGNED_REGION
province:1644,united_states_of_america__alaska_18,1644,Alaska,,,62.301,,,,,,,,UNASSIGNED_REGION
province:2050,vietnam__b_r_a_v_ng_t_u,2050,Bà Rịa - Vũng Tàu,,,62.261,,,,,,,,UNASSIGNED_REGION
province:1280,chile__los_lagos_2,1280,Los Lagos,,,61.993,,,,,,,,UNASSIGNED_REGION
province:3146,solomon_islands__isabel_4,3146,Isabel,,,61.937,,,,,,,,UNASSIGNED_REGION
province:2094,india__andhra_pradesh_2,2094,Andhra Pradesh,,,61.91,,,,,,,,UNASSIGNED_REGION
province:3243,new_zealand__marlborough_district_2,3243,Marlborough District,,,61.895,,,,,,,,UNASSIGNED_REGION
province:2666,russia__sakha_yakutia_8,2666,Sakha (Yakutia),,,61.532,,,,,,,,UNASSIGNED_REGION
province:1766,united_kingdom__northumberland_5,1766,Northumberland,,,60.912,,,,,,,,UNASSIGNED_REGION
province:1281,chile__los_lagos_3,1281,Los Lagos,,,60.841,,,,,,,,UNASSIGNED_REGION
province:1785,brazil__maranh_o_4,1785,Maranhão,,,59.981,,,,,,,,UNASSIGNED_REGION
province:2889,greenland__kommuneqarfik_sermersooq_9,2889,Kommuneqarfik Sermersooq,,,59.832,,,,,,,,UNASSIGNED_REGION
province:2399,canada__nunavut_5,2399,Nunavut,,,59.809,,,,,,,,UNASSIGNED_REGION
province:1896,indonesia__papua_barat,1896,Papua Barat,,,59.618,,,,,,,,UNASSIGNED_REGION
province:3189,philippines__mindoro_occidental,3189,Mindoro Occidental,,,59.561,,,,,,,,UNASSIGNED_REGION
province:1120,canada__british_columbia_43,1120,British Columbia,,,59.518,,,,,,,,UNASSIGNED_REGION
province:2056,vietnam__h_ch_minh_city_4,2056,Hồ Chí Minh city,,,59.345,,,,,,,,UNASSIGNED_REGION
province:1658,united_states_of_america__alaska_32,1658,Alaska,,,59.167,,,,,,,,UNASSIGNED_REGION
province:2647,canada__northwest_territories_3,2647,Northwest Territories,,,58.541,,,,,,,,UNASSIGNED_REGION
province:1236,venezuela__delta_amacuro_7,1236,Delta Amacuro,,,58.025,,,,,,,,UNASSIGNED_REGION
province:1218,panama__bocas_del_toro_2,1218,Bocas del Toro,,,57.807,,,,,,,,UNASSIGNED_REGION
province:1122,canada__british_columbia_45,1122,British Columbia,,,57.652,,,,,,,,UNASSIGNED_REGION
province:513,malaysia__kedah_2,513,Kedah,,,57.491,,,,,,,,UNASSIGNED_REGION
province:430,united_arab_emirates__abu_dhabi_2,430,Abu Dhabi,,,57.277,,,,,,,,UNASSIGNED_REGION
province:1646,united_states_of_america__alaska_20,1646,Alaska,,,57.041,,,,,,,,UNASSIGNED_REGION
province:1791,brazil__pernambuco_2,1791,Pernambuco,,,56.662,,,,,,,,UNASSIGNED_REGION
province:1171,canada__new_brunswick_3,1171,New Brunswick,,,56.54,,,,,,,,UNASSIGNED_REGION
province:2700,sweden__stockholm,2700,Stockholm,,,55.467,,,,,,,,UNASSIGNED_REGION
province:4024,malta__xewkija,4024,Xewkija,,,55.281,,,,,,,,UNASSIGNED_REGION
province:1222,panama__chiriqu_2,1222,Chiriquí,,,54.974,,,,,,,,UNASSIGNED_REGION
province:2731,norway__m_re_og_romsdal_5,2731,Møre og Romsdal,,,54.895,,,,,,,,UNASSIGNED_REGION
province:1648,united_states_of_america__alaska_22,1648,Alaska,,,54.705,,,,,,,,UNASSIGNED_REGION
province:2276,united_states_of_america__new_jersey_7,2276,New Jersey,,,54.491,,,,,,,,UNASSIGNED_REGION
province:1795,brazil__s_o_paulo_2,1795,São Paulo,,,54.165,,,,,,,,UNASSIGNED_REGION
province:2726,norway__sogn_og_fjordane_2,2726,Sogn og Fjordane,,,54.16,,,,,,,,UNASSIGNED_REGION
province:692,croatia__splitsko_dalmatinska_4,692,Splitsko-Dalmatinska,,,54.039,,,,,,,,UNASSIGNED_REGION
province:147,norway__nordland_5,147,Nordland,,,53.977,,,,,,,,UNASSIGNED_REGION
province:3223,solomon_islands__choiseul,3223,Choiseul,,,53.572,,,,,,,,UNASSIGNED_REGION
province:2926,greenland__qeqqata_kommunia,2926,Qeqqata Kommunia,,,53.163,,,,,,,,UNASSIGNED_REGION
province:1627,united_states_of_america__alaska,1627,Alaska,,,52.872,,,,,,,,UNASSIGNED_REGION
province:2881,greenland__kommuneqarfik_sermersooq,2881,Kommuneqarfik Sermersooq,,,52.628,,,,,,,,UNASSIGNED_REGION
province:1125,canada__british_columbia_48,1125,British Columbia,,,52.504,,,,,,,,UNASSIGNED_REGION
province:2896,greenland__kommuneqarfik_sermersooq_16,2896,Kommuneqarfik Sermersooq,,,52.217,,,,,,,,UNASSIGNED_REGION
province:2945,greenland__kommune_kujalleq_17,2945,Kommune Kujalleq,,,52.117,,,,,,,,UNASSIGNED_REGION
province:3175,philippines__cebu,3175,Cebu,,,52.069,,,,,,,,UNASSIGNED_REGION
province:2552,south_korea__south_gyeongsang_3,2552,South Gyeongsang,,,51.96,,,,,,,,UNASSIGNED_REGION
province:2400,canada__nunavut_6,2400,Nunavut,,,51.932,,,,,,,,UNASSIGNED_REGION
province:1323,chile__magallanes_y_ant_rtica_chilena_7,1323,Magallanes y Antártica Chilena,,,51.367,,,,,,,,UNASSIGNED_REGION
province:163,norway__nord_tr_ndelag_4,163,Nord-Trøndelag,,,50.78,,,,,,,,UNASSIGNED_REGION
province:1127,canada__british_columbia_50,1127,British Columbia,,,50.713,,,,,,,,UNASSIGNED_REGION
province:2657,canada__northwest_territories_13,2657,Northwest Territories,,,50.388,,,,,,,,UNASSIGNED_REGION
province:2416,canada__nunavut_22,2416,Nunavut,,,50.182,,,,,,,,UNASSIGNED_REGION
province:3215,vanuatu__sanma_2,3215,Sanma,,,49.858,,,,,,,,UNASSIGNED_REGION
province:1088,canada__british_columbia_11,1088,British Columbia,,,49.685,,,,,,,,UNASSIGNED_REGION
province:2481,canada__newfoundland_and_labrador_14,2481,Newfoundland and Labrador,,,49.529,,,,,,,,UNASSIGNED_REGION
province:2509,thailand__phangnga_3,2509,Phangnga,,,49.229,,,,,,,,UNASSIGNED_REGION
province:499,india__west_bengal,499,West Bengal,,,48.935,,,,,,,,UNASSIGNED_REGION
province:1061,bangladesh__dhaka_2,1061,Dhaka,,,48.796,,,,,,,,UNASSIGNED_REGION
province:1705,china__guangdong_3,1705,Guangdong,,,48.616,,,,,,,,UNASSIGNED_REGION
province:2891,greenland__kommuneqarfik_sermersooq_11,2891,Kommuneqarfik Sermersooq,,,48.571,,,,,,,,UNASSIGNED_REGION
province:3093,united_kingdom__orkney_2,3093,Orkney,,,48.524,,,,,,,,UNASSIGNED_REGION
province:2366,japan__ishikawa_2,2366,Ishikawa,,,47.787,,,,,,,,UNASSIGNED_REGION
province:151,norway__nordland_9,151,Nordland,,,47.468,,,,,,,,UNASSIGNED_REGION
province:2932,greenland__kommune_kujalleq_4,2932,Kommune Kujalleq,,,47.338,,,,,,,,UNASSIGNED_REGION
province:2048,vietnam__ti_n_giang,2048,Tiền Giang,,,47.333,,,,,,,,UNASSIGNED_REGION
province:1153,canada__qu_bec_10,1153,Québec,,,47.127,,,,,,,,UNASSIGNED_REGION
province:1378,papua_new_guinea__western,1378,Western,,,46.981,,,,,,,,UNASSIGNED_REGION
province:2692,finland__ostrobothnia_2,2692,Ostrobothnia,,,45.499,,,,,,,,UNASSIGNED_REGION
province:2947,greenland__kommune_kujalleq_19,2947,Kommune Kujalleq,,,45.492,,,,,,,,UNASSIGNED_REGION
province:2931,greenland__kommune_kujalleq_3,2931,Kommune Kujalleq,,,45.485,,,,,,,,UNASSIGNED_REGION
province:2695,sweden__v_sternorrland,2695,Västernorrland,,,45.424,,,,,,,,UNASSIGNED_REGION
province:2478,canada__newfoundland_and_labrador_11,2478,Newfoundland and Labrador,,,44.897,,,,,,,,UNASSIGNED_REGION
province:2719,norway__rogaland_2,2719,Rogaland,,,44.645,,,,,,,,UNASSIGNED_REGION
province:2701,sweden__stockholm_2,2701,Stockholm,,,44.539,,,,,,,,UNASSIGNED_REGION
province:2010,philippines__palawan_6,2010,Palawan,,,44.365,,,,,,,,UNASSIGNED_REGION
province:1073,united_states_of_america__washington_3,1073,Washington,,,44.22,,,,,,,,UNASSIGNED_REGION
province:625,honduras__valle,625,Valle,,,44.196,,,,,,,,UNASSIGNED_REGION
province:55,south_korea__gyeonggi_4,55,Gyeonggi,,,44.012,,,,,,,,UNASSIGNED_REGION
province:2907,greenland__nationalparken_5,2907,Nationalparken,,,43.737,,,,,,,,UNASSIGNED_REGION
province:2547,south_korea__south_jeolla_3,2547,South Jeolla,,,43.605,,,,,,,,UNASSIGNED_REGION
province:2275,united_states_of_america__new_jersey_6,2275,New Jersey,,,42.826,,,,,,,,UNASSIGNED_REGION
province:177,norway__finnmark_3,177,Finnmark,,,42.785,,,,,,,,UNASSIGNED_REGION
province:3171,philippines__bohol_3,3171,Bohol,,,42.547,,,,,,,,UNASSIGNED_REGION
province:3147,solomon_islands__isabel_5,3147,Isabel,,,42.539,,,,,,,,UNASSIGNED_REGION
province:2483,canada__newfoundland_and_labrador_16,2483,Newfoundland and Labrador,,,41.648,,,,,,,,UNASSIGNED_REGION
province:2940,greenland__kommune_kujalleq_12,2940,Kommune Kujalleq,,,41.295,,,,,,,,UNASSIGNED_REGION
province:1643,united_states_of_america__alaska_17,1643,Alaska,,,40.846,,,,,,,,UNASSIGNED_REGION
province:1092,canada__british_columbia_15,1092,British Columbia,,,40.444,,,,,,,,UNASSIGNED_REGION
province:1087,canada__british_columbia_10,1087,British Columbia,,,40.312,,,,,,,,UNASSIGNED_REGION
province:1670,united_states_of_america__alaska_44,1670,Alaska,,,39.782,,,,,,,,UNASSIGNED_REGION
province:2199,mexico__baja_california_sur_6,2199,Baja California Sur,,,39.428,,,,,,,,UNASSIGNED_REGION
province:1891,indonesia__sulawesi_tenggara_2,1891,Sulawesi Tenggara,,,39.114,,,,,,,,UNASSIGNED_REGION
province:1624,pakistan__sind,1624,Sind,,,39.108,,,,,,,,UNASSIGNED_REGION
province:2480,canada__newfoundland_and_labrador_13,2480,Newfoundland and Labrador,,,38.592,,,,,,,,UNASSIGNED_REGION
province:2274,united_states_of_america__new_jersey_5,2274,New Jersey,,,38.525,,,,,,,,UNASSIGNED_REGION
province:1085,canada__british_columbia_8,1085,British Columbia,,,38.517,,,,,,,,UNASSIGNED_REGION
province:1876,indonesia__maluku_14,1876,Maluku,,,38.506,,,,,,,,UNASSIGNED_REGION
province:3013,french_southern_and_antarctic_lands__archipel_des_kerguelen,3013,Archipel des Kerguelen,,,38.03,,,,,,,,UNASSIGNED_REGION
province:2930,greenland__kommune_kujalleq_2,2930,Kommune Kujalleq,,,37.861,,,,,,,,UNASSIGNED_REGION
province:1947,indonesia__kepulauan_riau_10,1947,Kepulauan Riau,,,37.715,,,,,,,,UNASSIGNED_REGION
province:2545,south_korea__south_jeolla,2545,South Jeolla,,,37.429,,,,,,,,UNASSIGNED_REGION
province:4,indonesia__kalimantan_timur_3,4,Kalimantan Timur,,,37.327,,,,,,,,UNASSIGNED_REGION
province:2064,vietnam__kh_nh_h_a_2,2064,Khánh Hòa,,,37.032,,,,,,,,UNASSIGNED_REGION
province:2946,greenland__kommune_kujalleq_18,2946,Kommune Kujalleq,,,37.011,,,,,,,,UNASSIGNED_REGION
province:3225,palau__ngardmau,3225,Ngardmau,,,36.37,,,,,,,,UNASSIGNED_REGION
province:2194,mexico__baja_california_sur,2194,Baja California Sur,,,36.356,,,,,,,,UNASSIGNED_REGION
province:2244,united_states_of_america__florida_6,2244,Florida,,,35.877,,,,,,,,UNASSIGNED_REGION
province:2877,netherlands__friesland_5,2877,Friesland,,,35.715,,,,,,,,UNASSIGNED_REGION
province:2232,united_states_of_america__louisiana,2232,Louisiana,,,35.364,,,,,,,,UNASSIGNED_REGION
province:2343,japan__nagasaki_6,2343,Nagasaki,,,35.274,,,,,,,,UNASSIGNED_REGION
province:2992,cuba__holgu_n,2992,Holguín,,,35.025,,,,,,,,UNASSIGNED_REGION
province:2245,united_states_of_america__florida_7,2245,Florida,,,34.687,,,,,,,,UNASSIGNED_REGION
province:1814,australia__northern_territory_4,1814,Northern Territory,,,34.603,,,,,,,,UNASSIGNED_REGION
province:2270,united_states_of_america__new_jersey,2270,New Jersey,,,34.253,,,,,,,,UNASSIGNED_REGION
province:2615,united_kingdom__gwynedd_3,2615,Gwynedd,,,34.201,,,,,,,,UNASSIGNED_REGION
province:502,india__west_bengal_4,502,West Bengal,,,34.193,,,,,,,,UNASSIGNED_REGION
province:2883,greenland__kommuneqarfik_sermersooq_3,2883,Kommuneqarfik Sermersooq,,,34.117,,,,,,,,UNASSIGNED_REGION
province:2402,canada__nunavut_8,2402,Nunavut,,,34.106,,,,,,,,UNASSIGNED_REGION
province:2278,united_states_of_america__new_jersey_9,2278,New Jersey,,,33.944,,,,,,,,UNASSIGNED_REGION
province:2197,mexico__baja_california_sur_4,2197,Baja California Sur,,,33.79,,,,,,,,UNASSIGNED_REGION
province:2550,south_korea__south_gyeongsang,2550,South Gyeongsang,,,33.604,,,,,,,,UNASSIGNED_REGION
province:53,south_korea__gyeonggi_2,53,Gyeonggi,,,33.592,,,,,,,,UNASSIGNED_REGION
province:2193,china__fujian_6,2193,Fujian,,,33.553,,,,,,,,UNASSIGNED_REGION
province:1155,canada__qu_bec_12,1155,Québec,,,33.463,,,,,,,,UNASSIGNED_REGION
province:162,norway__nord_tr_ndelag_3,162,Nord-Trøndelag,,,33.405,,,,,,,,UNASSIGNED_REGION
province:2641,russia__nenets_2,2641,Nenets,,,33.191,,,,,,,,UNASSIGNED_REGION
province:1086,canada__british_columbia_9,1086,British Columbia,,,32.929,,,,,,,,UNASSIGNED_REGION
province:749,ukraine__odessa,749,Odessa,,,32.325,,,,,,,,UNASSIGNED_REGION
province:2401,canada__nunavut_7,2401,Nunavut,,,32.292,,,,,,,,UNASSIGNED_REGION
province:1123,canada__british_columbia_46,1123,British Columbia,,,31.779,,,,,,,,UNASSIGNED_REGION
province:2999,cuba__matanzas_2,2999,Matanzas,,,31.608,,,,,,,,UNASSIGNED_REGION
province:2688,finland__finland_proper_9,2688,Finland Proper,,,31.551,,,,,,,,UNASSIGNED_REGION
province:3260,bahrain__al_mu_arraq_2,3260,Al Muḩarraq,,,31.477,,,,,,,,UNASSIGNED_REGION
province:2271,united_states_of_america__new_jersey_2,2271,New Jersey,,,31.39,,,,,,,,UNASSIGNED_REGION
province:2349,japan__kumamoto_3,2349,Kumamoto,,,31.341,,,,,,,,UNASSIGNED_REGION
province:2706,sweden__stockholm_7,2706,Stockholm,,,31.197,,,,,,,,UNASSIGNED_REGION
province:2006,philippines__palawan_2,2006,Palawan,,,31.167,,,,,,,,UNASSIGNED_REGION
province:1839,australia__queensland_2,1839,Queensland,,,30.86,,,,,,,,UNASSIGNED_REGION
province:711,germany__mecklenburg_vorpommern_2,711,Mecklenburg-Vorpommern,,,30.836,,,,,,,,UNASSIGNED_REGION
province:1115,canada__british_columbia_38,1115,British Columbia,,,30.799,,,,,,,,UNASSIGNED_REGION
province:150,norway__nordland_8,150,Nordland,,,30.521,,,,,,,,UNASSIGNED_REGION
province:2736,norway__m_re_og_romsdal_10,2736,Møre og Romsdal,,,30.263,,,,,,,,UNASSIGNED_REGION
province:2161,philippines__camarines_sur_2,2161,Camarines Sur,,,30.104,,,,,,,,UNASSIGNED_REGION
province:1110,canada__british_columbia_33,1110,British Columbia,,,30.096,,,,,,,,UNASSIGNED_REGION
province:1151,canada__qu_bec_8,1151,Québec,,,30.036,,,,,,,,UNASSIGNED_REGION
province:1671,united_states_of_america__alaska_45,1671,Alaska,,,29.907,,,,,,,,UNASSIGNED_REGION
province:2285,united_states_of_america__massachusetts_2,2285,Massachusetts,,,29.845,,,,,,,,UNASSIGNED_REGION
province:2937,greenland__kommune_kujalleq_9,2937,Kommune Kujalleq,,,29.842,,,,,,,,UNASSIGNED_REGION
province:2899,greenland__kommuneqarfik_sermersooq_19,2899,Kommuneqarfik Sermersooq,,,29.731,,,,,,,,UNASSIGNED_REGION
province:3237,maldives__mal,3237,Malé,,,29.58,,,,,,,,UNASSIGNED_REGION
province:2413,canada__nunavut_19,2413,Nunavut,,,29.457,,,,,,,,UNASSIGNED_REGION
province:2493,japan__hokkaid_2,2493,Hokkaidō,,,29.356,,,,,,,,UNASSIGNED_REGION
province:1091,canada__british_columbia_14,1091,British Columbia,,,29.333,,,,,,,,UNASSIGNED_REGION
province:3164,philippines__tawi_tawi,3164,Tawi-Tawi,,,29.257,,,,,,,,UNASSIGNED_REGION
province:2887,greenland__kommuneqarfik_sermersooq_7,2887,Kommuneqarfik Sermersooq,,,28.931,,,,,,,,UNASSIGNED_REGION
province:1703,china__guangdong,1703,Guangdong,,,28.871,,,,,,,,UNASSIGNED_REGION
province:1221,panama__chiriqu,1221,Chiriquí,,,28.795,,,,,,,,UNASSIGNED_REGION
province:491,cambodia__ka_h_kong_4,491,Kaôh Kong,,,28.308,,,,,,,,UNASSIGNED_REGION
province:2262,united_states_of_america__north_carolina_5,2262,North Carolina,,,28.089,,,,,,,,UNASSIGNED_REGION
province:1356,argentina__tierra_del_fuego,1356,Tierra del Fuego,,,27.7,,,,,,,,UNASSIGNED_REGION
province:1148,canada__qu_bec_5,1148,Québec,,,27.644,,,,,,,,UNASSIGNED_REGION
province:1636,united_states_of_america__alaska_10,1636,Alaska,,,27.615,,,,,,,,UNASSIGNED_REGION
province:3099,faroe_islands__eysturoyar_4,3099,Eysturoyar,,,27.293,,,,,,,,UNASSIGNED_REGION
province:2345,japan__nagasaki_8,2345,Nagasaki,,,27.147,,,,,,,,UNASSIGNED_REGION
province:3205,vanuatu__shefa_2,3205,Shefa,,,27.137,,,,,,,,UNASSIGNED_REGION
province:2260,united_states_of_america__north_carolina_3,2260,North Carolina,,,27.015,,,,,,,,UNASSIGNED_REGION
province:2488,canada__nova_scotia,2488,Nova Scotia,,,26.953,,,,,,,,UNASSIGNED_REGION
province:2890,greenland__kommuneqarfik_sermersooq_10,2890,Kommuneqarfik Sermersooq,,,26.887,,,,,,,,UNASSIGNED_REGION
province:2530,vietnam__b_n_tre,2530,Bến Tre,,,26.704,,,,,,,,UNASSIGNED_REGION
province:2702,sweden__stockholm_3,2702,Stockholm,,,26.696,,,,,,,,UNASSIGNED_REGION
province:3196,new_caledonia__sud,3196,Sud,,,26.575,,,,,,,,UNASSIGNED_REGION
province:1941,indonesia__kepulauan_riau_4,1941,Kepulauan Riau,,,26.211,,,,,,,,UNASSIGNED_REGION
province:488,cambodia__ka_h_kong,488,Kaôh Kong,,,26.152,,,,,,,,UNASSIGNED_REGION
province:2874,netherlands__friesland_2,2874,Friesland,,,25.751,,,,,,,,UNASSIGNED_REGION
province:1668,united_states_of_america__alaska_42,1668,Alaska,,,25.665,,,,,,,,UNASSIGNED_REGION
province:1152,canada__qu_bec_9,1152,Québec,,,25.585,,,,,,,,UNASSIGNED_REGION
province:156,norway__nordland_14,156,Nordland,,,25.311,,,,,,,,UNASSIGNED_REGION
province:1677,united_states_of_america__alaska_51,1677,Alaska,,,25.212,,,,,,,,UNASSIGNED_REGION
province:396,germany__niedersachsen_2,396,Niedersachsen,,,25.196,,,,,,,,UNASSIGNED_REGION
province:3435,azerbaijan__ab_eron_2,3435,Abşeron,,,25.182,,,,,,,,UNASSIGNED_REGION
province:2344,japan__nagasaki_7,2344,Nagasaki,,,25.119,,,,,,,,UNASSIGNED_REGION
province:2316,china__zhejiang_3,2316,Zhejiang,,,24.962,,,,,,,,UNASSIGNED_REGION
province:1938,indonesia__kepulauan_riau,1938,Kepulauan Riau,,,24.931,,,,,,,,UNASSIGNED_REGION
province:1209,costa_rica__guanacaste,1209,Guanacaste,,,24.922,,,,,,,,UNASSIGNED_REGION
province:1111,canada__british_columbia_34,1111,British Columbia,,,24.867,,,,,,,,UNASSIGNED_REGION
province:3094,united_kingdom__shetland_islands,3094,Shetland Islands,,,24.737,,,,,,,,UNASSIGNED_REGION
province:1237,venezuela__delta_amacuro_8,1237,Delta Amacuro,,,24.624,,,,,,,,UNASSIGNED_REGION
province:2885,greenland__kommuneqarfik_sermersooq_5,2885,Kommuneqarfik Sermersooq,,,24.556,,,,,,,,UNASSIGNED_REGION
province:3136,solomon_islands__central_3,3136,Central,,,24.333,,,,,,,,UNASSIGNED_REGION
province:1060,bangladesh__dhaka,1060,Dhaka,,,24.331,,,,,,,,UNASSIGNED_REGION
province:2234,united_states_of_america__louisiana_3,2234,Louisiana,,,24.109,,,,,,,,UNASSIGNED_REGION
province:1940,indonesia__kepulauan_riau_3,1940,Kepulauan Riau,,,23.64,,,,,,,,UNASSIGNED_REGION
province:1429,egypt__shamal_sina_2,1429,Shamal Sina',,,23.45,,,,,,,,UNASSIGNED_REGION
province:1709,china__guangdong_7,1709,Guangdong,,,23.401,,,,,,,,UNASSIGNED_REGION
province:690,croatia__splitsko_dalmatinska_2,690,Splitsko-Dalmatinska,,,23.341,,,,,,,,UNASSIGNED_REGION
province:2250,united_states_of_america__florida_12,2250,Florida,,,23.279,,,,,,,,UNASSIGNED_REGION
province:1805,new_caledonia__nord_2,1805,Nord,,,23.034,,,,,,,,UNASSIGNED_REGION
province:2646,canada__northwest_territories_2,2646,Northwest Territories,,,22.924,,,,,,,,UNASSIGNED_REGION
province:2297,mexico__veracruz_2,2297,Veracruz,,,22.747,,,,,,,,UNASSIGNED_REGION
province:2477,canada__newfoundland_and_labrador_10,2477,Newfoundland and Labrador,,,22.698,,,,,,,,UNASSIGNED_REGION
province:1119,canada__british_columbia_42,1119,British Columbia,,,22.579,,,,,,,,UNASSIGNED_REGION
province:2912,greenland__nationalparken_10,2912,Nationalparken,,,22.552,,,,,,,,UNASSIGNED_REGION
province:2130,mauritania__inchiri,2130,Inchiri,,,22.411,,,,,,,,UNASSIGNED_REGION
province:1174,mexico__sonora_2,1174,Sonora,,,22.199,,,,,,,,UNASSIGNED_REGION
province:1430,egypt__shamal_sina_3,1430,Shamal Sina',,,22.135,,,,,,,,UNASSIGNED_REGION
province:2282,united_states_of_america__rhode_island_3,2282,Rhode Island,,,22.119,,,,,,,,UNASSIGNED_REGION
province:1072,united_states_of_america__washington_2,1072,Washington,,,22.102,,,,,,,,UNASSIGNED_REGION
province:2391,japan__hiroshima_3,2391,Hiroshima,,,21.841,,,,,,,,UNASSIGNED_REGION
province:2417,canada__nunavut_23,2417,Nunavut,,,21.809,,,,,,,,UNASSIGNED_REGION
province:141,sweden__norrbotten,141,Norrbotten,,,21.583,,,,,,,,UNASSIGNED_REGION
province:166,norway__s_r_tr_ndelag_3,166,Sør-Trøndelag,,,21.554,,,,,,,,UNASSIGNED_REGION
province:2648,canada__northwest_territories_4,2648,Northwest Territories,,,21.327,,,,,,,,UNASSIGNED_REGION
province:1162,united_states_of_america__maine_2,1162,Maine,,,21.136,,,,,,,,UNASSIGNED_REGION
province:2497,bangladesh__barisal_2,2497,Barisal,,,21.027,,,,,,,,UNASSIGNED_REGION
province:2280,united_states_of_america__rhode_island,2280,Rhode Island,,,20.89,,,,,,,,UNASSIGNED_REGION
province:1189,united_states_of_america__texas_5,1189,Texas,,,20.439,,,,,,,,UNASSIGNED_REGION
province:2258,united_states_of_america__north_carolina,2258,North Carolina,,,20.424,,,,,,,,UNASSIGNED_REGION
province:2051,vietnam__b_r_a_v_ng_t_u_2,2051,Bà Rịa - Vũng Tàu,,,20.404,,,,,,,,UNASSIGNED_REGION
province:1126,canada__british_columbia_49,1126,British Columbia,,,20.299,,,,,,,,UNASSIGNED_REGION
province:2071,colombia__bol_var_2,2071,Bolívar,,,19.865,,,,,,,,UNASSIGNED_REGION
province:1628,united_states_of_america__alaska_2,1628,Alaska,,,19.857,,,,,,,,UNASSIGNED_REGION
province:3035,spain__las_palmas_4,3035,Las Palmas,,,19.822,,,,,,,,UNASSIGNED_REGION
province:3226,palau__ngardmau_2,3226,Ngardmau,,,19.686,,,,,,,,UNASSIGNED_REGION
province:2418,canada__nunavut_24,2418,Nunavut,,,19.551,,,,,,,,UNASSIGNED_REGION
province:1629,united_states_of_america__alaska_3,1629,Alaska,,,18.986,,,,,,,,UNASSIGNED_REGION
province:2580,ireland__galway,2580,Galway,,,18.974,,,,,,,,UNASSIGNED_REGION
province:8,malaysia__sabah_4,8,Sabah,,,18.925,,,,,,,,UNASSIGNED_REGION
province:1651,united_states_of_america__alaska_25,1651,Alaska,,,18.746,,,,,,,,UNASSIGNED_REGION
province:2576,ireland__kerry,2576,Kerry,,,18.713,,,,,,,,UNASSIGNED_REGION
province:2778,greece__peloponnisos_3,2778,Peloponnisos,,,18.606,,,,,,,,UNASSIGNED_REGION
province:2703,sweden__stockholm_4,2703,Stockholm,,,18.323,,,,,,,,UNASSIGNED_REGION
province:2729,norway__m_re_og_romsdal_3,2729,Møre og Romsdal,,,18.15,,,,,,,,UNASSIGNED_REGION
province:425,finland__kymenlaakso,425,Kymenlaakso,,,18.003,,,,,,,,UNASSIGNED_REGION
province:1815,australia__northern_territory_5,1815,Northern Territory,,,17.969,,,,,,,,UNASSIGNED_REGION
province:2476,canada__newfoundland_and_labrador_9,2476,Newfoundland and Labrador,,,17.842,,,,,,,,UNASSIGNED_REGION
province:2085,venezuela__monagas_2,2085,Monagas,,,17.443,,,,,,,,UNASSIGNED_REGION
province:2494,japan__hokkaid_3,2494,Hokkaidō,,,17.249,,,,,,,,UNASSIGNED_REGION
province:2780,greece__dytiki_ellada_2,2780,Dytiki Ellada,,,17.191,,,,,,,,UNASSIGNED_REGION
province:1165,united_states_of_america__maine_5,1165,Maine,,,17.048,,,,,,,,UNASSIGNED_REGION
province:1840,australia__queensland_3,1840,Queensland,,,17.012,,,,,,,,UNASSIGNED_REGION
province:2318,china__zhejiang_5,2318,Zhejiang,,,16.855,,,,,,,,UNASSIGNED_REGION
province:2394,united_states_of_america__oregon_2,2394,Oregon,,,16.791,,,,,,,,UNASSIGNED_REGION
province:3067,italy__olbia_tempio_3,3067,Olbia-Tempio,,,16.516,,,,,,,,UNASSIGNED_REGION
province:2681,finland__finland_proper_2,2681,Finland Proper,,,16.326,,,,,,,,UNASSIGNED_REGION
province:2395,canada__nunavut,2395,Nunavut,,,16.184,,,,,,,,UNASSIGNED_REGION
province:3089,united_kingdom__eilean_siar_4,3089,Eilean Siar,,,15.934,,,,,,,,UNASSIGNED_REGION
province:3066,italy__olbia_tempio_2,3066,Olbia-Tempio,,,15.787,,,,,,,,UNASSIGNED_REGION
province:1813,australia__northern_territory_3,1813,Northern Territory,,,15.335,,,,,,,,UNASSIGNED_REGION
province:2482,canada__newfoundland_and_labrador_15,2482,Newfoundland and Labrador,,,15.304,,,,,,,,UNASSIGNED_REGION
province:2390,japan__hiroshima_2,2390,Hiroshima,,,15.29,,,,,,,,UNASSIGNED_REGION
province:1164,united_states_of_america__maine_4,1164,Maine,,,15.039,,,,,,,,UNASSIGNED_REGION
province:2929,greenland__kommune_kujalleq,2929,Kommune Kujalleq,,,14.933,,,,,,,,UNASSIGNED_REGION
province:2261,united_states_of_america__north_carolina_4,2261,North Carolina,,,14.923,,,,,,,,UNASSIGNED_REGION
province:1631,united_states_of_america__alaska_5,1631,Alaska,,,14.921,,,,,,,,UNASSIGNED_REGION
province:2086,venezuela__monagas_3,2086,Monagas,,,14.908,,,,,,,,UNASSIGNED_REGION
province:1697,united_states_of_america__alaska_71,1697,Alaska,,,14.522,,,,,,,,UNASSIGNED_REGION
province:1094,canada__british_columbia_17,1094,British Columbia,,,14.334,,,,,,,,UNASSIGNED_REGION
province:1633,united_states_of_america__alaska_7,1633,Alaska,,,14.095,,,,,,,,UNASSIGNED_REGION
province:2604,united_kingdom__hampshire,2604,Hampshire,,,13.414,,,,,,,,UNASSIGNED_REGION
province:2235,united_states_of_america__louisiana_4,2235,Louisiana,,,13.276,,,,,,,,UNASSIGNED_REGION
province:1762,united_kingdom__northumberland,1762,Northumberland,,,13.235,,,,,,,,UNASSIGNED_REGION
province:2574,ireland__cork,2574,Cork,,,12.88,,,,,,,,UNASSIGNED_REGION
province:2693,finland__ostrobothnia_3,2693,Ostrobothnia,,,12.806,,,,,,,,UNASSIGNED_REGION
province:2948,greenland__kommune_kujalleq_20,2948,Kommune Kujalleq,,,12.765,,,,,,,,UNASSIGNED_REGION
province:1161,united_states_of_america__maine,1161,Maine,,,12.5,,,,,,,,UNASSIGNED_REGION
province:2251,united_states_of_america__florida_13,2251,Florida,,,12.456,,,,,,,,UNASSIGNED_REGION
province:1167,united_states_of_america__maine_7,1167,Maine,,,12.328,,,,,,,,UNASSIGNED_REGION
province:1462,egypt__al_bahr_al_ahmar_2,1462,Al Bahr al Ahmar,,,12.281,,,,,,,,UNASSIGNED_REGION
province:2834,spain__murcia,2834,Murcia,region:iberia:murcia,macroregion:iberia,12.185,P3,2200,1,,,,1,OK
province:3208,fiji__northern_2,3208,Northern,,,11.823,,,,,,,,UNASSIGNED_REGION
province:1764,united_kingdom__northumberland_3,1764,Northumberland,,,11.737,,,,,,,,UNASSIGNED_REGION
province:2941,greenland__kommune_kujalleq_13,2941,Kommune Kujalleq,,,11.653,,,,,,,,UNASSIGNED_REGION
province:398,germany__niedersachsen_4,398,Niedersachsen,,,11.166,,,,,,,,UNASSIGNED_REGION
province:2240,united_states_of_america__florida_2,2240,Florida,,,11.107,,,,,,,,UNASSIGNED_REGION
province:2684,finland__finland_proper_5,2684,Finland Proper,,,11.068,,,,,,,,UNASSIGNED_REGION
province:2467,canada__nunavut_73,2467,Nunavut,,,10.837,,,,,,,,UNASSIGNED_REGION
province:2680,finland__finland_proper,2680,Finland Proper,,,10.811,,,,,,,,UNASSIGNED_REGION
province:2220,taiwan__yunlin,2220,Yunlin,,,10.763,,,,,,,,UNASSIGNED_REGION
province:2683,finland__finland_proper_4,2683,Finland Proper,,,10.554,,,,,,,,UNASSIGNED_REGION
province:2284,united_states_of_america__massachusetts,2284,Massachusetts,,,10.361,,,,,,,,UNASSIGNED_REGION
province:2165,philippines__albay_4,2165,Albay,,,10.202,,,,,,,,UNASSIGNED_REGION
province:1770,united_kingdom__northumberland_9,1770,Northumberland,,,10.14,,,,,,,,UNASSIGNED_REGION
province:2689,finland__satakunta,2689,Satakunta,,,9.444,,,,,,,,UNASSIGNED_REGION
province:3006,the_bahamas__north_abaco_2,3006,North Abaco,,,9.286,,,,,,,,UNASSIGNED_REGION
province:1637,united_states_of_america__alaska_11,1637,Alaska,,,9.139,,,,,,,,UNASSIGNED_REGION
province:2776,greece__peloponnisos,2776,Peloponnisos,,,8.909,,,,,,,,UNASSIGNED_REGION
province:2241,united_states_of_america__florida_3,2241,Florida,,,8.833,,,,,,,,UNASSIGNED_REGION
province:1771,united_kingdom__northumberland_10,1771,Northumberland,,,8.737,,,,,,,,UNASSIGNED_REGION
province:2935,greenland__kommune_kujalleq_7,2935,Kommune Kujalleq,,,8.704,,,,,,,,UNASSIGNED_REGION
province:2730,norway__m_re_og_romsdal_4,2730,Møre og Romsdal,,,8.619,,,,,,,,UNASSIGNED_REGION
province:1193,mexico__tamaulipas,1193,Tamaulipas,,,8.532,,,,,,,,UNASSIGNED_REGION
province:1755,portugal__faro,1755,Faro,region:iberia:algarve,macroregion:iberia,8.397,P3,1700,1,,,,1,OK
province:2259,united_states_of_america__north_carolina_2,2259,North Carolina,,,8.37,,,,,,,,UNASSIGNED_REGION
province:2621,united_kingdom__argyll_and_bute_4,2621,Argyll and Bute,,,8.356,,,,,,,,UNASSIGNED_REGION
province:713,germany__mecklenburg_vorpommern_4,713,Mecklenburg-Vorpommern,,,8.33,,,,,,,,UNASSIGNED_REGION
province:1634,united_states_of_america__alaska_8,1634,Alaska,,,8.274,,,,,,,,UNASSIGNED_REGION
province:1149,canada__qu_bec_6,1149,Québec,,,7.882,,,,,,,,UNASSIGNED_REGION
province:2248,united_states_of_america__florida_10,2248,Florida,,,7.864,,,,,,,,UNASSIGNED_REGION
province:2656,canada__northwest_territories_12,2656,Northwest Territories,,,7.853,,,,,,,,UNASSIGNED_REGION
province:397,germany__niedersachsen_3,397,Niedersachsen,,,7.452,,,,,,,,UNASSIGNED_REGION
province:2650,canada__northwest_territories_6,2650,Northwest Territories,,,7.302,,,,,,,,UNASSIGNED_REGION
province:2685,finland__finland_proper_6,2685,Finland Proper,,,7.165,,,,,,,,UNASSIGNED_REGION
province:3217,vanuatu__sanma_4,3217,Sanma,,,7.132,,,,,,,,UNASSIGNED_REGION
province:2131,mauritania__inchiri_2,2131,Inchiri,,,7.01,,,,,,,,UNASSIGNED_REGION
province:2239,united_states_of_america__florida,2239,Florida,,,6.974,,,,,,,,UNASSIGNED_REGION
province:2330,egypt__ad_daqahliyah_2,2330,Ad Daqahliyah,,,6.958,,,,,,,,UNASSIGNED_REGION
province:2936,greenland__kommune_kujalleq_8,2936,Kommune Kujalleq,,,6.552,,,,,,,,UNASSIGNED_REGION
province:1166,united_states_of_america__maine_6,1166,Maine,,,6.531,,,,,,,,UNASSIGNED_REGION
province:2256,united_states_of_america__south_carolina,2256,South Carolina,,,6.472,,,,,,,,UNASSIGNED_REGION
province:2789,italy__venezia_2,2789,Venezia,,,6.466,,,,,,,,UNASSIGNED_REGION
province:1767,united_kingdom__northumberland_6,1767,Northumberland,,,6.433,,,,,,,,UNASSIGNED_REGION
province:1181,united_states_of_america__california,1181,California,,,6.396,,,,,,,,UNASSIGNED_REGION
province:2678,finland__uusimaa,2678,Uusimaa,,,6.293,,,,,,,,UNASSIGNED_REGION
province:2500,bangladesh__barisal_5,2500,Barisal,,,6.24,,,,,,,,UNASSIGNED_REGION
province:1071,united_states_of_america__washington,1071,Washington,,,6.234,,,,,,,,UNASSIGNED_REGION
province:2288,nicaragua__atl_ntico_sur,2288,Atlántico Sur,,,5.923,,,,,,,,UNASSIGNED_REGION
province:91,united_arab_emirates__sharjah_2,91,Sharjah,,,5.884,,,,,,,,UNASSIGNED_REGION
province:3209,fiji__northern_3,3209,Northern,,,5.816,,,,,,,,UNASSIGNED_REGION
province:2841,portugal__lisboa,2841,Lisboa,region:iberia:estremadura_ribatejo,macroregion:iberia,5.71,P2,1500,1,,,,1,OK
province:1173,mexico__sonora,1173,Sonora,,,5.425,,,,,,,,UNASSIGNED_REGION
province:1630,united_states_of_america__alaska_4,1630,Alaska,,,5.323,,,,,,,,UNASSIGNED_REGION
province:2788,italy__venezia,2788,Venezia,,,5.32,,,,,,,,UNASSIGNED_REGION
province:2934,greenland__kommune_kujalleq_6,2934,Kommune Kujalleq,,,5.011,,,,,,,,UNASSIGNED_REGION
province:2381,japan__aichi,2381,Aichi,,,4.944,,,,,,,,UNASSIGNED_REGION
province:2054,vietnam__h_ch_minh_city_2,2054,Hồ Chí Minh city,,,4.863,,,,,,,,UNASSIGNED_REGION
province:2249,united_states_of_america__florida_11,2249,Florida,,,4.801,,,,,,,,UNASSIGNED_REGION
province:2243,united_states_of_america__florida_5,2243,Florida,,,4.603,,,,,,,,UNASSIGNED_REGION
province:3077,guernsey__sark_2,3077,Sark,,,4.467,,,,,,,,UNASSIGNED_REGION
province:2459,canada__nunavut_65,2459,Nunavut,,,4.29,,,,,,,,UNASSIGNED_REGION
province:1635,united_states_of_america__alaska_9,1635,Alaska,,,4.096,,,,,,,,UNASSIGNED_REGION
province:3211,fiji__northern_5,3211,Northern,,,3.931,,,,,,,,UNASSIGNED_REGION
province:1632,united_states_of_america__alaska_6,1632,Alaska,,,3.91,,,,,,,,UNASSIGNED_REGION
province:3238,maldives__haa_dhaalu,3238,Haa Dhaalu,,,3.733,,,,,,,,UNASSIGNED_REGION
province:2385,japan__mie_3,2385,Mie,,,3.625,,,,,,,,UNASSIGNED_REGION
province:2384,japan__mie_2,2384,Mie,,,3.498,,,,,,,,UNASSIGNED_REGION
province:2415,canada__nunavut_21,2415,Nunavut,,,3.307,,,,,,,,UNASSIGNED_REGION
province:3163,maldives__addu,3163,Addu,,,2.975,,,,,,,,UNASSIGNED_REGION
